This is pdfTeX, Version 3.141592653-2.6-1.40.25 (TeX Live 2023/Debian) (preloaded format=pdflatex 2025.12.10)  3 MAR 2026 22:12
entering extended mode
 restricted \write18 enabled.
 %&-line parsing enabled.
**commutator_contrib.tex
(./commutator_contrib.tex
LaTeX2e <2023-11-01> patch level 1
L3 programming layer <2024-01-22>
(/usr/share/texlive/texmf-dist/tex/latex/base/article.cls
Document Class: article 2023/05/17 v1.4n Standard LaTeX document class
(/usr/share/texlive/texmf-dist/tex/latex/base/size10.clo
File: size10.clo 2023/05/17 v1.4n Standard LaTeX file (size option)
)
\c@part=\count187
\c@section=\count188
\c@subsection=\count189
\c@subsubsection=\count190
\c@paragraph=\count191
\c@subparagraph=\count192
\c@figure=\count193
\c@table=\count194
\abovecaptionskip=\skip48
\belowcaptionskip=\skip49
\bibindent=\dimen140
)
(/usr/share/texlive/texmf-dist/tex/latex/amsmath/amsmath.sty
Package: amsmath 2023/05/13 v2.17o AMS math features
\@mathmargin=\skip50

For additional information on amsmath, use the `?' option.
(/usr/share/texlive/texmf-dist/tex/latex/amsmath/amstext.sty
Package: amstext 2021/08/26 v2.01 AMS text

(/usr/share/texlive/texmf-dist/tex/latex/amsmath/amsgen.sty
File: amsgen.sty 1999/11/30 v2.0 generic functions
\@emptytoks=\toks17
\ex@=\dimen141
))
(/usr/share/texlive/texmf-dist/tex/latex/amsmath/amsbsy.sty
Package: amsbsy 1999/11/29 v1.2d Bold Symbols
\pmbraise@=\dimen142
)
(/usr/share/texlive/texmf-dist/tex/latex/amsmath/amsopn.sty
Package: amsopn 2022/04/08 v2.04 operator names
)
\inf@bad=\count195
LaTeX Info: Redefining \frac on input line 234.
\uproot@=\count196
\leftroot@=\count197
LaTeX Info: Redefining \overline on input line 399.
LaTeX Info: Redefining \colon on input line 410.
\classnum@=\count198
\DOTSCASE@=\count199
LaTeX Info: Redefining \ldots on input line 496.
LaTeX Info: Redefining \dots on input line 499.
LaTeX Info: Redefining \cdots on input line 620.
\Mathstrutbox@=\box51
\strutbox@=\box52
LaTeX Info: Redefining \big on input line 722.
LaTeX Info: Redefining \Big on input line 723.
LaTeX Info: Redefining \bigg on input line 724.
LaTeX Info: Redefining \Bigg on input line 725.
\big@size=\dimen143
LaTeX Font Info:    Redeclaring font encoding OML on input line 743.
LaTeX Font Info:    Redeclaring font encoding OMS on input line 744.
\macc@depth=\count266
LaTeX Info: Redefining \bmod on input line 905.
LaTeX Info: Redefining \pmod on input line 910.
LaTeX Info: Redefining \smash on input line 940.
LaTeX Info: Redefining \relbar on input line 970.
LaTeX Info: Redefining \Relbar on input line 971.
\c@MaxMatrixCols=\count267
\dotsspace@=\muskip16
\c@parentequation=\count268
\dspbrk@lvl=\count269
\tag@help=\toks18
\row@=\count270
\column@=\count271
\maxfields@=\count272
\andhelp@=\toks19
\eqnshift@=\dimen144
\alignsep@=\dimen145
\tagshift@=\dimen146
\tagwidth@=\dimen147
\totwidth@=\dimen148
\lineht@=\dimen149
\@envbody=\toks20
\multlinegap=\skip51
\multlinetaggap=\skip52
\mathdisplay@stack=\toks21
LaTeX Info: Redefining \[ on input line 2953.
LaTeX Info: Redefining \] on input line 2954.
)
(/usr/share/texlive/texmf-dist/tex/latex/geometry/geometry.sty
Package: geometry 2020/01/02 v5.9 Page Geometry

(/usr/share/texlive/texmf-dist/tex/latex/graphics/keyval.sty
Package: keyval 2022/05/29 v1.15 key=value parser (DPC)
\KV@toks@=\toks22
)
(/usr/share/texlive/texmf-dist/tex/generic/iftex/ifvtex.sty
Package: ifvtex 2019/10/25 v1.7 ifvtex legacy package. Use iftex instead.

(/usr/share/texlive/texmf-dist/tex/generic/iftex/iftex.sty
Package: iftex 2022/02/03 v1.0f TeX engine tests
))
\Gm@cnth=\count273
\Gm@cntv=\count274
\c@Gm@tempcnt=\count275
\Gm@bindingoffset=\dimen150
\Gm@wd@mp=\dimen151
\Gm@odd@mp=\dimen152
\Gm@even@mp=\dimen153
\Gm@layoutwidth=\dimen154
\Gm@layoutheight=\dimen155
\Gm@layouthoffset=\dimen156
\Gm@layoutvoffset=\dimen157
\Gm@dimlist=\toks23
)
(/usr/share/texlive/texmf-dist/tex/latex/l3backend/l3backend-pdftex.def
File: l3backend-pdftex.def 2024-01-04 L3 backend support: PDF output (pdfTeX)
\l__color_backend_stack_int=\count276
\l__pdf_internal_box=\box53
)
(./commutator_contrib.aux)
\openout1 = `commutator_contrib.aux'.

LaTeX Font Info:    Checking defaults for OML/cmm/m/it on input line 4.
LaTeX Font Info:    ... okay on input line 4.
LaTeX Font Info:    Checking defaults for OMS/cmsy/m/n on input line 4.
LaTeX Font Info:    ... okay on input line 4.
LaTeX Font Info:    Checking defaults for OT1/cmr/m/n on input line 4.
LaTeX Font Info:    ... okay on input line 4.
LaTeX Font Info:    Checking defaults for T1/cmr/m/n on input line 4.
LaTeX Font Info:    ... okay on input line 4.
LaTeX Font Info:    Checking defaults for TS1/cmr/m/n on input line 4.
LaTeX Font Info:    ... okay on input line 4.
LaTeX Font Info:    Checking defaults for OMX/cmex/m/n on input line 4.
LaTeX Font Info:    ... okay on input line 4.
LaTeX Font Info:    Checking defaults for U/cmr/m/n on input line 4.
LaTeX Font Info:    ... okay on input line 4.

*geometry* driver: auto-detecting
*geometry* detected driver: pdftex
*geometry* verbose mode - [ preamble ] result:
* driver: pdftex
* paper: <default>
* layout: <same size as paper>
* layoutoffset:(h,v)=(0.0pt,0.0pt)
* modes: 
* h-part:(L,W,R)=(62.59596pt, 489.10307pt, 62.59596pt)
* v-part:(T,H,B)=(62.59596pt, 669.77806pt, 62.59596pt)
* \paperwidth=614.295pt
* \paperheight=794.96999pt
* \textwidth=489.10307pt
* \textheight=669.77806pt
* \oddsidemargin=-9.67403pt
* \evensidemargin=-9.67403pt
* \topmargin=-46.67403pt
* \headheight=12.0pt
* \headsep=25.0pt
* \topskip=10.0pt
* \footskip=30.0pt
* \marginparwidth=65.0pt
* \marginparsep=11.0pt
* \columnsep=10.0pt
* \skip\footins=9.0pt plus 4.0pt minus 2.0pt
* \hoffset=0.0pt
* \voffset=0.0pt
* \mag=1000
* \@twocolumnfalse
* \@twosidefalse
* \@mparswitchfalse
* \@reversemarginfalse
* (1in=72.27pt=25.4mm, 1cm=28.453pt)


Overfull \hbox (2.25655pt too wide) detected at line 85
\OMS/cmsy/m/n/10 T[] \OT1/cmr/m/n/10 = 16\OML/cmm/m/it/10 ig[] N[] G[] []  G[] 
[]  G[] []  G[] []  G[] []  G[] []  G[] []  G[] []
 []


Overfull \hbox (2.25655pt too wide) detected at line 97
\OMS/cmsy/m/n/10 T[] \OT1/cmr/m/n/10 = 32\OML/cmm/m/it/10 ig[] N[] G[] []  G[] 
[]  G[] []  G[] []  G[] []  G[] []  G[] []  G[] []
 []


Overfull \hbox (2.25655pt too wide) detected at line 109
\OMS/cmsy/m/n/10 T[] \OT1/cmr/m/n/10 = 32\OML/cmm/m/it/10 ig[] N[] G[] []  G[] 
[]  G[] []  G[] []  G[] []  G[] []  G[] []  G[] []
 []

[1

{/var/lib/texmf/fonts/map/pdftex/updmap/pdftex.map}]
Overfull \hbox (2.25655pt too wide) detected at line 121
\OMS/cmsy/m/n/10 T[] \OT1/cmr/m/n/10 = 16\OML/cmm/m/it/10 ig[] N[] G[] []  G[] 
[]  G[] []  G[] []  G[] []  G[] []  G[] []  G[] []
 []


Overfull \hbox (2.3723pt too wide) detected at line 124
\OMS/cmsy/m/n/10 T[] \OT1/cmr/m/n/10 = 16\OML/cmm/m/it/10 ig[] N[] G[] []  G[] 
[]  G[] []  G[] []  G[] []  G[] []  G[] []  G[] []
 []


Overfull \hbox (2.25655pt too wide) detected at line 127
\OMS/cmsy/m/n/10 T[] \OT1/cmr/m/n/10 = 16\OML/cmm/m/it/10 ig[] N[] G[] []  G[] 
[]  G[] []  G[] []  G[] []  G[] []  G[] []  G[] []
 []


Overfull \hbox (2.3723pt too wide) detected at line 130
\OMS/cmsy/m/n/10 T[] \OT1/cmr/m/n/10 = 16\OML/cmm/m/it/10 ig[] N[] G[] []  G[] 
[]  G[] []  G[] []  G[] []  G[] []  G[] []  G[] []
 []


Overfull \hbox (1.66927pt too wide) detected at line 133
\OMS/cmsy/m/n/10 T[] \OT1/cmr/m/n/10 = 64\OML/cmm/m/it/10 ig[] N[] G[] []  G[] 
[]  G[] []  G[] []  G[] []  G[] []  G[] []  G[] []
 []

[2]
Overfull \hbox (2.3723pt too wide) detected at line 253
\OMS/cmsy/m/n/10 T[] \OT1/cmr/m/n/10 = 32\OML/cmm/m/it/10 ig[] N[] G[] []  G[] 
[]  G[] []  G[] []  G[] []  G[] []  G[] []  G[] []
 []


Overfull \hbox (6.24268pt too wide) detected at line 313
\OMS/cmsy/m/n/10 T[] \OT1/cmr/m/n/10 = 32\OML/cmm/m/it/10 ig[] N[] G[] []  G[] 
[]  G[] []  G[] []  G[] []  G[] []  G[] []  G[] []
 []


Overfull \hbox (1.9457pt too wide) detected at line 316
\OMS/cmsy/m/n/10 T[] \OT1/cmr/m/n/10 = 8\OML/cmm/m/it/10 ig[] N[] G[] []  G[] [
]  G[] []  G[] []  G[] []  G[] []  G[] []  G[] []
 []


Overfull \hbox (6.24268pt too wide) detected at line 319
\OMS/cmsy/m/n/10 T[] \OT1/cmr/m/n/10 = 32\OML/cmm/m/it/10 ig[] N[] G[] []  G[] 
[]  G[] []  G[] []  G[] []  G[] []  G[] []  G[] []
 []


Overfull \hbox (6.35843pt too wide) detected at line 322
\OMS/cmsy/m/n/10 T[] \OT1/cmr/m/n/10 = 32\OML/cmm/m/it/10 ig[] N[] G[] []  G[] 
[]  G[] []  G[] []  G[] []  G[] []  G[] []  G[] []
 []


Overfull \hbox (6.24268pt too wide) detected at line 325
\OMS/cmsy/m/n/10 T[] \OT1/cmr/m/n/10 = 32\OML/cmm/m/it/10 ig[] N[] G[] []  G[] 
[]  G[] []  G[] []  G[] []  G[] []  G[] []  G[] []
 []


Overfull \hbox (1.9457pt too wide) detected at line 328
\OMS/cmsy/m/n/10 T[] \OT1/cmr/m/n/10 = 8\OML/cmm/m/it/10 ig[] N[] G[] []  G[] [
]  G[] []  G[] []  G[] []  G[] []  G[] []  G[] []
 []


Overfull \hbox (1.82994pt too wide) detected at line 331
\OMS/cmsy/m/n/10 T[] \OT1/cmr/m/n/10 = 8\OML/cmm/m/it/10 ig[] N[] G[] []  G[] [
]  G[] []  G[] []  G[] []  G[] []  G[] []  G[] []
 []


Overfull \hbox (1.9457pt too wide) detected at line 334
\OMS/cmsy/m/n/10 T[] \OT1/cmr/m/n/10 = 8\OML/cmm/m/it/10 ig[] N[] G[] []  G[] [
]  G[] []  G[] []  G[] []  G[] []  G[] []  G[] []
 []


Overfull \hbox (6.24268pt too wide) detected at line 337
\OMS/cmsy/m/n/10 T[] \OT1/cmr/m/n/10 = 32\OML/cmm/m/it/10 ig[] N[] G[] []  G[] 
[]  G[] []  G[] []  G[] []  G[] []  G[] []  G[] []
 []


Overfull \hbox (1.9457pt too wide) detected at line 340
\OMS/cmsy/m/n/10 T[] \OT1/cmr/m/n/10 = 8\OML/cmm/m/it/10 ig[] N[] G[] []  G[] [
]  G[] []  G[] []  G[] []  G[] []  G[] []  G[] []
 []


Overfull \hbox (6.24268pt too wide) detected at line 343
\OMS/cmsy/m/n/10 T[] \OT1/cmr/m/n/10 = 32\OML/cmm/m/it/10 ig[] N[] G[] []  G[] 
[]  G[] []  G[] []  G[] []  G[] []  G[] []  G[] []
 []


Overfull \hbox (6.35843pt too wide) detected at line 346
\OMS/cmsy/m/n/10 T[] \OT1/cmr/m/n/10 = 32\OML/cmm/m/it/10 ig[] N[] G[] []  G[] 
[]  G[] []  G[] []  G[] []  G[] []  G[] []  G[] []
 []


Overfull \hbox (6.24268pt too wide) detected at line 349
\OMS/cmsy/m/n/10 T[] \OT1/cmr/m/n/10 = 32\OML/cmm/m/it/10 ig[] N[] G[] []  G[] 
[]  G[] []  G[] []  G[] []  G[] []  G[] []  G[] []
 []

[3]
Overfull \hbox (2.53297pt too wide) detected at line 352
\OMS/cmsy/m/n/10 T[] \OT1/cmr/m/n/10 = 2\OML/cmm/m/it/10 ig[] N[] G[] []  G[] [
]  G[] []  G[] []  G[] []  G[] []  G[] []  G[] []
 []


Overfull \hbox (1.82994pt too wide) detected at line 355
\OMS/cmsy/m/n/10 T[] \OT1/cmr/m/n/10 = 8\OML/cmm/m/it/10 ig[] N[] G[] []  G[] [
]  G[] []  G[] []  G[] []  G[] []  G[] []  G[] []
 []


Overfull \hbox (1.9457pt too wide) detected at line 358
\OMS/cmsy/m/n/10 T[] \OT1/cmr/m/n/10 = 8\OML/cmm/m/it/10 ig[] N[] G[] []  G[] [
]  G[] []  G[] []  G[] []  G[] []  G[] []  G[] []
 []


Overfull \hbox (1.82994pt too wide) detected at line 361
\OMS/cmsy/m/n/10 T[] \OT1/cmr/m/n/10 = 8\OML/cmm/m/it/10 ig[] N[] G[] []  G[] [
]  G[] []  G[] []  G[] []  G[] []  G[] []  G[] []
 []


Overfull \hbox (1.9457pt too wide) detected at line 364
\OMS/cmsy/m/n/10 T[] \OT1/cmr/m/n/10 = 8\OML/cmm/m/it/10 ig[] N[] G[] []  G[] [
]  G[] []  G[] []  G[] []  G[] []  G[] []  G[] []
 []


Overfull \hbox (6.24268pt too wide) detected at line 367
\OMS/cmsy/m/n/10 T[] \OT1/cmr/m/n/10 = 32\OML/cmm/m/it/10 ig[] N[] G[] []  G[] 
[]  G[] []  G[] []  G[] []  G[] []  G[] []  G[] []
 []


Overfull \hbox (6.35843pt too wide) detected at line 370
\OMS/cmsy/m/n/10 T[] \OT1/cmr/m/n/10 = 32\OML/cmm/m/it/10 ig[] N[] G[] []  G[] 
[]  G[] []  G[] []  G[] []  G[] []  G[] []  G[] []
 []


Overfull \hbox (6.24268pt too wide) detected at line 373
\OMS/cmsy/m/n/10 T[] \OT1/cmr/m/n/10 = 32\OML/cmm/m/it/10 ig[] N[] G[] []  G[] 
[]  G[] []  G[] []  G[] []  G[] []  G[] []  G[] []
 []


Overfull \hbox (2.64873pt too wide) detected at line 376
\OMS/cmsy/m/n/10 T[] \OT1/cmr/m/n/10 = 2\OML/cmm/m/it/10 ig[] N[] G[] []  G[] [
]  G[] []  G[] []  G[] []  G[] []  G[] []  G[] []
 []


Overfull \hbox (2.53297pt too wide) detected at line 379
\OMS/cmsy/m/n/10 T[] \OT1/cmr/m/n/10 = 2\OML/cmm/m/it/10 ig[] N[] G[] []  G[] [
]  G[] []  G[] []  G[] []  G[] []  G[] []  G[] []
 []


Overfull \hbox (2.64873pt too wide) detected at line 382
\OMS/cmsy/m/n/10 T[] \OT1/cmr/m/n/10 = 2\OML/cmm/m/it/10 ig[] N[] G[] []  G[] [
]  G[] []  G[] []  G[] []  G[] []  G[] []  G[] []
 []


Overfull \hbox (1.9457pt too wide) detected at line 385
\OMS/cmsy/m/n/10 T[] \OT1/cmr/m/n/10 = 8\OML/cmm/m/it/10 ig[] N[] G[] []  G[] [
]  G[] []  G[] []  G[] []  G[] []  G[] []  G[] []
 []


Overfull \hbox (2.53297pt too wide) detected at line 388
\OMS/cmsy/m/n/10 T[] \OT1/cmr/m/n/10 = 2\OML/cmm/m/it/10 ig[] N[] G[] []  G[] [
]  G[] []  G[] []  G[] []  G[] []  G[] []  G[] []
 []


Overfull \hbox (1.82994pt too wide) detected at line 391
\OMS/cmsy/m/n/10 T[] \OT1/cmr/m/n/10 = 8\OML/cmm/m/it/10 ig[] N[] G[] []  G[] [
]  G[] []  G[] []  G[] []  G[] []  G[] []  G[] []
 []


Overfull \hbox (1.9457pt too wide) detected at line 394
\OMS/cmsy/m/n/10 T[] \OT1/cmr/m/n/10 = 8\OML/cmm/m/it/10 ig[] N[] G[] []  G[] [
]  G[] []  G[] []  G[] []  G[] []  G[] []  G[] []
 []


Overfull \hbox (1.82994pt too wide) detected at line 397
\OMS/cmsy/m/n/10 T[] \OT1/cmr/m/n/10 = 8\OML/cmm/m/it/10 ig[] N[] G[] []  G[] [
]  G[] []  G[] []  G[] []  G[] []  G[] []  G[] []
 []


Overfull \hbox (2.76448pt too wide) detected at line 400
\OMS/cmsy/m/n/10 T[] \OT1/cmr/m/n/10 = 2\OML/cmm/m/it/10 ig[] N[] G[] []  G[] [
]  G[] []  G[] []  G[] []  G[] []  G[] []  G[] []
 []


Overfull \hbox (2.64873pt too wide) detected at line 403
\OMS/cmsy/m/n/10 T[] \OT1/cmr/m/n/10 = 2\OML/cmm/m/it/10 ig[] N[] G[] []  G[] [
]  G[] []  G[] []  G[] []  G[] []  G[] []  G[] []
 []


Overfull \hbox (2.64873pt too wide) detected at line 406
\OMS/cmsy/m/n/10 T[] \OT1/cmr/m/n/10 = 2\OML/cmm/m/it/10 ig[] N[] G[] []  G[] [
]  G[] []  G[] []  G[] []  G[] []  G[] []  G[] []
 []


Overfull \hbox (1.9457pt too wide) detected at line 409
\OMS/cmsy/m/n/10 T[] \OT1/cmr/m/n/10 = 8\OML/cmm/m/it/10 ig[] N[] G[] []  G[] [
]  G[] []  G[] []  G[] []  G[] []  G[] []  G[] []
 []


Overfull \hbox (2.64873pt too wide) detected at line 412
\OMS/cmsy/m/n/10 T[] \OT1/cmr/m/n/10 = 2\OML/cmm/m/it/10 ig[] N[] G[] []  G[] [
]  G[] []  G[] []  G[] []  G[] []  G[] []  G[] []
 []


Overfull \hbox (1.9457pt too wide) detected at line 415
\OMS/cmsy/m/n/10 T[] \OT1/cmr/m/n/10 = 8\OML/cmm/m/it/10 ig[] N[] G[] []  G[] [
]  G[] []  G[] []  G[] []  G[] []  G[] []  G[] []
 []


Overfull \hbox (1.9457pt too wide) detected at line 418
\OMS/cmsy/m/n/10 T[] \OT1/cmr/m/n/10 = 8\OML/cmm/m/it/10 ig[] N[] G[] []  G[] [
]  G[] []  G[] []  G[] []  G[] []  G[] []  G[] []
 []


Overfull \hbox (1.82994pt too wide) detected at line 421
\OMS/cmsy/m/n/10 T[] \OT1/cmr/m/n/10 = 8\OML/cmm/m/it/10 ig[] N[] G[] []  G[] [
]  G[] []  G[] []  G[] []  G[] []  G[] []  G[] []
 []


Overfull \hbox (2.76448pt too wide) detected at line 424
\OMS/cmsy/m/n/10 T[] \OT1/cmr/m/n/10 = 2\OML/cmm/m/it/10 ig[] N[] G[] []  G[] [
]  G[] []  G[] []  G[] []  G[] []  G[] []  G[] []
 []


Overfull \hbox (2.64873pt too wide) detected at line 427
\OMS/cmsy/m/n/10 T[] \OT1/cmr/m/n/10 = 2\OML/cmm/m/it/10 ig[] N[] G[] []  G[] [
]  G[] []  G[] []  G[] []  G[] []  G[] []  G[] []
 []


Overfull \hbox (2.64873pt too wide) detected at line 430
\OMS/cmsy/m/n/10 T[] \OT1/cmr/m/n/10 = 2\OML/cmm/m/it/10 ig[] N[] G[] []  G[] [
]  G[] []  G[] []  G[] []  G[] []  G[] []  G[] []
 []


Overfull \hbox (1.9457pt too wide) detected at line 433
\OMS/cmsy/m/n/10 T[] \OT1/cmr/m/n/10 = 8\OML/cmm/m/it/10 ig[] N[] G[] []  G[] [
]  G[] []  G[] []  G[] []  G[] []  G[] []  G[] []
 []


Overfull \hbox (2.64873pt too wide) detected at line 436
\OMS/cmsy/m/n/10 T[] \OT1/cmr/m/n/10 = 2\OML/cmm/m/it/10 ig[] N[] G[] []  G[] [
]  G[] []  G[] []  G[] []  G[] []  G[] []  G[] []
 []


Overfull \hbox (1.9457pt too wide) detected at line 439
\OMS/cmsy/m/n/10 T[] \OT1/cmr/m/n/10 = 8\OML/cmm/m/it/10 ig[] N[] G[] []  G[] [
]  G[] []  G[] []  G[] []  G[] []  G[] []  G[] []
 []


Overfull \hbox (1.9457pt too wide) detected at line 442
\OMS/cmsy/m/n/10 T[] \OT1/cmr/m/n/10 = 8\OML/cmm/m/it/10 ig[] N[] G[] []  G[] [
]  G[] []  G[] []  G[] []  G[] []  G[] []  G[] []
 []


Overfull \hbox (1.82994pt too wide) detected at line 445
\OMS/cmsy/m/n/10 T[] \OT1/cmr/m/n/10 = 8\OML/cmm/m/it/10 ig[] N[] G[] []  G[] [
]  G[] []  G[] []  G[] []  G[] []  G[] []  G[] []
 []


Overfull \hbox (2.06145pt too wide) detected at line 448
\OMS/cmsy/m/n/10 T[] \OT1/cmr/m/n/10 = 8\OML/cmm/m/it/10 ig[] N[] G[] []  G[] [
]  G[] []  G[] []  G[] []  G[] []  G[] []  G[] []
 []


Overfull \hbox (1.9457pt too wide) detected at line 451
\OMS/cmsy/m/n/10 T[] \OT1/cmr/m/n/10 = 8\OML/cmm/m/it/10 ig[] N[] G[] []  G[] [
]  G[] []  G[] []  G[] []  G[] []  G[] []  G[] []
 []


Overfull \hbox (2.06145pt too wide) detected at line 454
\OMS/cmsy/m/n/10 T[] \OT1/cmr/m/n/10 = 8\OML/cmm/m/it/10 ig[] N[] G[] []  G[] [
]  G[] []  G[] []  G[] []  G[] []  G[] []  G[] []
 []


Overfull \hbox (6.35843pt too wide) detected at line 457
\OMS/cmsy/m/n/10 T[] \OT1/cmr/m/n/10 = 32\OML/cmm/m/it/10 ig[] N[] G[] []  G[] 
[]  G[] []  G[] []  G[] []  G[] []  G[] []  G[] []
 []


Overfull \hbox (1.9457pt too wide) detected at line 460
\OMS/cmsy/m/n/10 T[] \OT1/cmr/m/n/10 = 8\OML/cmm/m/it/10 ig[] N[] G[] []  G[] [
]  G[] []  G[] []  G[] []  G[] []  G[] []  G[] []
 []


Overfull \hbox (6.24268pt too wide) detected at line 463
\OMS/cmsy/m/n/10 T[] \OT1/cmr/m/n/10 = 32\OML/cmm/m/it/10 ig[] N[] G[] []  G[] 
[]  G[] []  G[] []  G[] []  G[] []  G[] []  G[] []
 []

[4]
Overfull \hbox (6.35843pt too wide) detected at line 466
\OMS/cmsy/m/n/10 T[] \OT1/cmr/m/n/10 = 32\OML/cmm/m/it/10 ig[] N[] G[] []  G[] 
[]  G[] []  G[] []  G[] []  G[] []  G[] []  G[] []
 []


Overfull \hbox (6.24268pt too wide) detected at line 469
\OMS/cmsy/m/n/10 T[] \OT1/cmr/m/n/10 = 32\OML/cmm/m/it/10 ig[] N[] G[] []  G[] 
[]  G[] []  G[] []  G[] []  G[] []  G[] []  G[] []
 []


Overfull \hbox (2.53297pt too wide) detected at line 472
\OMS/cmsy/m/n/10 T[] \OT1/cmr/m/n/10 = 2\OML/cmm/m/it/10 ig[] N[] G[] []  G[] [
]  G[] []  G[] []  G[] []  G[] []  G[] []  G[] []
 []


Overfull \hbox (1.82994pt too wide) detected at line 475
\OMS/cmsy/m/n/10 T[] \OT1/cmr/m/n/10 = 8\OML/cmm/m/it/10 ig[] N[] G[] []  G[] [
]  G[] []  G[] []  G[] []  G[] []  G[] []  G[] []
 []


Overfull \hbox (1.9457pt too wide) detected at line 478
\OMS/cmsy/m/n/10 T[] \OT1/cmr/m/n/10 = 8\OML/cmm/m/it/10 ig[] N[] G[] []  G[] [
]  G[] []  G[] []  G[] []  G[] []  G[] []  G[] []
 []


Overfull \hbox (6.24268pt too wide) detected at line 481
\OMS/cmsy/m/n/10 T[] \OT1/cmr/m/n/10 = 32\OML/cmm/m/it/10 ig[] N[] G[] []  G[] 
[]  G[] []  G[] []  G[] []  G[] []  G[] []  G[] []
 []


Overfull \hbox (1.9457pt too wide) detected at line 484
\OMS/cmsy/m/n/10 T[] \OT1/cmr/m/n/10 = 8\OML/cmm/m/it/10 ig[] N[] G[] []  G[] [
]  G[] []  G[] []  G[] []  G[] []  G[] []  G[] []
 []


Overfull \hbox (1.82994pt too wide) detected at line 487
\OMS/cmsy/m/n/10 T[] \OT1/cmr/m/n/10 = 8\OML/cmm/m/it/10 ig[] N[] G[] []  G[] [
]  G[] []  G[] []  G[] []  G[] []  G[] []  G[] []
 []


Overfull \hbox (1.9457pt too wide) detected at line 490
\OMS/cmsy/m/n/10 T[] \OT1/cmr/m/n/10 = 8\OML/cmm/m/it/10 ig[] N[] G[] []  G[] [
]  G[] []  G[] []  G[] []  G[] []  G[] []  G[] []
 []


Overfull \hbox (6.24268pt too wide) detected at line 493
\OMS/cmsy/m/n/10 T[] \OT1/cmr/m/n/10 = 32\OML/cmm/m/it/10 ig[] N[] G[] []  G[] 
[]  G[] []  G[] []  G[] []  G[] []  G[] []  G[] []
 []


Overfull \hbox (1.9457pt too wide) detected at line 496
\OMS/cmsy/m/n/10 T[] \OT1/cmr/m/n/10 = 8\OML/cmm/m/it/10 ig[] N[] G[] []  G[] [
]  G[] []  G[] []  G[] []  G[] []  G[] []  G[] []
 []


Overfull \hbox (1.82994pt too wide) detected at line 499
\OMS/cmsy/m/n/10 T[] \OT1/cmr/m/n/10 = 8\OML/cmm/m/it/10 ig[] N[] G[] []  G[] [
]  G[] []  G[] []  G[] []  G[] []  G[] []  G[] []
 []


Overfull \hbox (1.9457pt too wide) detected at line 502
\OMS/cmsy/m/n/10 T[] \OT1/cmr/m/n/10 = 8\OML/cmm/m/it/10 ig[] N[] G[] []  G[] [
]  G[] []  G[] []  G[] []  G[] []  G[] []  G[] []
 []


Overfull \hbox (6.24268pt too wide) detected at line 505
\OMS/cmsy/m/n/10 T[] \OT1/cmr/m/n/10 = 32\OML/cmm/m/it/10 ig[] N[] G[] []  G[] 
[]  G[] []  G[] []  G[] []  G[] []  G[] []  G[] []
 []


Overfull \hbox (2.64873pt too wide) detected at line 508
\OMS/cmsy/m/n/10 T[] \OT1/cmr/m/n/10 = 2\OML/cmm/m/it/10 ig[] N[] G[] []  G[] [
]  G[] []  G[] []  G[] []  G[] []  G[] []  G[] []
 []


Overfull \hbox (2.64873pt too wide) detected at line 511
\OMS/cmsy/m/n/10 T[] \OT1/cmr/m/n/10 = 2\OML/cmm/m/it/10 ig[] N[] G[] []  G[] [
]  G[] []  G[] []  G[] []  G[] []  G[] []  G[] []
 []


Overfull \hbox (2.53297pt too wide) detected at line 514
\OMS/cmsy/m/n/10 T[] \OT1/cmr/m/n/10 = 2\OML/cmm/m/it/10 ig[] N[] G[] []  G[] [
]  G[] []  G[] []  G[] []  G[] []  G[] []  G[] []
 []


Overfull \hbox (1.9457pt too wide) detected at line 517
\OMS/cmsy/m/n/10 T[] \OT1/cmr/m/n/10 = 8\OML/cmm/m/it/10 ig[] N[] G[] []  G[] [
]  G[] []  G[] []  G[] []  G[] []  G[] []  G[] []
 []


Overfull \hbox (2.76448pt too wide) detected at line 520
\OMS/cmsy/m/n/10 T[] \OT1/cmr/m/n/10 = 2\OML/cmm/m/it/10 ig[] N[] G[] []  G[] [
]  G[] []  G[] []  G[] []  G[] []  G[] []  G[] []
 []


Overfull \hbox (2.64873pt too wide) detected at line 523
\OMS/cmsy/m/n/10 T[] \OT1/cmr/m/n/10 = 2\OML/cmm/m/it/10 ig[] N[] G[] []  G[] [
]  G[] []  G[] []  G[] []  G[] []  G[] []  G[] []
 []


Overfull \hbox (2.64873pt too wide) detected at line 526
\OMS/cmsy/m/n/10 T[] \OT1/cmr/m/n/10 = 2\OML/cmm/m/it/10 ig[] N[] G[] []  G[] [
]  G[] []  G[] []  G[] []  G[] []  G[] []  G[] []
 []


Overfull \hbox (1.9457pt too wide) detected at line 529
\OMS/cmsy/m/n/10 T[] \OT1/cmr/m/n/10 = 8\OML/cmm/m/it/10 ig[] N[] G[] []  G[] [
]  G[] []  G[] []  G[] []  G[] []  G[] []  G[] []
 []


Overfull \hbox (2.76448pt too wide) detected at line 532
\OMS/cmsy/m/n/10 T[] \OT1/cmr/m/n/10 = 2\OML/cmm/m/it/10 ig[] N[] G[] []  G[] [
]  G[] []  G[] []  G[] []  G[] []  G[] []  G[] []
 []


Overfull \hbox (2.64873pt too wide) detected at line 535
\OMS/cmsy/m/n/10 T[] \OT1/cmr/m/n/10 = 2\OML/cmm/m/it/10 ig[] N[] G[] []  G[] [
]  G[] []  G[] []  G[] []  G[] []  G[] []  G[] []
 []


Overfull \hbox (2.64873pt too wide) detected at line 538
\OMS/cmsy/m/n/10 T[] \OT1/cmr/m/n/10 = 2\OML/cmm/m/it/10 ig[] N[] G[] []  G[] [
]  G[] []  G[] []  G[] []  G[] []  G[] []  G[] []
 []


Overfull \hbox (1.9457pt too wide) detected at line 541
\OMS/cmsy/m/n/10 T[] \OT1/cmr/m/n/10 = 8\OML/cmm/m/it/10 ig[] N[] G[] []  G[] [
]  G[] []  G[] []  G[] []  G[] []  G[] []  G[] []
 []


Overfull \hbox (2.06145pt too wide) detected at line 544
\OMS/cmsy/m/n/10 T[] \OT1/cmr/m/n/10 = 8\OML/cmm/m/it/10 ig[] N[] G[] []  G[] [
]  G[] []  G[] []  G[] []  G[] []  G[] []  G[] []
 []


Overfull \hbox (2.06145pt too wide) detected at line 547
\OMS/cmsy/m/n/10 T[] \OT1/cmr/m/n/10 = 8\OML/cmm/m/it/10 ig[] N[] G[] []  G[] [
]  G[] []  G[] []  G[] []  G[] []  G[] []  G[] []
 []


Overfull \hbox (1.9457pt too wide) detected at line 550
\OMS/cmsy/m/n/10 T[] \OT1/cmr/m/n/10 = 8\OML/cmm/m/it/10 ig[] N[] G[] []  G[] [
]  G[] []  G[] []  G[] []  G[] []  G[] []  G[] []
 []


Overfull \hbox (6.35843pt too wide) detected at line 553
\OMS/cmsy/m/n/10 T[] \OT1/cmr/m/n/10 = 32\OML/cmm/m/it/10 ig[] N[] G[] []  G[] 
[]  G[] []  G[] []  G[] []  G[] []  G[] []  G[] []
 []


Overfull \hbox (2.64873pt too wide) detected at line 556
\OMS/cmsy/m/n/10 T[] \OT1/cmr/m/n/10 = 2\OML/cmm/m/it/10 ig[] N[] G[] []  G[] [
]  G[] []  G[] []  G[] []  G[] []  G[] []  G[] []
 []


Overfull \hbox (2.53297pt too wide) detected at line 559
\OMS/cmsy/m/n/10 T[] \OT1/cmr/m/n/10 = 2\OML/cmm/m/it/10 ig[] N[] G[] []  G[] [
]  G[] []  G[] []  G[] []  G[] []  G[] []  G[] []
 []


Overfull \hbox (2.53297pt too wide) detected at line 562
\OMS/cmsy/m/n/10 T[] \OT1/cmr/m/n/10 = 2\OML/cmm/m/it/10 ig[] N[] G[] []  G[] [
]  G[] []  G[] []  G[] []  G[] []  G[] []  G[] []
 []


Overfull \hbox (1.82994pt too wide) detected at line 565
\OMS/cmsy/m/n/10 T[] \OT1/cmr/m/n/10 = 8\OML/cmm/m/it/10 ig[] N[] G[] []  G[] [
]  G[] []  G[] []  G[] []  G[] []  G[] []  G[] []
 []


Overfull \hbox (1.9457pt too wide) detected at line 568
\OMS/cmsy/m/n/10 T[] \OT1/cmr/m/n/10 = 8\OML/cmm/m/it/10 ig[] N[] G[] []  G[] [
]  G[] []  G[] []  G[] []  G[] []  G[] []  G[] []
 []


Overfull \hbox (1.9457pt too wide) detected at line 571
\OMS/cmsy/m/n/10 T[] \OT1/cmr/m/n/10 = 8\OML/cmm/m/it/10 ig[] N[] G[] []  G[] [
]  G[] []  G[] []  G[] []  G[] []  G[] []  G[] []
 []


Overfull \hbox (1.82994pt too wide) detected at line 574
\OMS/cmsy/m/n/10 T[] \OT1/cmr/m/n/10 = 8\OML/cmm/m/it/10 ig[] N[] G[] []  G[] [
]  G[] []  G[] []  G[] []  G[] []  G[] []  G[] []
 []


Overfull \hbox (6.24268pt too wide) detected at line 577
\OMS/cmsy/m/n/10 T[] \OT1/cmr/m/n/10 = 32\OML/cmm/m/it/10 ig[] N[] G[] []  G[] 
[]  G[] []  G[] []  G[] []  G[] []  G[] []  G[] []
 []

[5]
Overfull \hbox (1.9457pt too wide) detected at line 580
\OMS/cmsy/m/n/10 T[] \OT1/cmr/m/n/10 = 8\OML/cmm/m/it/10 ig[] N[] G[] []  G[] [
]  G[] []  G[] []  G[] []  G[] []  G[] []  G[] []
 []


Overfull \hbox (1.9457pt too wide) detected at line 583
\OMS/cmsy/m/n/10 T[] \OT1/cmr/m/n/10 = 8\OML/cmm/m/it/10 ig[] N[] G[] []  G[] [
]  G[] []  G[] []  G[] []  G[] []  G[] []  G[] []
 []


Overfull \hbox (1.82994pt too wide) detected at line 586
\OMS/cmsy/m/n/10 T[] \OT1/cmr/m/n/10 = 8\OML/cmm/m/it/10 ig[] N[] G[] []  G[] [
]  G[] []  G[] []  G[] []  G[] []  G[] []  G[] []
 []


Overfull \hbox (6.24268pt too wide) detected at line 589
\OMS/cmsy/m/n/10 T[] \OT1/cmr/m/n/10 = 32\OML/cmm/m/it/10 ig[] N[] G[] []  G[] 
[]  G[] []  G[] []  G[] []  G[] []  G[] []  G[] []
 []


Overfull \hbox (2.06145pt too wide) detected at line 592
\OMS/cmsy/m/n/10 T[] \OT1/cmr/m/n/10 = 8\OML/cmm/m/it/10 ig[] N[] G[] []  G[] [
]  G[] []  G[] []  G[] []  G[] []  G[] []  G[] []
 []


Overfull \hbox (1.9457pt too wide) detected at line 595
\OMS/cmsy/m/n/10 T[] \OT1/cmr/m/n/10 = 8\OML/cmm/m/it/10 ig[] N[] G[] []  G[] [
]  G[] []  G[] []  G[] []  G[] []  G[] []  G[] []
 []


Overfull \hbox (1.9457pt too wide) detected at line 598
\OMS/cmsy/m/n/10 T[] \OT1/cmr/m/n/10 = 8\OML/cmm/m/it/10 ig[] N[] G[] []  G[] [
]  G[] []  G[] []  G[] []  G[] []  G[] []  G[] []
 []


Overfull \hbox (6.24268pt too wide) detected at line 601
\OMS/cmsy/m/n/10 T[] \OT1/cmr/m/n/10 = 32\OML/cmm/m/it/10 ig[] N[] G[] []  G[] 
[]  G[] []  G[] []  G[] []  G[] []  G[] []  G[] []
 []


Overfull \hbox (1.82994pt too wide) detected at line 604
\OMS/cmsy/m/n/10 T[] \OT1/cmr/m/n/10 = 4\OML/cmm/m/it/10 ig[] N[] G[] []  G[] [
]  G[] []  G[] []  G[] []  G[] []  G[] []  G[] []
 []


Overfull \hbox (6.12692pt too wide) detected at line 607
\OMS/cmsy/m/n/10 T[] \OT1/cmr/m/n/10 = 16\OML/cmm/m/it/10 ig[] N[] G[] []  G[] 
[]  G[] []  G[] []  G[] []  G[] []  G[] []  G[] []
 []


Overfull \hbox (6.24268pt too wide) detected at line 610
\OMS/cmsy/m/n/10 T[] \OT1/cmr/m/n/10 = 16\OML/cmm/m/it/10 ig[] N[] G[] []  G[] 
[]  G[] []  G[] []  G[] []  G[] []  G[] []  G[] []
 []


Overfull \hbox (6.12692pt too wide) detected at line 613
\OMS/cmsy/m/n/10 T[] \OT1/cmr/m/n/10 = 16\OML/cmm/m/it/10 ig[] N[] G[] []  G[] 
[]  G[] []  G[] []  G[] []  G[] []  G[] []  G[] []
 []


Overfull \hbox (1.82994pt too wide) detected at line 616
\OMS/cmsy/m/n/10 T[] \OT1/cmr/m/n/10 = 8\OML/cmm/m/it/10 ig[] N[] G[] []  G[] [
]  G[] []  G[] []  G[] []  G[] []  G[] []  G[] []
 []


Overfull \hbox (1.71419pt too wide) detected at line 619
\OMS/cmsy/m/n/10 T[] \OT1/cmr/m/n/10 = 8\OML/cmm/m/it/10 ig[] N[] G[] []  G[] [
]  G[] []  G[] []  G[] []  G[] []  G[] []  G[] []
 []


Overfull \hbox (6.24268pt too wide) detected at line 622
\OMS/cmsy/m/n/10 T[] \OT1/cmr/m/n/10 = 32\OML/cmm/m/it/10 ig[] N[] G[] []  G[] 
[]  G[] []  G[] []  G[] []  G[] []  G[] []  G[] []
 []


Overfull \hbox (6.12692pt too wide) detected at line 625
\OMS/cmsy/m/n/10 T[] \OT1/cmr/m/n/10 = 32\OML/cmm/m/it/10 ig[] N[] G[] []  G[] 
[]  G[] []  G[] []  G[] []  G[] []  G[] []  G[] []
 []


Overfull \hbox (1.82994pt too wide) detected at line 628
\OMS/cmsy/m/n/10 T[] \OT1/cmr/m/n/10 = 8\OML/cmm/m/it/10 ig[] N[] G[] []  G[] [
]  G[] []  G[] []  G[] []  G[] []  G[] []  G[] []
 []


Overfull \hbox (6.12692pt too wide) detected at line 631
\OMS/cmsy/m/n/10 T[] \OT1/cmr/m/n/10 = 32\OML/cmm/m/it/10 ig[] N[] G[] []  G[] 
[]  G[] []  G[] []  G[] []  G[] []  G[] []  G[] []
 []


Overfull \hbox (6.24268pt too wide) detected at line 634
\OMS/cmsy/m/n/10 T[] \OT1/cmr/m/n/10 = 32\OML/cmm/m/it/10 ig[] N[] G[] []  G[] 
[]  G[] []  G[] []  G[] []  G[] []  G[] []  G[] []
 []


Overfull \hbox (6.12692pt too wide) detected at line 637
\OMS/cmsy/m/n/10 T[] \OT1/cmr/m/n/10 = 32\OML/cmm/m/it/10 ig[] N[] G[] []  G[] 
[]  G[] []  G[] []  G[] []  G[] []  G[] []  G[] []
 []


Overfull \hbox (1.82994pt too wide) detected at line 640
\OMS/cmsy/m/n/10 T[] \OT1/cmr/m/n/10 = 4\OML/cmm/m/it/10 ig[] N[] G[] []  G[] [
]  G[] []  G[] []  G[] []  G[] []  G[] []  G[] []
 []


Overfull \hbox (6.12692pt too wide) detected at line 643
\OMS/cmsy/m/n/10 T[] \OT1/cmr/m/n/10 = 16\OML/cmm/m/it/10 ig[] N[] G[] []  G[] 
[]  G[] []  G[] []  G[] []  G[] []  G[] []  G[] []
 []


Overfull \hbox (6.24268pt too wide) detected at line 646
\OMS/cmsy/m/n/10 T[] \OT1/cmr/m/n/10 = 16\OML/cmm/m/it/10 ig[] N[] G[] []  G[] 
[]  G[] []  G[] []  G[] []  G[] []  G[] []  G[] []
 []


Overfull \hbox (6.12692pt too wide) detected at line 649
\OMS/cmsy/m/n/10 T[] \OT1/cmr/m/n/10 = 16\OML/cmm/m/it/10 ig[] N[] G[] []  G[] 
[]  G[] []  G[] []  G[] []  G[] []  G[] []  G[] []
 []


Overfull \hbox (6.24268pt too wide) detected at line 652
\OMS/cmsy/m/n/10 T[] \OT1/cmr/m/n/10 = 16\OML/cmm/m/it/10 ig[] N[] G[] []  G[] 
[]  G[] []  G[] []  G[] []  G[] []  G[] []  G[] []
 []


Overfull \hbox (5.53964pt too wide) detected at line 655
\OMS/cmsy/m/n/10 T[] \OT1/cmr/m/n/10 = 64\OML/cmm/m/it/10 ig[] N[] G[] []  G[] 
[]  G[] []  G[] []  G[] []  G[] []  G[] []  G[] []
 []


Overfull \hbox (5.6554pt too wide) detected at line 658
\OMS/cmsy/m/n/10 T[] \OT1/cmr/m/n/10 = 64\OML/cmm/m/it/10 ig[] N[] G[] []  G[] 
[]  G[] []  G[] []  G[] []  G[] []  G[] []  G[] []
 []


Overfull \hbox (5.53964pt too wide) detected at line 661
\OMS/cmsy/m/n/10 T[] \OT1/cmr/m/n/10 = 64\OML/cmm/m/it/10 ig[] N[] G[] []  G[] 
[]  G[] []  G[] []  G[] []  G[] []  G[] []  G[] []
 []


Overfull \hbox (1.82994pt too wide) detected at line 664
\OMS/cmsy/m/n/10 T[] \OT1/cmr/m/n/10 = 4\OML/cmm/m/it/10 ig[] N[] G[] []  G[] [
]  G[] []  G[] []  G[] []  G[] []  G[] []  G[] []
 []


Overfull \hbox (1.71419pt too wide) detected at line 667
\OMS/cmsy/m/n/10 T[] \OT1/cmr/m/n/10 = 4\OML/cmm/m/it/10 ig[] N[] G[] []  G[] [
]  G[] []  G[] []  G[] []  G[] []  G[] []  G[] []
 []


Overfull \hbox (1.82994pt too wide) detected at line 670
\OMS/cmsy/m/n/10 T[] \OT1/cmr/m/n/10 = 4\OML/cmm/m/it/10 ig[] N[] G[] []  G[] [
]  G[] []  G[] []  G[] []  G[] []  G[] []  G[] []
 []


Overfull \hbox (6.12692pt too wide) detected at line 673
\OMS/cmsy/m/n/10 T[] \OT1/cmr/m/n/10 = 16\OML/cmm/m/it/10 ig[] N[] G[] []  G[] 
[]  G[] []  G[] []  G[] []  G[] []  G[] []  G[] []
 []


Overfull \hbox (1.82994pt too wide) detected at line 676
\OMS/cmsy/m/n/10 T[] \OT1/cmr/m/n/10 = 4\OML/cmm/m/it/10 ig[] N[] G[] []  G[] [
]  G[] []  G[] []  G[] []  G[] []  G[] []  G[] []
 []


Overfull \hbox (6.12692pt too wide) detected at line 679
\OMS/cmsy/m/n/10 T[] \OT1/cmr/m/n/10 = 16\OML/cmm/m/it/10 ig[] N[] G[] []  G[] 
[]  G[] []  G[] []  G[] []  G[] []  G[] []  G[] []
 []


Overfull \hbox (6.24268pt too wide) detected at line 682
\OMS/cmsy/m/n/10 T[] \OT1/cmr/m/n/10 = 16\OML/cmm/m/it/10 ig[] N[] G[] []  G[] 
[]  G[] []  G[] []  G[] []  G[] []  G[] []  G[] []
 []


Overfull \hbox (6.12692pt too wide) detected at line 685
\OMS/cmsy/m/n/10 T[] \OT1/cmr/m/n/10 = 16\OML/cmm/m/it/10 ig[] N[] G[] []  G[] 
[]  G[] []  G[] []  G[] []  G[] []  G[] []  G[] []
 []


Overfull \hbox (1.82994pt too wide) detected at line 688
\OMS/cmsy/m/n/10 T[] \OT1/cmr/m/n/10 = 4\OML/cmm/m/it/10 ig[] N[] G[] []  G[] [
]  G[] []  G[] []  G[] []  G[] []  G[] []  G[] []
 []


Overfull \hbox (1.71419pt too wide) detected at line 691
\OMS/cmsy/m/n/10 T[] \OT1/cmr/m/n/10 = 4\OML/cmm/m/it/10 ig[] N[] G[] []  G[] [
]  G[] []  G[] []  G[] []  G[] []  G[] []  G[] []
 []

[6]
Overfull \hbox (1.82994pt too wide) detected at line 694
\OMS/cmsy/m/n/10 T[] \OT1/cmr/m/n/10 = 4\OML/cmm/m/it/10 ig[] N[] G[] []  G[] [
]  G[] []  G[] []  G[] []  G[] []  G[] []  G[] []
 []


Overfull \hbox (6.12692pt too wide) detected at line 697
\OMS/cmsy/m/n/10 T[] \OT1/cmr/m/n/10 = 16\OML/cmm/m/it/10 ig[] N[] G[] []  G[] 
[]  G[] []  G[] []  G[] []  G[] []  G[] []  G[] []
 []


Overfull \hbox (1.82994pt too wide) detected at line 700
\OMS/cmsy/m/n/10 T[] \OT1/cmr/m/n/10 = 4\OML/cmm/m/it/10 ig[] N[] G[] []  G[] [
]  G[] []  G[] []  G[] []  G[] []  G[] []  G[] []
 []


Overfull \hbox (6.12692pt too wide) detected at line 703
\OMS/cmsy/m/n/10 T[] \OT1/cmr/m/n/10 = 16\OML/cmm/m/it/10 ig[] N[] G[] []  G[] 
[]  G[] []  G[] []  G[] []  G[] []  G[] []  G[] []
 []


Overfull \hbox (6.24268pt too wide) detected at line 706
\OMS/cmsy/m/n/10 T[] \OT1/cmr/m/n/10 = 16\OML/cmm/m/it/10 ig[] N[] G[] []  G[] 
[]  G[] []  G[] []  G[] []  G[] []  G[] []  G[] []
 []


Overfull \hbox (6.12692pt too wide) detected at line 709
\OMS/cmsy/m/n/10 T[] \OT1/cmr/m/n/10 = 16\OML/cmm/m/it/10 ig[] N[] G[] []  G[] 
[]  G[] []  G[] []  G[] []  G[] []  G[] []  G[] []
 []


Overfull \hbox (1.9457pt too wide) detected at line 712
\OMS/cmsy/m/n/10 T[] \OT1/cmr/m/n/10 = 4\OML/cmm/m/it/10 ig[] N[] G[] []  G[] [
]  G[] []  G[] []  G[] []  G[] []  G[] []  G[] []
 []


Overfull \hbox (1.82994pt too wide) detected at line 715
\OMS/cmsy/m/n/10 T[] \OT1/cmr/m/n/10 = 4\OML/cmm/m/it/10 ig[] N[] G[] []  G[] [
]  G[] []  G[] []  G[] []  G[] []  G[] []  G[] []
 []


Overfull \hbox (1.9457pt too wide) detected at line 718
\OMS/cmsy/m/n/10 T[] \OT1/cmr/m/n/10 = 4\OML/cmm/m/it/10 ig[] N[] G[] []  G[] [
]  G[] []  G[] []  G[] []  G[] []  G[] []  G[] []
 []


Overfull \hbox (6.24268pt too wide) detected at line 721
\OMS/cmsy/m/n/10 T[] \OT1/cmr/m/n/10 = 16\OML/cmm/m/it/10 ig[] N[] G[] []  G[] 
[]  G[] []  G[] []  G[] []  G[] []  G[] []  G[] []
 []


Overfull \hbox (1.82994pt too wide) detected at line 724
\OMS/cmsy/m/n/10 T[] \OT1/cmr/m/n/10 = 4\OML/cmm/m/it/10 ig[] N[] G[] []  G[] [
]  G[] []  G[] []  G[] []  G[] []  G[] []  G[] []
 []


Overfull \hbox (6.12692pt too wide) detected at line 727
\OMS/cmsy/m/n/10 T[] \OT1/cmr/m/n/10 = 16\OML/cmm/m/it/10 ig[] N[] G[] []  G[] 
[]  G[] []  G[] []  G[] []  G[] []  G[] []  G[] []
 []


Overfull \hbox (6.24268pt too wide) detected at line 730
\OMS/cmsy/m/n/10 T[] \OT1/cmr/m/n/10 = 16\OML/cmm/m/it/10 ig[] N[] G[] []  G[] 
[]  G[] []  G[] []  G[] []  G[] []  G[] []  G[] []
 []


Overfull \hbox (6.12692pt too wide) detected at line 733
\OMS/cmsy/m/n/10 T[] \OT1/cmr/m/n/10 = 16\OML/cmm/m/it/10 ig[] N[] G[] []  G[] 
[]  G[] []  G[] []  G[] []  G[] []  G[] []  G[] []
 []


Overfull \hbox (1.82994pt too wide) detected at line 736
\OMS/cmsy/m/n/10 T[] \OT1/cmr/m/n/10 = 8\OML/cmm/m/it/10 ig[] N[] G[] []  G[] [
]  G[] []  G[] []  G[] []  G[] []  G[] []  G[] []
 []


Overfull \hbox (6.12692pt too wide) detected at line 739
\OMS/cmsy/m/n/10 T[] \OT1/cmr/m/n/10 = 32\OML/cmm/m/it/10 ig[] N[] G[] []  G[] 
[]  G[] []  G[] []  G[] []  G[] []  G[] []  G[] []
 []


Overfull \hbox (6.24268pt too wide) detected at line 742
\OMS/cmsy/m/n/10 T[] \OT1/cmr/m/n/10 = 32\OML/cmm/m/it/10 ig[] N[] G[] []  G[] 
[]  G[] []  G[] []  G[] []  G[] []  G[] []  G[] []
 []


Overfull \hbox (6.12692pt too wide) detected at line 745
\OMS/cmsy/m/n/10 T[] \OT1/cmr/m/n/10 = 32\OML/cmm/m/it/10 ig[] N[] G[] []  G[] 
[]  G[] []  G[] []  G[] []  G[] []  G[] []  G[] []
 []


Overfull \hbox (1.82994pt too wide) detected at line 748
\OMS/cmsy/m/n/10 T[] \OT1/cmr/m/n/10 = 8\OML/cmm/m/it/10 ig[] N[] G[] []  G[] [
]  G[] []  G[] []  G[] []  G[] []  G[] []  G[] []
 []


Overfull \hbox (6.12692pt too wide) detected at line 751
\OMS/cmsy/m/n/10 T[] \OT1/cmr/m/n/10 = 32\OML/cmm/m/it/10 ig[] N[] G[] []  G[] 
[]  G[] []  G[] []  G[] []  G[] []  G[] []  G[] []
 []


Overfull \hbox (6.24268pt too wide) detected at line 754
\OMS/cmsy/m/n/10 T[] \OT1/cmr/m/n/10 = 32\OML/cmm/m/it/10 ig[] N[] G[] []  G[] 
[]  G[] []  G[] []  G[] []  G[] []  G[] []  G[] []
 []


Overfull \hbox (6.12692pt too wide) detected at line 757
\OMS/cmsy/m/n/10 T[] \OT1/cmr/m/n/10 = 32\OML/cmm/m/it/10 ig[] N[] G[] []  G[] 
[]  G[] []  G[] []  G[] []  G[] []  G[] []  G[] []
 []


Overfull \hbox (2.64873pt too wide) detected at line 760
\OMS/cmsy/m/n/10 T[] \OT1/cmr/m/n/10 = 2\OML/cmm/m/it/10 ig[] N[] G[] []  G[] [
]  G[] []  G[] []  G[] []  G[] []  G[] []  G[] []
 []


Overfull \hbox (2.53297pt too wide) detected at line 763
\OMS/cmsy/m/n/10 T[] \OT1/cmr/m/n/10 = 2\OML/cmm/m/it/10 ig[] N[] G[] []  G[] [
]  G[] []  G[] []  G[] []  G[] []  G[] []  G[] []
 []


Overfull \hbox (2.53297pt too wide) detected at line 766
\OMS/cmsy/m/n/10 T[] \OT1/cmr/m/n/10 = 2\OML/cmm/m/it/10 ig[] N[] G[] []  G[] [
]  G[] []  G[] []  G[] []  G[] []  G[] []  G[] []
 []


Overfull \hbox (1.82994pt too wide) detected at line 769
\OMS/cmsy/m/n/10 T[] \OT1/cmr/m/n/10 = 8\OML/cmm/m/it/10 ig[] N[] G[] []  G[] [
]  G[] []  G[] []  G[] []  G[] []  G[] []  G[] []
 []


Overfull \hbox (2.53297pt too wide) detected at line 772
\OMS/cmsy/m/n/10 T[] \OT1/cmr/m/n/10 = 2\OML/cmm/m/it/10 ig[] N[] G[] []  G[] [
]  G[] []  G[] []  G[] []  G[] []  G[] []  G[] []
 []


Overfull \hbox (1.82994pt too wide) detected at line 775
\OMS/cmsy/m/n/10 T[] \OT1/cmr/m/n/10 = 8\OML/cmm/m/it/10 ig[] N[] G[] []  G[] [
]  G[] []  G[] []  G[] []  G[] []  G[] []  G[] []
 []


Overfull \hbox (1.82994pt too wide) detected at line 778
\OMS/cmsy/m/n/10 T[] \OT1/cmr/m/n/10 = 8\OML/cmm/m/it/10 ig[] N[] G[] []  G[] [
]  G[] []  G[] []  G[] []  G[] []  G[] []  G[] []
 []


Overfull \hbox (1.71419pt too wide) detected at line 781
\OMS/cmsy/m/n/10 T[] \OT1/cmr/m/n/10 = 8\OML/cmm/m/it/10 ig[] N[] G[] []  G[] [
]  G[] []  G[] []  G[] []  G[] []  G[] []  G[] []
 []


Overfull \hbox (1.9457pt too wide) detected at line 784
\OMS/cmsy/m/n/10 T[] \OT1/cmr/m/n/10 = 8\OML/cmm/m/it/10 ig[] N[] G[] []  G[] [
]  G[] []  G[] []  G[] []  G[] []  G[] []  G[] []
 []


Overfull \hbox (1.82994pt too wide) detected at line 787
\OMS/cmsy/m/n/10 T[] \OT1/cmr/m/n/10 = 8\OML/cmm/m/it/10 ig[] N[] G[] []  G[] [
]  G[] []  G[] []  G[] []  G[] []  G[] []  G[] []
 []


Overfull \hbox (1.9457pt too wide) detected at line 790
\OMS/cmsy/m/n/10 T[] \OT1/cmr/m/n/10 = 8\OML/cmm/m/it/10 ig[] N[] G[] []  G[] [
]  G[] []  G[] []  G[] []  G[] []  G[] []  G[] []
 []


Overfull \hbox (6.24268pt too wide) detected at line 793
\OMS/cmsy/m/n/10 T[] \OT1/cmr/m/n/10 = 32\OML/cmm/m/it/10 ig[] N[] G[] []  G[] 
[]  G[] []  G[] []  G[] []  G[] []  G[] []  G[] []
 []


Overfull \hbox (1.82994pt too wide) detected at line 796
\OMS/cmsy/m/n/10 T[] \OT1/cmr/m/n/10 = 8\OML/cmm/m/it/10 ig[] N[] G[] []  G[] [
]  G[] []  G[] []  G[] []  G[] []  G[] []  G[] []
 []


Overfull \hbox (6.12692pt too wide) detected at line 799
\OMS/cmsy/m/n/10 T[] \OT1/cmr/m/n/10 = 32\OML/cmm/m/it/10 ig[] N[] G[] []  G[] 
[]  G[] []  G[] []  G[] []  G[] []  G[] []  G[] []
 []


Overfull \hbox (6.24268pt too wide) detected at line 802
\OMS/cmsy/m/n/10 T[] \OT1/cmr/m/n/10 = 32\OML/cmm/m/it/10 ig[] N[] G[] []  G[] 
[]  G[] []  G[] []  G[] []  G[] []  G[] []  G[] []
 []


Overfull \hbox (6.12692pt too wide) detected at line 805
\OMS/cmsy/m/n/10 T[] \OT1/cmr/m/n/10 = 32\OML/cmm/m/it/10 ig[] N[] G[] []  G[] 
[]  G[] []  G[] []  G[] []  G[] []  G[] []  G[] []
 []

[7]
Overfull \hbox (1.9457pt too wide) detected at line 808
\OMS/cmsy/m/n/10 T[] \OT1/cmr/m/n/10 = 8\OML/cmm/m/it/10 ig[] N[] G[] []  G[] [
]  G[] []  G[] []  G[] []  G[] []  G[] []  G[] []
 []


Overfull \hbox (1.82994pt too wide) detected at line 811
\OMS/cmsy/m/n/10 T[] \OT1/cmr/m/n/10 = 8\OML/cmm/m/it/10 ig[] N[] G[] []  G[] [
]  G[] []  G[] []  G[] []  G[] []  G[] []  G[] []
 []


Overfull \hbox (1.9457pt too wide) detected at line 814
\OMS/cmsy/m/n/10 T[] \OT1/cmr/m/n/10 = 8\OML/cmm/m/it/10 ig[] N[] G[] []  G[] [
]  G[] []  G[] []  G[] []  G[] []  G[] []  G[] []
 []


Overfull \hbox (6.24268pt too wide) detected at line 817
\OMS/cmsy/m/n/10 T[] \OT1/cmr/m/n/10 = 32\OML/cmm/m/it/10 ig[] N[] G[] []  G[] 
[]  G[] []  G[] []  G[] []  G[] []  G[] []  G[] []
 []


Overfull \hbox (1.82994pt too wide) detected at line 820
\OMS/cmsy/m/n/10 T[] \OT1/cmr/m/n/10 = 8\OML/cmm/m/it/10 ig[] N[] G[] []  G[] [
]  G[] []  G[] []  G[] []  G[] []  G[] []  G[] []
 []


Overfull \hbox (6.12692pt too wide) detected at line 823
\OMS/cmsy/m/n/10 T[] \OT1/cmr/m/n/10 = 32\OML/cmm/m/it/10 ig[] N[] G[] []  G[] 
[]  G[] []  G[] []  G[] []  G[] []  G[] []  G[] []
 []


Overfull \hbox (6.24268pt too wide) detected at line 826
\OMS/cmsy/m/n/10 T[] \OT1/cmr/m/n/10 = 32\OML/cmm/m/it/10 ig[] N[] G[] []  G[] 
[]  G[] []  G[] []  G[] []  G[] []  G[] []  G[] []
 []


Overfull \hbox (6.12692pt too wide) detected at line 829
\OMS/cmsy/m/n/10 T[] \OT1/cmr/m/n/10 = 32\OML/cmm/m/it/10 ig[] N[] G[] []  G[] 
[]  G[] []  G[] []  G[] []  G[] []  G[] []  G[] []
 []


Overfull \hbox (2.06145pt too wide) detected at line 832
\OMS/cmsy/m/n/10 T[] \OT1/cmr/m/n/10 = 8\OML/cmm/m/it/10 ig[] N[] G[] []  G[] [
]  G[] []  G[] []  G[] []  G[] []  G[] []  G[] []
 []


Overfull \hbox (1.9457pt too wide) detected at line 835
\OMS/cmsy/m/n/10 T[] \OT1/cmr/m/n/10 = 8\OML/cmm/m/it/10 ig[] N[] G[] []  G[] [
]  G[] []  G[] []  G[] []  G[] []  G[] []  G[] []
 []


Overfull \hbox (1.9457pt too wide) detected at line 838
\OMS/cmsy/m/n/10 T[] \OT1/cmr/m/n/10 = 8\OML/cmm/m/it/10 ig[] N[] G[] []  G[] [
]  G[] []  G[] []  G[] []  G[] []  G[] []  G[] []
 []


Overfull \hbox (6.24268pt too wide) detected at line 841
\OMS/cmsy/m/n/10 T[] \OT1/cmr/m/n/10 = 32\OML/cmm/m/it/10 ig[] N[] G[] []  G[] 
[]  G[] []  G[] []  G[] []  G[] []  G[] []  G[] []
 []


Overfull \hbox (1.9457pt too wide) detected at line 844
\OMS/cmsy/m/n/10 T[] \OT1/cmr/m/n/10 = 8\OML/cmm/m/it/10 ig[] N[] G[] []  G[] [
]  G[] []  G[] []  G[] []  G[] []  G[] []  G[] []
 []


Overfull \hbox (6.24268pt too wide) detected at line 847
\OMS/cmsy/m/n/10 T[] \OT1/cmr/m/n/10 = 32\OML/cmm/m/it/10 ig[] N[] G[] []  G[] 
[]  G[] []  G[] []  G[] []  G[] []  G[] []  G[] []
 []


Overfull \hbox (6.24268pt too wide) detected at line 850
\OMS/cmsy/m/n/10 T[] \OT1/cmr/m/n/10 = 32\OML/cmm/m/it/10 ig[] N[] G[] []  G[] 
[]  G[] []  G[] []  G[] []  G[] []  G[] []  G[] []
 []


Overfull \hbox (6.12692pt too wide) detected at line 853
\OMS/cmsy/m/n/10 T[] \OT1/cmr/m/n/10 = 32\OML/cmm/m/it/10 ig[] N[] G[] []  G[] 
[]  G[] []  G[] []  G[] []  G[] []  G[] []  G[] []
 []


Overfull \hbox (2.53297pt too wide) detected at line 856
\OMS/cmsy/m/n/10 T[] \OT1/cmr/m/n/10 = 2\OML/cmm/m/it/10 ig[] N[] G[] []  G[] [
]  G[] []  G[] []  G[] []  G[] []  G[] []  G[] []
 []


Overfull \hbox (1.9457pt too wide) detected at line 859
\OMS/cmsy/m/n/10 T[] \OT1/cmr/m/n/10 = 8\OML/cmm/m/it/10 ig[] N[] G[] []  G[] [
]  G[] []  G[] []  G[] []  G[] []  G[] []  G[] []
 []


Overfull \hbox (1.82994pt too wide) detected at line 862
\OMS/cmsy/m/n/10 T[] \OT1/cmr/m/n/10 = 8\OML/cmm/m/it/10 ig[] N[] G[] []  G[] [
]  G[] []  G[] []  G[] []  G[] []  G[] []  G[] []
 []


Overfull \hbox (1.82994pt too wide) detected at line 865
\OMS/cmsy/m/n/10 T[] \OT1/cmr/m/n/10 = 8\OML/cmm/m/it/10 ig[] N[] G[] []  G[] [
]  G[] []  G[] []  G[] []  G[] []  G[] []  G[] []
 []


Overfull \hbox (2.64873pt too wide) detected at line 868
\OMS/cmsy/m/n/10 T[] \OT1/cmr/m/n/10 = 2\OML/cmm/m/it/10 ig[] N[] G[] []  G[] [
]  G[] []  G[] []  G[] []  G[] []  G[] []  G[] []
 []


Overfull \hbox (1.9457pt too wide) detected at line 871
\OMS/cmsy/m/n/10 T[] \OT1/cmr/m/n/10 = 8\OML/cmm/m/it/10 ig[] N[] G[] []  G[] [
]  G[] []  G[] []  G[] []  G[] []  G[] []  G[] []
 []


Overfull \hbox (1.9457pt too wide) detected at line 874
\OMS/cmsy/m/n/10 T[] \OT1/cmr/m/n/10 = 8\OML/cmm/m/it/10 ig[] N[] G[] []  G[] [
]  G[] []  G[] []  G[] []  G[] []  G[] []  G[] []
 []


Overfull \hbox (1.82994pt too wide) detected at line 877
\OMS/cmsy/m/n/10 T[] \OT1/cmr/m/n/10 = 8\OML/cmm/m/it/10 ig[] N[] G[] []  G[] [
]  G[] []  G[] []  G[] []  G[] []  G[] []  G[] []
 []


Overfull \hbox (2.64873pt too wide) detected at line 880
\OMS/cmsy/m/n/10 T[] \OT1/cmr/m/n/10 = 2\OML/cmm/m/it/10 ig[] N[] G[] []  G[] [
]  G[] []  G[] []  G[] []  G[] []  G[] []  G[] []
 []


Overfull \hbox (1.9457pt too wide) detected at line 883
\OMS/cmsy/m/n/10 T[] \OT1/cmr/m/n/10 = 8\OML/cmm/m/it/10 ig[] N[] G[] []  G[] [
]  G[] []  G[] []  G[] []  G[] []  G[] []  G[] []
 []


Overfull \hbox (1.9457pt too wide) detected at line 886
\OMS/cmsy/m/n/10 T[] \OT1/cmr/m/n/10 = 8\OML/cmm/m/it/10 ig[] N[] G[] []  G[] [
]  G[] []  G[] []  G[] []  G[] []  G[] []  G[] []
 []


Overfull \hbox (1.82994pt too wide) detected at line 889
\OMS/cmsy/m/n/10 T[] \OT1/cmr/m/n/10 = 8\OML/cmm/m/it/10 ig[] N[] G[] []  G[] [
]  G[] []  G[] []  G[] []  G[] []  G[] []  G[] []
 []


Overfull \hbox (1.9457pt too wide) detected at line 892
\OMS/cmsy/m/n/10 T[] \OT1/cmr/m/n/10 = 8\OML/cmm/m/it/10 ig[] N[] G[] []  G[] [
]  G[] []  G[] []  G[] []  G[] []  G[] []  G[] []
 []


Overfull \hbox (6.35843pt too wide) detected at line 895
\OMS/cmsy/m/n/10 T[] \OT1/cmr/m/n/10 = 32\OML/cmm/m/it/10 ig[] N[] G[] []  G[] 
[]  G[] []  G[] []  G[] []  G[] []  G[] []  G[] []
 []


Overfull \hbox (6.24268pt too wide) detected at line 898
\OMS/cmsy/m/n/10 T[] \OT1/cmr/m/n/10 = 32\OML/cmm/m/it/10 ig[] N[] G[] []  G[] 
[]  G[] []  G[] []  G[] []  G[] []  G[] []  G[] []
 []


Overfull \hbox (6.24268pt too wide) detected at line 901
\OMS/cmsy/m/n/10 T[] \OT1/cmr/m/n/10 = 32\OML/cmm/m/it/10 ig[] N[] G[] []  G[] 
[]  G[] []  G[] []  G[] []  G[] []  G[] []  G[] []
 []


Overfull \hbox (2.53297pt too wide) detected at line 904
\OMS/cmsy/m/n/10 T[] \OT1/cmr/m/n/10 = 2\OML/cmm/m/it/10 ig[] N[] G[] []  G[] [
]  G[] []  G[] []  G[] []  G[] []  G[] []  G[] []
 []


Overfull \hbox (1.82994pt too wide) detected at line 907
\OMS/cmsy/m/n/10 T[] \OT1/cmr/m/n/10 = 8\OML/cmm/m/it/10 ig[] N[] G[] []  G[] [
]  G[] []  G[] []  G[] []  G[] []  G[] []  G[] []
 []


Overfull \hbox (1.82994pt too wide) detected at line 910
\OMS/cmsy/m/n/10 T[] \OT1/cmr/m/n/10 = 8\OML/cmm/m/it/10 ig[] N[] G[] []  G[] [
]  G[] []  G[] []  G[] []  G[] []  G[] []  G[] []
 []


Overfull \hbox (1.71419pt too wide) detected at line 913
\OMS/cmsy/m/n/10 T[] \OT1/cmr/m/n/10 = 8\OML/cmm/m/it/10 ig[] N[] G[] []  G[] [
]  G[] []  G[] []  G[] []  G[] []  G[] []  G[] []
 []


Overfull \hbox (1.82994pt too wide) detected at line 916
\OMS/cmsy/m/n/10 T[] \OT1/cmr/m/n/10 = 8\OML/cmm/m/it/10 ig[] N[] G[] []  G[] [
]  G[] []  G[] []  G[] []  G[] []  G[] []  G[] []
 []


Overfull \hbox (6.24268pt too wide) detected at line 919
\OMS/cmsy/m/n/10 T[] \OT1/cmr/m/n/10 = 32\OML/cmm/m/it/10 ig[] N[] G[] []  G[] 
[]  G[] []  G[] []  G[] []  G[] []  G[] []  G[] []
 []

[8]
Overfull \hbox (6.12692pt too wide) detected at line 922
\OMS/cmsy/m/n/10 T[] \OT1/cmr/m/n/10 = 32\OML/cmm/m/it/10 ig[] N[] G[] []  G[] 
[]  G[] []  G[] []  G[] []  G[] []  G[] []  G[] []
 []


Overfull \hbox (6.12692pt too wide) detected at line 925
\OMS/cmsy/m/n/10 T[] \OT1/cmr/m/n/10 = 32\OML/cmm/m/it/10 ig[] N[] G[] []  G[] 
[]  G[] []  G[] []  G[] []  G[] []  G[] []  G[] []
 []


Overfull \hbox (1.82994pt too wide) detected at line 928
\OMS/cmsy/m/n/10 T[] \OT1/cmr/m/n/10 = 8\OML/cmm/m/it/10 ig[] N[] G[] []  G[] [
]  G[] []  G[] []  G[] []  G[] []  G[] []  G[] []
 []


Overfull \hbox (6.24268pt too wide) detected at line 931
\OMS/cmsy/m/n/10 T[] \OT1/cmr/m/n/10 = 32\OML/cmm/m/it/10 ig[] N[] G[] []  G[] 
[]  G[] []  G[] []  G[] []  G[] []  G[] []  G[] []
 []


Overfull \hbox (6.12692pt too wide) detected at line 934
\OMS/cmsy/m/n/10 T[] \OT1/cmr/m/n/10 = 32\OML/cmm/m/it/10 ig[] N[] G[] []  G[] 
[]  G[] []  G[] []  G[] []  G[] []  G[] []  G[] []
 []


Overfull \hbox (6.12692pt too wide) detected at line 937
\OMS/cmsy/m/n/10 T[] \OT1/cmr/m/n/10 = 32\OML/cmm/m/it/10 ig[] N[] G[] []  G[] 
[]  G[] []  G[] []  G[] []  G[] []  G[] []  G[] []
 []


Overfull \hbox (1.9457pt too wide) detected at line 940
\OMS/cmsy/m/n/10 T[] \OT1/cmr/m/n/10 = 8\OML/cmm/m/it/10 ig[] N[] G[] []  G[] [
]  G[] []  G[] []  G[] []  G[] []  G[] []  G[] []
 []


Overfull \hbox (6.24268pt too wide) detected at line 943
\OMS/cmsy/m/n/10 T[] \OT1/cmr/m/n/10 = 32\OML/cmm/m/it/10 ig[] N[] G[] []  G[] 
[]  G[] []  G[] []  G[] []  G[] []  G[] []  G[] []
 []


Overfull \hbox (6.24268pt too wide) detected at line 946
\OMS/cmsy/m/n/10 T[] \OT1/cmr/m/n/10 = 32\OML/cmm/m/it/10 ig[] N[] G[] []  G[] 
[]  G[] []  G[] []  G[] []  G[] []  G[] []  G[] []
 []


Overfull \hbox (6.12692pt too wide) detected at line 949
\OMS/cmsy/m/n/10 T[] \OT1/cmr/m/n/10 = 32\OML/cmm/m/it/10 ig[] N[] G[] []  G[] 
[]  G[] []  G[] []  G[] []  G[] []  G[] []  G[] []
 []


Overfull \hbox (1.82994pt too wide) detected at line 952
\OMS/cmsy/m/n/10 T[] \OT1/cmr/m/n/10 = 4\OML/cmm/m/it/10 ig[] N[] G[] []  G[] [
]  G[] []  G[] []  G[] []  G[] []  G[] []  G[] []
 []


Overfull \hbox (1.71419pt too wide) detected at line 955
\OMS/cmsy/m/n/10 T[] \OT1/cmr/m/n/10 = 4\OML/cmm/m/it/10 ig[] N[] G[] []  G[] [
]  G[] []  G[] []  G[] []  G[] []  G[] []  G[] []
 []


Overfull \hbox (1.82994pt too wide) detected at line 958
\OMS/cmsy/m/n/10 T[] \OT1/cmr/m/n/10 = 4\OML/cmm/m/it/10 ig[] N[] G[] []  G[] [
]  G[] []  G[] []  G[] []  G[] []  G[] []  G[] []
 []


Overfull \hbox (6.12692pt too wide) detected at line 961
\OMS/cmsy/m/n/10 T[] \OT1/cmr/m/n/10 = 16\OML/cmm/m/it/10 ig[] N[] G[] []  G[] 
[]  G[] []  G[] []  G[] []  G[] []  G[] []  G[] []
 []


Overfull \hbox (6.24268pt too wide) detected at line 964
\OMS/cmsy/m/n/10 T[] \OT1/cmr/m/n/10 = 16\OML/cmm/m/it/10 ig[] N[] G[] []  G[] 
[]  G[] []  G[] []  G[] []  G[] []  G[] []  G[] []
 []


Overfull \hbox (6.12692pt too wide) detected at line 967
\OMS/cmsy/m/n/10 T[] \OT1/cmr/m/n/10 = 16\OML/cmm/m/it/10 ig[] N[] G[] []  G[] 
[]  G[] []  G[] []  G[] []  G[] []  G[] []  G[] []
 []


Overfull \hbox (6.24268pt too wide) detected at line 970
\OMS/cmsy/m/n/10 T[] \OT1/cmr/m/n/10 = 16\OML/cmm/m/it/10 ig[] N[] G[] []  G[] 
[]  G[] []  G[] []  G[] []  G[] []  G[] []  G[] []
 []


Overfull \hbox (5.53964pt too wide) detected at line 973
\OMS/cmsy/m/n/10 T[] \OT1/cmr/m/n/10 = 64\OML/cmm/m/it/10 ig[] N[] G[] []  G[] 
[]  G[] []  G[] []  G[] []  G[] []  G[] []  G[] []
 []


Overfull \hbox (1.82994pt too wide) detected at line 976
\OMS/cmsy/m/n/10 T[] \OT1/cmr/m/n/10 = 4\OML/cmm/m/it/10 ig[] N[] G[] []  G[] [
]  G[] []  G[] []  G[] []  G[] []  G[] []  G[] []
 []


Overfull \hbox (6.12692pt too wide) detected at line 979
\OMS/cmsy/m/n/10 T[] \OT1/cmr/m/n/10 = 16\OML/cmm/m/it/10 ig[] N[] G[] []  G[] 
[]  G[] []  G[] []  G[] []  G[] []  G[] []  G[] []
 []


Overfull \hbox (6.24268pt too wide) detected at line 982
\OMS/cmsy/m/n/10 T[] \OT1/cmr/m/n/10 = 16\OML/cmm/m/it/10 ig[] N[] G[] []  G[] 
[]  G[] []  G[] []  G[] []  G[] []  G[] []  G[] []
 []


Overfull \hbox (6.12692pt too wide) detected at line 985
\OMS/cmsy/m/n/10 T[] \OT1/cmr/m/n/10 = 16\OML/cmm/m/it/10 ig[] N[] G[] []  G[] 
[]  G[] []  G[] []  G[] []  G[] []  G[] []  G[] []
 []


Overfull \hbox (1.82994pt too wide) detected at line 988
\OMS/cmsy/m/n/10 T[] \OT1/cmr/m/n/10 = 4\OML/cmm/m/it/10 ig[] N[] G[] []  G[] [
]  G[] []  G[] []  G[] []  G[] []  G[] []  G[] []
 []


Overfull \hbox (1.71419pt too wide) detected at line 991
\OMS/cmsy/m/n/10 T[] \OT1/cmr/m/n/10 = 4\OML/cmm/m/it/10 ig[] N[] G[] []  G[] [
]  G[] []  G[] []  G[] []  G[] []  G[] []  G[] []
 []


Overfull \hbox (1.82994pt too wide) detected at line 994
\OMS/cmsy/m/n/10 T[] \OT1/cmr/m/n/10 = 4\OML/cmm/m/it/10 ig[] N[] G[] []  G[] [
]  G[] []  G[] []  G[] []  G[] []  G[] []  G[] []
 []


Overfull \hbox (6.12692pt too wide) detected at line 997
\OMS/cmsy/m/n/10 T[] \OT1/cmr/m/n/10 = 16\OML/cmm/m/it/10 ig[] N[] G[] []  G[] 
[]  G[] []  G[] []  G[] []  G[] []  G[] []  G[] []
 []


Overfull \hbox (1.82994pt too wide) detected at line 1000
\OMS/cmsy/m/n/10 T[] \OT1/cmr/m/n/10 = 4\OML/cmm/m/it/10 ig[] N[] G[] []  G[] [
]  G[] []  G[] []  G[] []  G[] []  G[] []  G[] []
 []


Overfull \hbox (6.12692pt too wide) detected at line 1003
\OMS/cmsy/m/n/10 T[] \OT1/cmr/m/n/10 = 16\OML/cmm/m/it/10 ig[] N[] G[] []  G[] 
[]  G[] []  G[] []  G[] []  G[] []  G[] []  G[] []
 []


Overfull \hbox (6.24268pt too wide) detected at line 1006
\OMS/cmsy/m/n/10 T[] \OT1/cmr/m/n/10 = 16\OML/cmm/m/it/10 ig[] N[] G[] []  G[] 
[]  G[] []  G[] []  G[] []  G[] []  G[] []  G[] []
 []


Overfull \hbox (6.12692pt too wide) detected at line 1009
\OMS/cmsy/m/n/10 T[] \OT1/cmr/m/n/10 = 16\OML/cmm/m/it/10 ig[] N[] G[] []  G[] 
[]  G[] []  G[] []  G[] []  G[] []  G[] []  G[] []
 []


Overfull \hbox (1.9457pt too wide) detected at line 1012
\OMS/cmsy/m/n/10 T[] \OT1/cmr/m/n/10 = 8\OML/cmm/m/it/10 ig[] N[] G[] []  G[] [
]  G[] []  G[] []  G[] []  G[] []  G[] []  G[] []
 []


Overfull \hbox (1.82994pt too wide) detected at line 1015
\OMS/cmsy/m/n/10 T[] \OT1/cmr/m/n/10 = 8\OML/cmm/m/it/10 ig[] N[] G[] []  G[] [
]  G[] []  G[] []  G[] []  G[] []  G[] []  G[] []
 []


Overfull \hbox (1.9457pt too wide) detected at line 1018
\OMS/cmsy/m/n/10 T[] \OT1/cmr/m/n/10 = 8\OML/cmm/m/it/10 ig[] N[] G[] []  G[] [
]  G[] []  G[] []  G[] []  G[] []  G[] []  G[] []
 []


Overfull \hbox (6.24268pt too wide) detected at line 1021
\OMS/cmsy/m/n/10 T[] \OT1/cmr/m/n/10 = 32\OML/cmm/m/it/10 ig[] N[] G[] []  G[] 
[]  G[] []  G[] []  G[] []  G[] []  G[] []  G[] []
 []


Overfull \hbox (1.82994pt too wide) detected at line 1024
\OMS/cmsy/m/n/10 T[] \OT1/cmr/m/n/10 = 8\OML/cmm/m/it/10 ig[] N[] G[] []  G[] [
]  G[] []  G[] []  G[] []  G[] []  G[] []  G[] []
 []


Overfull \hbox (6.12692pt too wide) detected at line 1027
\OMS/cmsy/m/n/10 T[] \OT1/cmr/m/n/10 = 32\OML/cmm/m/it/10 ig[] N[] G[] []  G[] 
[]  G[] []  G[] []  G[] []  G[] []  G[] []  G[] []
 []


Overfull \hbox (6.24268pt too wide) detected at line 1030
\OMS/cmsy/m/n/10 T[] \OT1/cmr/m/n/10 = 32\OML/cmm/m/it/10 ig[] N[] G[] []  G[] 
[]  G[] []  G[] []  G[] []  G[] []  G[] []  G[] []
 []


Overfull \hbox (6.12692pt too wide) detected at line 1033
\OMS/cmsy/m/n/10 T[] \OT1/cmr/m/n/10 = 32\OML/cmm/m/it/10 ig[] N[] G[] []  G[] 
[]  G[] []  G[] []  G[] []  G[] []  G[] []  G[] []
 []

[9]
Overfull \hbox (6.24268pt too wide) detected at line 1036
\OMS/cmsy/m/n/10 T[] \OT1/cmr/m/n/10 = 16\OML/cmm/m/it/10 ig[] N[] G[] []  G[] 
[]  G[] []  G[] []  G[] []  G[] []  G[] []  G[] []
 []


Overfull \hbox (5.53964pt too wide) detected at line 1039
\OMS/cmsy/m/n/10 T[] \OT1/cmr/m/n/10 = 64\OML/cmm/m/it/10 ig[] N[] G[] []  G[] 
[]  G[] []  G[] []  G[] []  G[] []  G[] []  G[] []
 []


Overfull \hbox (5.6554pt too wide) detected at line 1042
\OMS/cmsy/m/n/10 T[] \OT1/cmr/m/n/10 = 64\OML/cmm/m/it/10 ig[] N[] G[] []  G[] 
[]  G[] []  G[] []  G[] []  G[] []  G[] []  G[] []
 []


Overfull \hbox (5.53964pt too wide) detected at line 1045
\OMS/cmsy/m/n/10 T[] \OT1/cmr/m/n/10 = 64\OML/cmm/m/it/10 ig[] N[] G[] []  G[] 
[]  G[] []  G[] []  G[] []  G[] []  G[] []  G[] []
 []


Overfull \hbox (6.24268pt too wide) detected at line 1048
\OMS/cmsy/m/n/10 T[] \OT1/cmr/m/n/10 = 16\OML/cmm/m/it/10 ig[] N[] G[] []  G[] 
[]  G[] []  G[] []  G[] []  G[] []  G[] []  G[] []
 []


Overfull \hbox (6.12692pt too wide) detected at line 1051
\OMS/cmsy/m/n/10 T[] \OT1/cmr/m/n/10 = 16\OML/cmm/m/it/10 ig[] N[] G[] []  G[] 
[]  G[] []  G[] []  G[] []  G[] []  G[] []  G[] []
 []


Overfull \hbox (6.24268pt too wide) detected at line 1054
\OMS/cmsy/m/n/10 T[] \OT1/cmr/m/n/10 = 16\OML/cmm/m/it/10 ig[] N[] G[] []  G[] 
[]  G[] []  G[] []  G[] []  G[] []  G[] []  G[] []
 []


Overfull \hbox (5.53964pt too wide) detected at line 1057
\OMS/cmsy/m/n/10 T[] \OT1/cmr/m/n/10 = 64\OML/cmm/m/it/10 ig[] N[] G[] []  G[] 
[]  G[] []  G[] []  G[] []  G[] []  G[] []  G[] []
 []


Overfull \hbox (6.24268pt too wide) detected at line 1060
\OMS/cmsy/m/n/10 T[] \OT1/cmr/m/n/10 = 16\OML/cmm/m/it/10 ig[] N[] G[] []  G[] 
[]  G[] []  G[] []  G[] []  G[] []  G[] []  G[] []
 []


Overfull \hbox (5.53964pt too wide) detected at line 1063
\OMS/cmsy/m/n/10 T[] \OT1/cmr/m/n/10 = 64\OML/cmm/m/it/10 ig[] N[] G[] []  G[] 
[]  G[] []  G[] []  G[] []  G[] []  G[] []  G[] []
 []


Overfull \hbox (5.6554pt too wide) detected at line 1066
\OMS/cmsy/m/n/10 T[] \OT1/cmr/m/n/10 = 64\OML/cmm/m/it/10 ig[] N[] G[] []  G[] 
[]  G[] []  G[] []  G[] []  G[] []  G[] []  G[] []
 []


Overfull \hbox (5.53964pt too wide) detected at line 1069
\OMS/cmsy/m/n/10 T[] \OT1/cmr/m/n/10 = 64\OML/cmm/m/it/10 ig[] N[] G[] []  G[] 
[]  G[] []  G[] []  G[] []  G[] []  G[] []  G[] []
 []


Overfull \hbox (6.24268pt too wide) detected at line 1072
\OMS/cmsy/m/n/10 T[] \OT1/cmr/m/n/10 = 32\OML/cmm/m/it/10 ig[] N[] G[] []  G[] 
[]  G[] []  G[] []  G[] []  G[] []  G[] []  G[] []
 []


Overfull \hbox (6.12692pt too wide) detected at line 1075
\OMS/cmsy/m/n/10 T[] \OT1/cmr/m/n/10 = 32\OML/cmm/m/it/10 ig[] N[] G[] []  G[] 
[]  G[] []  G[] []  G[] []  G[] []  G[] []  G[] []
 []


Overfull \hbox (6.24268pt too wide) detected at line 1078
\OMS/cmsy/m/n/10 T[] \OT1/cmr/m/n/10 = 32\OML/cmm/m/it/10 ig[] N[] G[] []  G[] 
[]  G[] []  G[] []  G[] []  G[] []  G[] []  G[] []
 []


Overfull \hbox (10.53966pt too wide) detected at line 1081
\OMS/cmsy/m/n/10 T[] \OT1/cmr/m/n/10 = 128\OML/cmm/m/it/10 ig[] N[] G[] []  G[]
 []  G[] []  G[] []  G[] []  G[] []  G[] []  G[] []
 []


Overfull \hbox (1.9457pt too wide) detected at line 1084
\OMS/cmsy/m/n/10 T[] \OT1/cmr/m/n/10 = 4\OML/cmm/m/it/10 ig[] N[] G[] []  G[] [
]  G[] []  G[] []  G[] []  G[] []  G[] []  G[] []
 []


Overfull \hbox (1.82994pt too wide) detected at line 1087
\OMS/cmsy/m/n/10 T[] \OT1/cmr/m/n/10 = 4\OML/cmm/m/it/10 ig[] N[] G[] []  G[] [
]  G[] []  G[] []  G[] []  G[] []  G[] []  G[] []
 []


Overfull \hbox (1.9457pt too wide) detected at line 1090
\OMS/cmsy/m/n/10 T[] \OT1/cmr/m/n/10 = 4\OML/cmm/m/it/10 ig[] N[] G[] []  G[] [
]  G[] []  G[] []  G[] []  G[] []  G[] []  G[] []
 []


Overfull \hbox (6.24268pt too wide) detected at line 1093
\OMS/cmsy/m/n/10 T[] \OT1/cmr/m/n/10 = 16\OML/cmm/m/it/10 ig[] N[] G[] []  G[] 
[]  G[] []  G[] []  G[] []  G[] []  G[] []  G[] []
 []


Overfull \hbox (1.82994pt too wide) detected at line 1096
\OMS/cmsy/m/n/10 T[] \OT1/cmr/m/n/10 = 4\OML/cmm/m/it/10 ig[] N[] G[] []  G[] [
]  G[] []  G[] []  G[] []  G[] []  G[] []  G[] []
 []


Overfull \hbox (6.12692pt too wide) detected at line 1099
\OMS/cmsy/m/n/10 T[] \OT1/cmr/m/n/10 = 16\OML/cmm/m/it/10 ig[] N[] G[] []  G[] 
[]  G[] []  G[] []  G[] []  G[] []  G[] []  G[] []
 []


Overfull \hbox (6.24268pt too wide) detected at line 1102
\OMS/cmsy/m/n/10 T[] \OT1/cmr/m/n/10 = 16\OML/cmm/m/it/10 ig[] N[] G[] []  G[] 
[]  G[] []  G[] []  G[] []  G[] []  G[] []  G[] []
 []


Overfull \hbox (6.12692pt too wide) detected at line 1105
\OMS/cmsy/m/n/10 T[] \OT1/cmr/m/n/10 = 16\OML/cmm/m/it/10 ig[] N[] G[] []  G[] 
[]  G[] []  G[] []  G[] []  G[] []  G[] []  G[] []
 []


Overfull \hbox (6.24268pt too wide) detected at line 1108
\OMS/cmsy/m/n/10 T[] \OT1/cmr/m/n/10 = 32\OML/cmm/m/it/10 ig[] N[] G[] []  G[] 
[]  G[] []  G[] []  G[] []  G[] []  G[] []  G[] []
 []


Overfull \hbox (10.53966pt too wide) detected at line 1111
\OMS/cmsy/m/n/10 T[] \OT1/cmr/m/n/10 = 128\OML/cmm/m/it/10 ig[] N[] G[] []  G[]
 []  G[] []  G[] []  G[] []  G[] []  G[] []  G[] []
 []


Overfull \hbox (10.65541pt too wide) detected at line 1114
\OMS/cmsy/m/n/10 T[] \OT1/cmr/m/n/10 = 128\OML/cmm/m/it/10 ig[] N[] G[] []  G[]
 []  G[] []  G[] []  G[] []  G[] []  G[] []  G[] []
 []


Overfull \hbox (10.53966pt too wide) detected at line 1117
\OMS/cmsy/m/n/10 T[] \OT1/cmr/m/n/10 = 128\OML/cmm/m/it/10 ig[] N[] G[] []  G[]
 []  G[] []  G[] []  G[] []  G[] []  G[] []  G[] []
 []


Overfull \hbox (6.24268pt too wide) detected at line 1120
\OMS/cmsy/m/n/10 T[] \OT1/cmr/m/n/10 = 32\OML/cmm/m/it/10 ig[] N[] G[] []  G[] 
[]  G[] []  G[] []  G[] []  G[] []  G[] []  G[] []
 []


Overfull \hbox (6.12692pt too wide) detected at line 1123
\OMS/cmsy/m/n/10 T[] \OT1/cmr/m/n/10 = 32\OML/cmm/m/it/10 ig[] N[] G[] []  G[] 
[]  G[] []  G[] []  G[] []  G[] []  G[] []  G[] []
 []


Overfull \hbox (6.24268pt too wide) detected at line 1126
\OMS/cmsy/m/n/10 T[] \OT1/cmr/m/n/10 = 32\OML/cmm/m/it/10 ig[] N[] G[] []  G[] 
[]  G[] []  G[] []  G[] []  G[] []  G[] []  G[] []
 []


Overfull \hbox (10.53966pt too wide) detected at line 1129
\OMS/cmsy/m/n/10 T[] \OT1/cmr/m/n/10 = 128\OML/cmm/m/it/10 ig[] N[] G[] []  G[]
 []  G[] []  G[] []  G[] []  G[] []  G[] []  G[] []
 []


Overfull \hbox (6.24268pt too wide) detected at line 1132
\OMS/cmsy/m/n/10 T[] \OT1/cmr/m/n/10 = 32\OML/cmm/m/it/10 ig[] N[] G[] []  G[] 
[]  G[] []  G[] []  G[] []  G[] []  G[] []  G[] []
 []


Overfull \hbox (10.53966pt too wide) detected at line 1135
\OMS/cmsy/m/n/10 T[] \OT1/cmr/m/n/10 = 128\OML/cmm/m/it/10 ig[] N[] G[] []  G[]
 []  G[] []  G[] []  G[] []  G[] []  G[] []  G[] []
 []


Overfull \hbox (10.65541pt too wide) detected at line 1138
\OMS/cmsy/m/n/10 T[] \OT1/cmr/m/n/10 = 128\OML/cmm/m/it/10 ig[] N[] G[] []  G[]
 []  G[] []  G[] []  G[] []  G[] []  G[] []  G[] []
 []


Overfull \hbox (10.53966pt too wide) detected at line 1141
\OMS/cmsy/m/n/10 T[] \OT1/cmr/m/n/10 = 128\OML/cmm/m/it/10 ig[] N[] G[] []  G[]
 []  G[] []  G[] []  G[] []  G[] []  G[] []  G[] []
 []

[10]
Overfull \hbox (1.9457pt too wide) detected at line 1153
\OMS/cmsy/m/n/10 T[] \OT1/cmr/m/n/10 = 4\OML/cmm/m/it/10 ig[] N[] G[] []  G[] [
]  G[] []  G[] []  G[] []  G[] []  G[] []  G[] []
 []


Overfull \hbox (1.9457pt too wide) detected at line 1165
\OMS/cmsy/m/n/10 T[] \OT1/cmr/m/n/10 = 4\OML/cmm/m/it/10 ig[] N[] G[] []  G[] [
]  G[] []  G[] []  G[] []  G[] []  G[] []  G[] []
 []


Overfull \hbox (2.64873pt too wide) detected at line 1168
\OMS/cmsy/m/n/10 T[] \OT1/cmr/m/n/10 = 2\OML/cmm/m/it/10 ig[] N[] G[] []  G[] [
]  G[] []  G[] []  G[] []  G[] []  G[] []  G[] []
 []


Overfull \hbox (2.53297pt too wide) detected at line 1171
\OMS/cmsy/m/n/10 T[] \OT1/cmr/m/n/10 = 2\OML/cmm/m/it/10 ig[] N[] G[] []  G[] [
]  G[] []  G[] []  G[] []  G[] []  G[] []  G[] []
 []


Overfull \hbox (2.53297pt too wide) detected at line 1174
\OMS/cmsy/m/n/10 T[] \OT1/cmr/m/n/10 = 2\OML/cmm/m/it/10 ig[] N[] G[] []  G[] [
]  G[] []  G[] []  G[] []  G[] []  G[] []  G[] []
 []


Overfull \hbox (1.82994pt too wide) detected at line 1177
\OMS/cmsy/m/n/10 T[] \OT1/cmr/m/n/10 = 8\OML/cmm/m/it/10 ig[] N[] G[] []  G[] [
]  G[] []  G[] []  G[] []  G[] []  G[] []  G[] []
 []


Overfull \hbox (1.9457pt too wide) detected at line 1180
\OMS/cmsy/m/n/10 T[] \OT1/cmr/m/n/10 = 8\OML/cmm/m/it/10 ig[] N[] G[] []  G[] [
]  G[] []  G[] []  G[] []  G[] []  G[] []  G[] []
 []


Overfull \hbox (1.9457pt too wide) detected at line 1183
\OMS/cmsy/m/n/10 T[] \OT1/cmr/m/n/10 = 8\OML/cmm/m/it/10 ig[] N[] G[] []  G[] [
]  G[] []  G[] []  G[] []  G[] []  G[] []  G[] []
 []


Overfull \hbox (1.82994pt too wide) detected at line 1186
\OMS/cmsy/m/n/10 T[] \OT1/cmr/m/n/10 = 8\OML/cmm/m/it/10 ig[] N[] G[] []  G[] [
]  G[] []  G[] []  G[] []  G[] []  G[] []  G[] []
 []


Overfull \hbox (6.24268pt too wide) detected at line 1189
\OMS/cmsy/m/n/10 T[] \OT1/cmr/m/n/10 = 32\OML/cmm/m/it/10 ig[] N[] G[] []  G[] 
[]  G[] []  G[] []  G[] []  G[] []  G[] []  G[] []
 []


Overfull \hbox (1.82994pt too wide) detected at line 1192
\OMS/cmsy/m/n/10 T[] \OT1/cmr/m/n/10 = 4\OML/cmm/m/it/10 ig[] N[] G[] []  G[] [
]  G[] []  G[] []  G[] []  G[] []  G[] []  G[] []
 []


Overfull \hbox (1.82994pt too wide) detected at line 1195
\OMS/cmsy/m/n/10 T[] \OT1/cmr/m/n/10 = 4\OML/cmm/m/it/10 ig[] N[] G[] []  G[] [
]  G[] []  G[] []  G[] []  G[] []  G[] []  G[] []
 []


Overfull \hbox (1.71419pt too wide) detected at line 1198
\OMS/cmsy/m/n/10 T[] \OT1/cmr/m/n/10 = 4\OML/cmm/m/it/10 ig[] N[] G[] []  G[] [
]  G[] []  G[] []  G[] []  G[] []  G[] []  G[] []
 []


Overfull \hbox (6.12692pt too wide) detected at line 1201
\OMS/cmsy/m/n/10 T[] \OT1/cmr/m/n/10 = 16\OML/cmm/m/it/10 ig[] N[] G[] []  G[] 
[]  G[] []  G[] []  G[] []  G[] []  G[] []  G[] []
 []


Overfull \hbox (1.9457pt too wide) detected at line 1204
\OMS/cmsy/m/n/10 T[] \OT1/cmr/m/n/10 = 4\OML/cmm/m/it/10 ig[] N[] G[] []  G[] [
]  G[] []  G[] []  G[] []  G[] []  G[] []  G[] []
 []


Overfull \hbox (1.82994pt too wide) detected at line 1207
\OMS/cmsy/m/n/10 T[] \OT1/cmr/m/n/10 = 4\OML/cmm/m/it/10 ig[] N[] G[] []  G[] [
]  G[] []  G[] []  G[] []  G[] []  G[] []  G[] []
 []


Overfull \hbox (1.82994pt too wide) detected at line 1210
\OMS/cmsy/m/n/10 T[] \OT1/cmr/m/n/10 = 4\OML/cmm/m/it/10 ig[] N[] G[] []  G[] [
]  G[] []  G[] []  G[] []  G[] []  G[] []  G[] []
 []


Overfull \hbox (6.12692pt too wide) detected at line 1213
\OMS/cmsy/m/n/10 T[] \OT1/cmr/m/n/10 = 16\OML/cmm/m/it/10 ig[] N[] G[] []  G[] 
[]  G[] []  G[] []  G[] []  G[] []  G[] []  G[] []
 []


Overfull \hbox (1.82994pt too wide) detected at line 1216
\OMS/cmsy/m/n/10 T[] \OT1/cmr/m/n/10 = 4\OML/cmm/m/it/10 ig[] N[] G[] []  G[] [
]  G[] []  G[] []  G[] []  G[] []  G[] []  G[] []
 []


Overfull \hbox (1.82994pt too wide) detected at line 1219
\OMS/cmsy/m/n/10 T[] \OT1/cmr/m/n/10 = 4\OML/cmm/m/it/10 ig[] N[] G[] []  G[] [
]  G[] []  G[] []  G[] []  G[] []  G[] []  G[] []
 []


Overfull \hbox (1.71419pt too wide) detected at line 1222
\OMS/cmsy/m/n/10 T[] \OT1/cmr/m/n/10 = 4\OML/cmm/m/it/10 ig[] N[] G[] []  G[] [
]  G[] []  G[] []  G[] []  G[] []  G[] []  G[] []
 []


Overfull \hbox (6.12692pt too wide) detected at line 1225
\OMS/cmsy/m/n/10 T[] \OT1/cmr/m/n/10 = 16\OML/cmm/m/it/10 ig[] N[] G[] []  G[] 
[]  G[] []  G[] []  G[] []  G[] []  G[] []  G[] []
 []


Overfull \hbox (1.9457pt too wide) detected at line 1228
\OMS/cmsy/m/n/10 T[] \OT1/cmr/m/n/10 = 8\OML/cmm/m/it/10 ig[] N[] G[] []  G[] [
]  G[] []  G[] []  G[] []  G[] []  G[] []  G[] []
 []


Overfull \hbox (1.82994pt too wide) detected at line 1231
\OMS/cmsy/m/n/10 T[] \OT1/cmr/m/n/10 = 8\OML/cmm/m/it/10 ig[] N[] G[] []  G[] [
]  G[] []  G[] []  G[] []  G[] []  G[] []  G[] []
 []


Overfull \hbox (1.82994pt too wide) detected at line 1234
\OMS/cmsy/m/n/10 T[] \OT1/cmr/m/n/10 = 8\OML/cmm/m/it/10 ig[] N[] G[] []  G[] [
]  G[] []  G[] []  G[] []  G[] []  G[] []  G[] []
 []


Overfull \hbox (6.12692pt too wide) detected at line 1237
\OMS/cmsy/m/n/10 T[] \OT1/cmr/m/n/10 = 32\OML/cmm/m/it/10 ig[] N[] G[] []  G[] 
[]  G[] []  G[] []  G[] []  G[] []  G[] []  G[] []
 []


Overfull \hbox (6.24268pt too wide) detected at line 1240
\OMS/cmsy/m/n/10 T[] \OT1/cmr/m/n/10 = 16\OML/cmm/m/it/10 ig[] N[] G[] []  G[] 
[]  G[] []  G[] []  G[] []  G[] []  G[] []  G[] []
 []


Overfull \hbox (6.24268pt too wide) detected at line 1243
\OMS/cmsy/m/n/10 T[] \OT1/cmr/m/n/10 = 16\OML/cmm/m/it/10 ig[] N[] G[] []  G[] 
[]  G[] []  G[] []  G[] []  G[] []  G[] []  G[] []
 []


Overfull \hbox (6.12692pt too wide) detected at line 1246
\OMS/cmsy/m/n/10 T[] \OT1/cmr/m/n/10 = 16\OML/cmm/m/it/10 ig[] N[] G[] []  G[] 
[]  G[] []  G[] []  G[] []  G[] []  G[] []  G[] []
 []


Overfull \hbox (5.53964pt too wide) detected at line 1249
\OMS/cmsy/m/n/10 T[] \OT1/cmr/m/n/10 = 64\OML/cmm/m/it/10 ig[] N[] G[] []  G[] 
[]  G[] []  G[] []  G[] []  G[] []  G[] []  G[] []
 []


Overfull \hbox (1.9457pt too wide) detected at line 1252
\OMS/cmsy/m/n/10 T[] \OT1/cmr/m/n/10 = 4\OML/cmm/m/it/10 ig[] N[] G[] []  G[] [
]  G[] []  G[] []  G[] []  G[] []  G[] []  G[] []
 []


Overfull \hbox (1.82994pt too wide) detected at line 1255
\OMS/cmsy/m/n/10 T[] \OT1/cmr/m/n/10 = 4\OML/cmm/m/it/10 ig[] N[] G[] []  G[] [
]  G[] []  G[] []  G[] []  G[] []  G[] []  G[] []
 []


Overfull \hbox (1.82994pt too wide) detected at line 1258
\OMS/cmsy/m/n/10 T[] \OT1/cmr/m/n/10 = 4\OML/cmm/m/it/10 ig[] N[] G[] []  G[] [
]  G[] []  G[] []  G[] []  G[] []  G[] []  G[] []
 []


Overfull \hbox (6.12692pt too wide) detected at line 1261
\OMS/cmsy/m/n/10 T[] \OT1/cmr/m/n/10 = 16\OML/cmm/m/it/10 ig[] N[] G[] []  G[] 
[]  G[] []  G[] []  G[] []  G[] []  G[] []  G[] []
 []

[11]
Overfull \hbox (6.24268pt too wide) detected at line 1264
\OMS/cmsy/m/n/10 T[] \OT1/cmr/m/n/10 = 32\OML/cmm/m/it/10 ig[] N[] G[] []  G[] 
[]  G[] []  G[] []  G[] []  G[] []  G[] []  G[] []
 []


Overfull \hbox (6.24268pt too wide) detected at line 1267
\OMS/cmsy/m/n/10 T[] \OT1/cmr/m/n/10 = 32\OML/cmm/m/it/10 ig[] N[] G[] []  G[] 
[]  G[] []  G[] []  G[] []  G[] []  G[] []  G[] []
 []


Overfull \hbox (6.12692pt too wide) detected at line 1270
\OMS/cmsy/m/n/10 T[] \OT1/cmr/m/n/10 = 32\OML/cmm/m/it/10 ig[] N[] G[] []  G[] 
[]  G[] []  G[] []  G[] []  G[] []  G[] []  G[] []
 []


Overfull \hbox (10.53966pt too wide) detected at line 1273
\OMS/cmsy/m/n/10 T[] \OT1/cmr/m/n/10 = 128\OML/cmm/m/it/10 ig[] N[] G[] []  G[]
 []  G[] []  G[] []  G[] []  G[] []  G[] []  G[] []
 []


Overfull \hbox (6.35843pt too wide) detected at line 1276
\OMS/cmsy/m/n/10 T[] \OT1/cmr/m/n/10 = 16\OML/cmm/m/it/10 ig[] N[] G[] []  G[] 
[]  G[] []  G[] []  G[] []  G[] []  G[] []  G[] []
 []


Overfull \hbox (6.24268pt too wide) detected at line 1279
\OMS/cmsy/m/n/10 T[] \OT1/cmr/m/n/10 = 16\OML/cmm/m/it/10 ig[] N[] G[] []  G[] 
[]  G[] []  G[] []  G[] []  G[] []  G[] []  G[] []
 []


Overfull \hbox (6.24268pt too wide) detected at line 1282
\OMS/cmsy/m/n/10 T[] \OT1/cmr/m/n/10 = 16\OML/cmm/m/it/10 ig[] N[] G[] []  G[] 
[]  G[] []  G[] []  G[] []  G[] []  G[] []  G[] []
 []


Overfull \hbox (5.53964pt too wide) detected at line 1285
\OMS/cmsy/m/n/10 T[] \OT1/cmr/m/n/10 = 64\OML/cmm/m/it/10 ig[] N[] G[] []  G[] 
[]  G[] []  G[] []  G[] []  G[] []  G[] []  G[] []
 []


Overfull \hbox (6.35843pt too wide) detected at line 1288
\OMS/cmsy/m/n/10 T[] \OT1/cmr/m/n/10 = 16\OML/cmm/m/it/10 ig[] N[] G[] []  G[] 
[]  G[] []  G[] []  G[] []  G[] []  G[] []  G[] []
 []


Overfull \hbox (6.24268pt too wide) detected at line 1291
\OMS/cmsy/m/n/10 T[] \OT1/cmr/m/n/10 = 16\OML/cmm/m/it/10 ig[] N[] G[] []  G[] 
[]  G[] []  G[] []  G[] []  G[] []  G[] []  G[] []
 []


Overfull \hbox (6.35843pt too wide) detected at line 1294
\OMS/cmsy/m/n/10 T[] \OT1/cmr/m/n/10 = 16\OML/cmm/m/it/10 ig[] N[] G[] []  G[] 
[]  G[] []  G[] []  G[] []  G[] []  G[] []  G[] []
 []


Overfull \hbox (5.6554pt too wide) detected at line 1297
\OMS/cmsy/m/n/10 T[] \OT1/cmr/m/n/10 = 64\OML/cmm/m/it/10 ig[] N[] G[] []  G[] 
[]  G[] []  G[] []  G[] []  G[] []  G[] []  G[] []
 []


Overfull \hbox (6.24268pt too wide) detected at line 1300
\OMS/cmsy/m/n/10 T[] \OT1/cmr/m/n/10 = 16\OML/cmm/m/it/10 ig[] N[] G[] []  G[] 
[]  G[] []  G[] []  G[] []  G[] []  G[] []  G[] []
 []


Overfull \hbox (5.53964pt too wide) detected at line 1303
\OMS/cmsy/m/n/10 T[] \OT1/cmr/m/n/10 = 64\OML/cmm/m/it/10 ig[] N[] G[] []  G[] 
[]  G[] []  G[] []  G[] []  G[] []  G[] []  G[] []
 []


Overfull \hbox (5.6554pt too wide) detected at line 1306
\OMS/cmsy/m/n/10 T[] \OT1/cmr/m/n/10 = 64\OML/cmm/m/it/10 ig[] N[] G[] []  G[] 
[]  G[] []  G[] []  G[] []  G[] []  G[] []  G[] []
 []


Overfull \hbox (5.53964pt too wide) detected at line 1309
\OMS/cmsy/m/n/10 T[] \OT1/cmr/m/n/10 = 64\OML/cmm/m/it/10 ig[] N[] G[] []  G[] 
[]  G[] []  G[] []  G[] []  G[] []  G[] []  G[] []
 []


Overfull \hbox (2.06145pt too wide) detected at line 1315
\OMS/cmsy/m/n/10 T[] \OT1/cmr/m/n/10 = 4\OML/cmm/m/it/10 ig[] N[] G[] []  G[] [
]  G[] []  G[] []  G[] []  G[] []  G[] []  G[] []
 []


Overfull \hbox (1.9457pt too wide) detected at line 1318
\OMS/cmsy/m/n/10 T[] \OT1/cmr/m/n/10 = 4\OML/cmm/m/it/10 ig[] N[] G[] []  G[] [
]  G[] []  G[] []  G[] []  G[] []  G[] []  G[] []
 []


Overfull \hbox (1.9457pt too wide) detected at line 1321
\OMS/cmsy/m/n/10 T[] \OT1/cmr/m/n/10 = 4\OML/cmm/m/it/10 ig[] N[] G[] []  G[] [
]  G[] []  G[] []  G[] []  G[] []  G[] []  G[] []
 []


Overfull \hbox (2.06145pt too wide) detected at line 1327
\OMS/cmsy/m/n/10 T[] \OT1/cmr/m/n/10 = 4\OML/cmm/m/it/10 ig[] N[] G[] []  G[] [
]  G[] []  G[] []  G[] []  G[] []  G[] []  G[] []
 []


Overfull \hbox (2.06145pt too wide) detected at line 1330
\OMS/cmsy/m/n/10 T[] \OT1/cmr/m/n/10 = 4\OML/cmm/m/it/10 ig[] N[] G[] []  G[] [
]  G[] []  G[] []  G[] []  G[] []  G[] []  G[] []
 []


Overfull \hbox (1.9457pt too wide) detected at line 1333
\OMS/cmsy/m/n/10 T[] \OT1/cmr/m/n/10 = 4\OML/cmm/m/it/10 ig[] N[] G[] []  G[] [
]  G[] []  G[] []  G[] []  G[] []  G[] []  G[] []
 []


Overfull \hbox (2.64873pt too wide) detected at line 1336
\OMS/cmsy/m/n/10 T[] \OT1/cmr/m/n/10 = 2\OML/cmm/m/it/10 ig[] N[] G[] []  G[] [
]  G[] []  G[] []  G[] []  G[] []  G[] []  G[] []
 []


Overfull \hbox (1.9457pt too wide) detected at line 1339
\OMS/cmsy/m/n/10 T[] \OT1/cmr/m/n/10 = 8\OML/cmm/m/it/10 ig[] N[] G[] []  G[] [
]  G[] []  G[] []  G[] []  G[] []  G[] []  G[] []
 []


Overfull \hbox (1.9457pt too wide) detected at line 1342
\OMS/cmsy/m/n/10 T[] \OT1/cmr/m/n/10 = 8\OML/cmm/m/it/10 ig[] N[] G[] []  G[] [
]  G[] []  G[] []  G[] []  G[] []  G[] []  G[] []
 []


Overfull \hbox (1.82994pt too wide) detected at line 1345
\OMS/cmsy/m/n/10 T[] \OT1/cmr/m/n/10 = 8\OML/cmm/m/it/10 ig[] N[] G[] []  G[] [
]  G[] []  G[] []  G[] []  G[] []  G[] []  G[] []
 []


Overfull \hbox (1.9457pt too wide) detected at line 1348
\OMS/cmsy/m/n/10 T[] \OT1/cmr/m/n/10 = 8\OML/cmm/m/it/10 ig[] N[] G[] []  G[] [
]  G[] []  G[] []  G[] []  G[] []  G[] []  G[] []
 []


Overfull \hbox (6.35843pt too wide) detected at line 1351
\OMS/cmsy/m/n/10 T[] \OT1/cmr/m/n/10 = 32\OML/cmm/m/it/10 ig[] N[] G[] []  G[] 
[]  G[] []  G[] []  G[] []  G[] []  G[] []  G[] []
 []


Overfull \hbox (6.24268pt too wide) detected at line 1354
\OMS/cmsy/m/n/10 T[] \OT1/cmr/m/n/10 = 32\OML/cmm/m/it/10 ig[] N[] G[] []  G[] 
[]  G[] []  G[] []  G[] []  G[] []  G[] []  G[] []
 []


Overfull \hbox (6.24268pt too wide) detected at line 1357
\OMS/cmsy/m/n/10 T[] \OT1/cmr/m/n/10 = 32\OML/cmm/m/it/10 ig[] N[] G[] []  G[] 
[]  G[] []  G[] []  G[] []  G[] []  G[] []  G[] []
 []


Overfull \hbox (1.82994pt too wide) detected at line 1360
\OMS/cmsy/m/n/10 T[] \OT1/cmr/m/n/10 = 4\OML/cmm/m/it/10 ig[] N[] G[] []  G[] [
]  G[] []  G[] []  G[] []  G[] []  G[] []  G[] []
 []


Overfull \hbox (6.24268pt too wide) detected at line 1363
\OMS/cmsy/m/n/10 T[] \OT1/cmr/m/n/10 = 16\OML/cmm/m/it/10 ig[] N[] G[] []  G[] 
[]  G[] []  G[] []  G[] []  G[] []  G[] []  G[] []
 []


Overfull \hbox (6.12692pt too wide) detected at line 1366
\OMS/cmsy/m/n/10 T[] \OT1/cmr/m/n/10 = 16\OML/cmm/m/it/10 ig[] N[] G[] []  G[] 
[]  G[] []  G[] []  G[] []  G[] []  G[] []  G[] []
 []


Overfull \hbox (6.12692pt too wide) detected at line 1369
\OMS/cmsy/m/n/10 T[] \OT1/cmr/m/n/10 = 16\OML/cmm/m/it/10 ig[] N[] G[] []  G[] 
[]  G[] []  G[] []  G[] []  G[] []  G[] []  G[] []
 []


Overfull \hbox (1.9457pt too wide) detected at line 1372
\OMS/cmsy/m/n/10 T[] \OT1/cmr/m/n/10 = 4\OML/cmm/m/it/10 ig[] N[] G[] []  G[] [
]  G[] []  G[] []  G[] []  G[] []  G[] []  G[] []
 []


Overfull \hbox (6.24268pt too wide) detected at line 1375
\OMS/cmsy/m/n/10 T[] \OT1/cmr/m/n/10 = 16\OML/cmm/m/it/10 ig[] N[] G[] []  G[] 
[]  G[] []  G[] []  G[] []  G[] []  G[] []  G[] []
 []

[12]
Overfull \hbox (6.24268pt too wide) detected at line 1378
\OMS/cmsy/m/n/10 T[] \OT1/cmr/m/n/10 = 16\OML/cmm/m/it/10 ig[] N[] G[] []  G[] 
[]  G[] []  G[] []  G[] []  G[] []  G[] []  G[] []
 []


Overfull \hbox (6.12692pt too wide) detected at line 1381
\OMS/cmsy/m/n/10 T[] \OT1/cmr/m/n/10 = 16\OML/cmm/m/it/10 ig[] N[] G[] []  G[] 
[]  G[] []  G[] []  G[] []  G[] []  G[] []  G[] []
 []


Overfull \hbox (1.82994pt too wide) detected at line 1384
\OMS/cmsy/m/n/10 T[] \OT1/cmr/m/n/10 = 4\OML/cmm/m/it/10 ig[] N[] G[] []  G[] [
]  G[] []  G[] []  G[] []  G[] []  G[] []  G[] []
 []


Overfull \hbox (6.24268pt too wide) detected at line 1387
\OMS/cmsy/m/n/10 T[] \OT1/cmr/m/n/10 = 16\OML/cmm/m/it/10 ig[] N[] G[] []  G[] 
[]  G[] []  G[] []  G[] []  G[] []  G[] []  G[] []
 []


Overfull \hbox (6.12692pt too wide) detected at line 1390
\OMS/cmsy/m/n/10 T[] \OT1/cmr/m/n/10 = 16\OML/cmm/m/it/10 ig[] N[] G[] []  G[] 
[]  G[] []  G[] []  G[] []  G[] []  G[] []  G[] []
 []


Overfull \hbox (6.12692pt too wide) detected at line 1393
\OMS/cmsy/m/n/10 T[] \OT1/cmr/m/n/10 = 16\OML/cmm/m/it/10 ig[] N[] G[] []  G[] 
[]  G[] []  G[] []  G[] []  G[] []  G[] []  G[] []
 []


Overfull \hbox (1.9457pt too wide) detected at line 1396
\OMS/cmsy/m/n/10 T[] \OT1/cmr/m/n/10 = 8\OML/cmm/m/it/10 ig[] N[] G[] []  G[] [
]  G[] []  G[] []  G[] []  G[] []  G[] []  G[] []
 []


Overfull \hbox (6.24268pt too wide) detected at line 1399
\OMS/cmsy/m/n/10 T[] \OT1/cmr/m/n/10 = 32\OML/cmm/m/it/10 ig[] N[] G[] []  G[] 
[]  G[] []  G[] []  G[] []  G[] []  G[] []  G[] []
 []


Overfull \hbox (6.24268pt too wide) detected at line 1402
\OMS/cmsy/m/n/10 T[] \OT1/cmr/m/n/10 = 32\OML/cmm/m/it/10 ig[] N[] G[] []  G[] 
[]  G[] []  G[] []  G[] []  G[] []  G[] []  G[] []
 []


Overfull \hbox (6.12692pt too wide) detected at line 1405
\OMS/cmsy/m/n/10 T[] \OT1/cmr/m/n/10 = 32\OML/cmm/m/it/10 ig[] N[] G[] []  G[] 
[]  G[] []  G[] []  G[] []  G[] []  G[] []  G[] []
 []


Overfull \hbox (6.24268pt too wide) detected at line 1408
\OMS/cmsy/m/n/10 T[] \OT1/cmr/m/n/10 = 16\OML/cmm/m/it/10 ig[] N[] G[] []  G[] 
[]  G[] []  G[] []  G[] []  G[] []  G[] []  G[] []
 []


Overfull \hbox (5.6554pt too wide) detected at line 1411
\OMS/cmsy/m/n/10 T[] \OT1/cmr/m/n/10 = 64\OML/cmm/m/it/10 ig[] N[] G[] []  G[] 
[]  G[] []  G[] []  G[] []  G[] []  G[] []  G[] []
 []


Overfull \hbox (5.53964pt too wide) detected at line 1414
\OMS/cmsy/m/n/10 T[] \OT1/cmr/m/n/10 = 64\OML/cmm/m/it/10 ig[] N[] G[] []  G[] 
[]  G[] []  G[] []  G[] []  G[] []  G[] []  G[] []
 []


Overfull \hbox (5.53964pt too wide) detected at line 1417
\OMS/cmsy/m/n/10 T[] \OT1/cmr/m/n/10 = 64\OML/cmm/m/it/10 ig[] N[] G[] []  G[] 
[]  G[] []  G[] []  G[] []  G[] []  G[] []  G[] []
 []


Overfull \hbox (1.9457pt too wide) detected at line 1420
\OMS/cmsy/m/n/10 T[] \OT1/cmr/m/n/10 = 4\OML/cmm/m/it/10 ig[] N[] G[] []  G[] [
]  G[] []  G[] []  G[] []  G[] []  G[] []  G[] []
 []


Overfull \hbox (6.24268pt too wide) detected at line 1423
\OMS/cmsy/m/n/10 T[] \OT1/cmr/m/n/10 = 16\OML/cmm/m/it/10 ig[] N[] G[] []  G[] 
[]  G[] []  G[] []  G[] []  G[] []  G[] []  G[] []
 []


Overfull \hbox (6.24268pt too wide) detected at line 1426
\OMS/cmsy/m/n/10 T[] \OT1/cmr/m/n/10 = 16\OML/cmm/m/it/10 ig[] N[] G[] []  G[] 
[]  G[] []  G[] []  G[] []  G[] []  G[] []  G[] []
 []


Overfull \hbox (6.12692pt too wide) detected at line 1429
\OMS/cmsy/m/n/10 T[] \OT1/cmr/m/n/10 = 16\OML/cmm/m/it/10 ig[] N[] G[] []  G[] 
[]  G[] []  G[] []  G[] []  G[] []  G[] []  G[] []
 []


Overfull \hbox (6.24268pt too wide) detected at line 1432
\OMS/cmsy/m/n/10 T[] \OT1/cmr/m/n/10 = 32\OML/cmm/m/it/10 ig[] N[] G[] []  G[] 
[]  G[] []  G[] []  G[] []  G[] []  G[] []  G[] []
 []


Overfull \hbox (10.65541pt too wide) detected at line 1435
\OMS/cmsy/m/n/10 T[] \OT1/cmr/m/n/10 = 128\OML/cmm/m/it/10 ig[] N[] G[] []  G[]
 []  G[] []  G[] []  G[] []  G[] []  G[] []  G[] []
 []


Overfull \hbox (10.53966pt too wide) detected at line 1438
\OMS/cmsy/m/n/10 T[] \OT1/cmr/m/n/10 = 128\OML/cmm/m/it/10 ig[] N[] G[] []  G[]
 []  G[] []  G[] []  G[] []  G[] []  G[] []  G[] []
 []


Overfull \hbox (10.53966pt too wide) detected at line 1441
\OMS/cmsy/m/n/10 T[] \OT1/cmr/m/n/10 = 128\OML/cmm/m/it/10 ig[] N[] G[] []  G[]
 []  G[] []  G[] []  G[] []  G[] []  G[] []  G[] []
 []


Overfull \hbox (6.35843pt too wide) detected at line 1444
\OMS/cmsy/m/n/10 T[] \OT1/cmr/m/n/10 = 16\OML/cmm/m/it/10 ig[] N[] G[] []  G[] 
[]  G[] []  G[] []  G[] []  G[] []  G[] []  G[] []
 []


Overfull \hbox (5.6554pt too wide) detected at line 1447
\OMS/cmsy/m/n/10 T[] \OT1/cmr/m/n/10 = 64\OML/cmm/m/it/10 ig[] N[] G[] []  G[] 
[]  G[] []  G[] []  G[] []  G[] []  G[] []  G[] []
 []


Overfull \hbox (5.6554pt too wide) detected at line 1450
\OMS/cmsy/m/n/10 T[] \OT1/cmr/m/n/10 = 64\OML/cmm/m/it/10 ig[] N[] G[] []  G[] 
[]  G[] []  G[] []  G[] []  G[] []  G[] []  G[] []
 []


Overfull \hbox (5.53964pt too wide) detected at line 1453
\OMS/cmsy/m/n/10 T[] \OT1/cmr/m/n/10 = 64\OML/cmm/m/it/10 ig[] N[] G[] []  G[] 
[]  G[] []  G[] []  G[] []  G[] []  G[] []  G[] []
 []


Overfull \hbox (1.9457pt too wide) detected at line 1465
\OMS/cmsy/m/n/10 T[] \OT1/cmr/m/n/10 = 4\OML/cmm/m/it/10 ig[] N[] G[] []  G[] [
]  G[] []  G[] []  G[] []  G[] []  G[] []  G[] []
 []


Overfull \hbox (2.06145pt too wide) detected at line 1471
\OMS/cmsy/m/n/10 T[] \OT1/cmr/m/n/10 = 4\OML/cmm/m/it/10 ig[] N[] G[] []  G[] [
]  G[] []  G[] []  G[] []  G[] []  G[] []  G[] []
 []


Overfull \hbox (1.9457pt too wide) detected at line 1474
\OMS/cmsy/m/n/10 T[] \OT1/cmr/m/n/10 = 4\OML/cmm/m/it/10 ig[] N[] G[] []  G[] [
]  G[] []  G[] []  G[] []  G[] []  G[] []  G[] []
 []


Overfull \hbox (1.9457pt too wide) detected at line 1477
\OMS/cmsy/m/n/10 T[] \OT1/cmr/m/n/10 = 4\OML/cmm/m/it/10 ig[] N[] G[] []  G[] [
]  G[] []  G[] []  G[] []  G[] []  G[] []  G[] []
 []


Overfull \hbox (1.9457pt too wide) detected at line 1489
\OMS/cmsy/m/n/10 T[] \OT1/cmr/m/n/10 = 4\OML/cmm/m/it/10 ig[] N[] G[] []  G[] [
]  G[] []  G[] []  G[] []  G[] []  G[] []  G[] []
 []

[13]
Overfull \hbox (2.06145pt too wide) detected at line 1495
\OMS/cmsy/m/n/10 T[] \OT1/cmr/m/n/10 = 4\OML/cmm/m/it/10 ig[] N[] G[] []  G[] [
]  G[] []  G[] []  G[] []  G[] []  G[] []  G[] []
 []


Overfull \hbox (2.06145pt too wide) detected at line 1498
\OMS/cmsy/m/n/10 T[] \OT1/cmr/m/n/10 = 4\OML/cmm/m/it/10 ig[] N[] G[] []  G[] [
]  G[] []  G[] []  G[] []  G[] []  G[] []  G[] []
 []


Overfull \hbox (1.9457pt too wide) detected at line 1501
\OMS/cmsy/m/n/10 T[] \OT1/cmr/m/n/10 = 4\OML/cmm/m/it/10 ig[] N[] G[] []  G[] [
]  G[] []  G[] []  G[] []  G[] []  G[] []  G[] []
 []


Overfull \hbox (2.64873pt too wide) detected at line 1504
\OMS/cmsy/m/n/10 T[] \OT1/cmr/m/n/10 = 2\OML/cmm/m/it/10 ig[] N[] G[] []  G[] [
]  G[] []  G[] []  G[] []  G[] []  G[] []  G[] []
 []


Overfull \hbox (2.64873pt too wide) detected at line 1507
\OMS/cmsy/m/n/10 T[] \OT1/cmr/m/n/10 = 2\OML/cmm/m/it/10 ig[] N[] G[] []  G[] [
]  G[] []  G[] []  G[] []  G[] []  G[] []  G[] []
 []


Overfull \hbox (2.53297pt too wide) detected at line 1510
\OMS/cmsy/m/n/10 T[] \OT1/cmr/m/n/10 = 2\OML/cmm/m/it/10 ig[] N[] G[] []  G[] [
]  G[] []  G[] []  G[] []  G[] []  G[] []  G[] []
 []


Overfull \hbox (1.9457pt too wide) detected at line 1513
\OMS/cmsy/m/n/10 T[] \OT1/cmr/m/n/10 = 8\OML/cmm/m/it/10 ig[] N[] G[] []  G[] [
]  G[] []  G[] []  G[] []  G[] []  G[] []  G[] []
 []


Overfull \hbox (2.76448pt too wide) detected at line 1516
\OMS/cmsy/m/n/10 T[] \OT1/cmr/m/n/10 = 2\OML/cmm/m/it/10 ig[] N[] G[] []  G[] [
]  G[] []  G[] []  G[] []  G[] []  G[] []  G[] []
 []


Overfull \hbox (2.64873pt too wide) detected at line 1519
\OMS/cmsy/m/n/10 T[] \OT1/cmr/m/n/10 = 2\OML/cmm/m/it/10 ig[] N[] G[] []  G[] [
]  G[] []  G[] []  G[] []  G[] []  G[] []  G[] []
 []


Overfull \hbox (2.64873pt too wide) detected at line 1522
\OMS/cmsy/m/n/10 T[] \OT1/cmr/m/n/10 = 2\OML/cmm/m/it/10 ig[] N[] G[] []  G[] [
]  G[] []  G[] []  G[] []  G[] []  G[] []  G[] []
 []


Overfull \hbox (1.9457pt too wide) detected at line 1525
\OMS/cmsy/m/n/10 T[] \OT1/cmr/m/n/10 = 8\OML/cmm/m/it/10 ig[] N[] G[] []  G[] [
]  G[] []  G[] []  G[] []  G[] []  G[] []  G[] []
 []


Overfull \hbox (2.76448pt too wide) detected at line 1528
\OMS/cmsy/m/n/10 T[] \OT1/cmr/m/n/10 = 2\OML/cmm/m/it/10 ig[] N[] G[] []  G[] [
]  G[] []  G[] []  G[] []  G[] []  G[] []  G[] []
 []


Overfull \hbox (2.64873pt too wide) detected at line 1531
\OMS/cmsy/m/n/10 T[] \OT1/cmr/m/n/10 = 2\OML/cmm/m/it/10 ig[] N[] G[] []  G[] [
]  G[] []  G[] []  G[] []  G[] []  G[] []  G[] []
 []


Overfull \hbox (2.64873pt too wide) detected at line 1534
\OMS/cmsy/m/n/10 T[] \OT1/cmr/m/n/10 = 2\OML/cmm/m/it/10 ig[] N[] G[] []  G[] [
]  G[] []  G[] []  G[] []  G[] []  G[] []  G[] []
 []


Overfull \hbox (1.9457pt too wide) detected at line 1537
\OMS/cmsy/m/n/10 T[] \OT1/cmr/m/n/10 = 8\OML/cmm/m/it/10 ig[] N[] G[] []  G[] [
]  G[] []  G[] []  G[] []  G[] []  G[] []  G[] []
 []


Overfull \hbox (2.06145pt too wide) detected at line 1540
\OMS/cmsy/m/n/10 T[] \OT1/cmr/m/n/10 = 8\OML/cmm/m/it/10 ig[] N[] G[] []  G[] [
]  G[] []  G[] []  G[] []  G[] []  G[] []  G[] []
 []


Overfull \hbox (2.06145pt too wide) detected at line 1543
\OMS/cmsy/m/n/10 T[] \OT1/cmr/m/n/10 = 8\OML/cmm/m/it/10 ig[] N[] G[] []  G[] [
]  G[] []  G[] []  G[] []  G[] []  G[] []  G[] []
 []


Overfull \hbox (1.9457pt too wide) detected at line 1546
\OMS/cmsy/m/n/10 T[] \OT1/cmr/m/n/10 = 8\OML/cmm/m/it/10 ig[] N[] G[] []  G[] [
]  G[] []  G[] []  G[] []  G[] []  G[] []  G[] []
 []


Overfull \hbox (6.35843pt too wide) detected at line 1549
\OMS/cmsy/m/n/10 T[] \OT1/cmr/m/n/10 = 32\OML/cmm/m/it/10 ig[] N[] G[] []  G[] 
[]  G[] []  G[] []  G[] []  G[] []  G[] []  G[] []
 []


Overfull \hbox (2.64873pt too wide) detected at line 1552
\OMS/cmsy/m/n/10 T[] \OT1/cmr/m/n/10 = 2\OML/cmm/m/it/10 ig[] N[] G[] []  G[] [
]  G[] []  G[] []  G[] []  G[] []  G[] []  G[] []
 []


Overfull \hbox (2.53297pt too wide) detected at line 1555
\OMS/cmsy/m/n/10 T[] \OT1/cmr/m/n/10 = 2\OML/cmm/m/it/10 ig[] N[] G[] []  G[] [
]  G[] []  G[] []  G[] []  G[] []  G[] []  G[] []
 []


Overfull \hbox (2.53297pt too wide) detected at line 1558
\OMS/cmsy/m/n/10 T[] \OT1/cmr/m/n/10 = 2\OML/cmm/m/it/10 ig[] N[] G[] []  G[] [
]  G[] []  G[] []  G[] []  G[] []  G[] []  G[] []
 []


Overfull \hbox (1.82994pt too wide) detected at line 1561
\OMS/cmsy/m/n/10 T[] \OT1/cmr/m/n/10 = 8\OML/cmm/m/it/10 ig[] N[] G[] []  G[] [
]  G[] []  G[] []  G[] []  G[] []  G[] []  G[] []
 []


Overfull \hbox (2.64873pt too wide) detected at line 1564
\OMS/cmsy/m/n/10 T[] \OT1/cmr/m/n/10 = 2\OML/cmm/m/it/10 ig[] N[] G[] []  G[] [
]  G[] []  G[] []  G[] []  G[] []  G[] []  G[] []
 []


Overfull \hbox (1.9457pt too wide) detected at line 1567
\OMS/cmsy/m/n/10 T[] \OT1/cmr/m/n/10 = 8\OML/cmm/m/it/10 ig[] N[] G[] []  G[] [
]  G[] []  G[] []  G[] []  G[] []  G[] []  G[] []
 []


Overfull \hbox (1.9457pt too wide) detected at line 1570
\OMS/cmsy/m/n/10 T[] \OT1/cmr/m/n/10 = 8\OML/cmm/m/it/10 ig[] N[] G[] []  G[] [
]  G[] []  G[] []  G[] []  G[] []  G[] []  G[] []
 []


Overfull \hbox (1.82994pt too wide) detected at line 1573
\OMS/cmsy/m/n/10 T[] \OT1/cmr/m/n/10 = 8\OML/cmm/m/it/10 ig[] N[] G[] []  G[] [
]  G[] []  G[] []  G[] []  G[] []  G[] []  G[] []
 []


Overfull \hbox (1.9457pt too wide) detected at line 1576
\OMS/cmsy/m/n/10 T[] \OT1/cmr/m/n/10 = 8\OML/cmm/m/it/10 ig[] N[] G[] []  G[] [
]  G[] []  G[] []  G[] []  G[] []  G[] []  G[] []
 []


Overfull \hbox (1.9457pt too wide) detected at line 1579
\OMS/cmsy/m/n/10 T[] \OT1/cmr/m/n/10 = 8\OML/cmm/m/it/10 ig[] N[] G[] []  G[] [
]  G[] []  G[] []  G[] []  G[] []  G[] []  G[] []
 []


Overfull \hbox (1.82994pt too wide) detected at line 1582
\OMS/cmsy/m/n/10 T[] \OT1/cmr/m/n/10 = 8\OML/cmm/m/it/10 ig[] N[] G[] []  G[] [
]  G[] []  G[] []  G[] []  G[] []  G[] []  G[] []
 []


Overfull \hbox (6.24268pt too wide) detected at line 1585
\OMS/cmsy/m/n/10 T[] \OT1/cmr/m/n/10 = 32\OML/cmm/m/it/10 ig[] N[] G[] []  G[] 
[]  G[] []  G[] []  G[] []  G[] []  G[] []  G[] []
 []


Overfull \hbox (1.9457pt too wide) detected at line 1588
\OMS/cmsy/m/n/10 T[] \OT1/cmr/m/n/10 = 8\OML/cmm/m/it/10 ig[] N[] G[] []  G[] [
]  G[] []  G[] []  G[] []  G[] []  G[] []  G[] []
 []


Overfull \hbox (6.35843pt too wide) detected at line 1591
\OMS/cmsy/m/n/10 T[] \OT1/cmr/m/n/10 = 32\OML/cmm/m/it/10 ig[] N[] G[] []  G[] 
[]  G[] []  G[] []  G[] []  G[] []  G[] []  G[] []
 []


Overfull \hbox (6.24268pt too wide) detected at line 1594
\OMS/cmsy/m/n/10 T[] \OT1/cmr/m/n/10 = 32\OML/cmm/m/it/10 ig[] N[] G[] []  G[] 
[]  G[] []  G[] []  G[] []  G[] []  G[] []  G[] []
 []


Overfull \hbox (6.24268pt too wide) detected at line 1597
\OMS/cmsy/m/n/10 T[] \OT1/cmr/m/n/10 = 32\OML/cmm/m/it/10 ig[] N[] G[] []  G[] 
[]  G[] []  G[] []  G[] []  G[] []  G[] []  G[] []
 []


Overfull \hbox (2.53297pt too wide) detected at line 1600
\OMS/cmsy/m/n/10 T[] \OT1/cmr/m/n/10 = 2\OML/cmm/m/it/10 ig[] N[] G[] []  G[] [
]  G[] []  G[] []  G[] []  G[] []  G[] []  G[] []
 []


Overfull \hbox (1.9457pt too wide) detected at line 1603
\OMS/cmsy/m/n/10 T[] \OT1/cmr/m/n/10 = 8\OML/cmm/m/it/10 ig[] N[] G[] []  G[] [
]  G[] []  G[] []  G[] []  G[] []  G[] []  G[] []
 []

[14]
Overfull \hbox (1.82994pt too wide) detected at line 1606
\OMS/cmsy/m/n/10 T[] \OT1/cmr/m/n/10 = 8\OML/cmm/m/it/10 ig[] N[] G[] []  G[] [
]  G[] []  G[] []  G[] []  G[] []  G[] []  G[] []
 []


Overfull \hbox (1.82994pt too wide) detected at line 1609
\OMS/cmsy/m/n/10 T[] \OT1/cmr/m/n/10 = 8\OML/cmm/m/it/10 ig[] N[] G[] []  G[] [
]  G[] []  G[] []  G[] []  G[] []  G[] []  G[] []
 []


Overfull \hbox (2.64873pt too wide) detected at line 1612
\OMS/cmsy/m/n/10 T[] \OT1/cmr/m/n/10 = 2\OML/cmm/m/it/10 ig[] N[] G[] []  G[] [
]  G[] []  G[] []  G[] []  G[] []  G[] []  G[] []
 []


Overfull \hbox (1.9457pt too wide) detected at line 1615
\OMS/cmsy/m/n/10 T[] \OT1/cmr/m/n/10 = 8\OML/cmm/m/it/10 ig[] N[] G[] []  G[] [
]  G[] []  G[] []  G[] []  G[] []  G[] []  G[] []
 []


Overfull \hbox (1.9457pt too wide) detected at line 1618
\OMS/cmsy/m/n/10 T[] \OT1/cmr/m/n/10 = 8\OML/cmm/m/it/10 ig[] N[] G[] []  G[] [
]  G[] []  G[] []  G[] []  G[] []  G[] []  G[] []
 []


Overfull \hbox (1.82994pt too wide) detected at line 1621
\OMS/cmsy/m/n/10 T[] \OT1/cmr/m/n/10 = 8\OML/cmm/m/it/10 ig[] N[] G[] []  G[] [
]  G[] []  G[] []  G[] []  G[] []  G[] []  G[] []
 []


Overfull \hbox (2.64873pt too wide) detected at line 1624
\OMS/cmsy/m/n/10 T[] \OT1/cmr/m/n/10 = 2\OML/cmm/m/it/10 ig[] N[] G[] []  G[] [
]  G[] []  G[] []  G[] []  G[] []  G[] []  G[] []
 []


Overfull \hbox (1.9457pt too wide) detected at line 1627
\OMS/cmsy/m/n/10 T[] \OT1/cmr/m/n/10 = 8\OML/cmm/m/it/10 ig[] N[] G[] []  G[] [
]  G[] []  G[] []  G[] []  G[] []  G[] []  G[] []
 []


Overfull \hbox (1.9457pt too wide) detected at line 1630
\OMS/cmsy/m/n/10 T[] \OT1/cmr/m/n/10 = 8\OML/cmm/m/it/10 ig[] N[] G[] []  G[] [
]  G[] []  G[] []  G[] []  G[] []  G[] []  G[] []
 []


Overfull \hbox (1.82994pt too wide) detected at line 1633
\OMS/cmsy/m/n/10 T[] \OT1/cmr/m/n/10 = 8\OML/cmm/m/it/10 ig[] N[] G[] []  G[] [
]  G[] []  G[] []  G[] []  G[] []  G[] []  G[] []
 []


Overfull \hbox (1.9457pt too wide) detected at line 1636
\OMS/cmsy/m/n/10 T[] \OT1/cmr/m/n/10 = 8\OML/cmm/m/it/10 ig[] N[] G[] []  G[] [
]  G[] []  G[] []  G[] []  G[] []  G[] []  G[] []
 []


Overfull \hbox (6.35843pt too wide) detected at line 1639
\OMS/cmsy/m/n/10 T[] \OT1/cmr/m/n/10 = 32\OML/cmm/m/it/10 ig[] N[] G[] []  G[] 
[]  G[] []  G[] []  G[] []  G[] []  G[] []  G[] []
 []


Overfull \hbox (6.24268pt too wide) detected at line 1642
\OMS/cmsy/m/n/10 T[] \OT1/cmr/m/n/10 = 32\OML/cmm/m/it/10 ig[] N[] G[] []  G[] 
[]  G[] []  G[] []  G[] []  G[] []  G[] []  G[] []
 []


Overfull \hbox (6.24268pt too wide) detected at line 1645
\OMS/cmsy/m/n/10 T[] \OT1/cmr/m/n/10 = 32\OML/cmm/m/it/10 ig[] N[] G[] []  G[] 
[]  G[] []  G[] []  G[] []  G[] []  G[] []  G[] []
 []


Overfull \hbox (2.64873pt too wide) detected at line 1648
\OMS/cmsy/m/n/10 T[] \OT1/cmr/m/n/10 = 2\OML/cmm/m/it/10 ig[] N[] G[] []  G[] [
]  G[] []  G[] []  G[] []  G[] []  G[] []  G[] []
 []


Overfull \hbox (2.53297pt too wide) detected at line 1651
\OMS/cmsy/m/n/10 T[] \OT1/cmr/m/n/10 = 2\OML/cmm/m/it/10 ig[] N[] G[] []  G[] [
]  G[] []  G[] []  G[] []  G[] []  G[] []  G[] []
 []


Overfull \hbox (2.53297pt too wide) detected at line 1654
\OMS/cmsy/m/n/10 T[] \OT1/cmr/m/n/10 = 2\OML/cmm/m/it/10 ig[] N[] G[] []  G[] [
]  G[] []  G[] []  G[] []  G[] []  G[] []  G[] []
 []


Overfull \hbox (1.82994pt too wide) detected at line 1657
\OMS/cmsy/m/n/10 T[] \OT1/cmr/m/n/10 = 8\OML/cmm/m/it/10 ig[] N[] G[] []  G[] [
]  G[] []  G[] []  G[] []  G[] []  G[] []  G[] []
 []


Overfull \hbox (1.9457pt too wide) detected at line 1660
\OMS/cmsy/m/n/10 T[] \OT1/cmr/m/n/10 = 8\OML/cmm/m/it/10 ig[] N[] G[] []  G[] [
]  G[] []  G[] []  G[] []  G[] []  G[] []  G[] []
 []


Overfull \hbox (1.9457pt too wide) detected at line 1663
\OMS/cmsy/m/n/10 T[] \OT1/cmr/m/n/10 = 8\OML/cmm/m/it/10 ig[] N[] G[] []  G[] [
]  G[] []  G[] []  G[] []  G[] []  G[] []  G[] []
 []


Overfull \hbox (1.82994pt too wide) detected at line 1666
\OMS/cmsy/m/n/10 T[] \OT1/cmr/m/n/10 = 8\OML/cmm/m/it/10 ig[] N[] G[] []  G[] [
]  G[] []  G[] []  G[] []  G[] []  G[] []  G[] []
 []


Overfull \hbox (6.24268pt too wide) detected at line 1669
\OMS/cmsy/m/n/10 T[] \OT1/cmr/m/n/10 = 32\OML/cmm/m/it/10 ig[] N[] G[] []  G[] 
[]  G[] []  G[] []  G[] []  G[] []  G[] []  G[] []
 []


Overfull \hbox (1.9457pt too wide) detected at line 1672
\OMS/cmsy/m/n/10 T[] \OT1/cmr/m/n/10 = 8\OML/cmm/m/it/10 ig[] N[] G[] []  G[] [
]  G[] []  G[] []  G[] []  G[] []  G[] []  G[] []
 []


Overfull \hbox (1.9457pt too wide) detected at line 1675
\OMS/cmsy/m/n/10 T[] \OT1/cmr/m/n/10 = 8\OML/cmm/m/it/10 ig[] N[] G[] []  G[] [
]  G[] []  G[] []  G[] []  G[] []  G[] []  G[] []
 []


Overfull \hbox (1.82994pt too wide) detected at line 1678
\OMS/cmsy/m/n/10 T[] \OT1/cmr/m/n/10 = 8\OML/cmm/m/it/10 ig[] N[] G[] []  G[] [
]  G[] []  G[] []  G[] []  G[] []  G[] []  G[] []
 []


Overfull \hbox (6.24268pt too wide) detected at line 1681
\OMS/cmsy/m/n/10 T[] \OT1/cmr/m/n/10 = 32\OML/cmm/m/it/10 ig[] N[] G[] []  G[] 
[]  G[] []  G[] []  G[] []  G[] []  G[] []  G[] []
 []


Overfull \hbox (2.06145pt too wide) detected at line 1684
\OMS/cmsy/m/n/10 T[] \OT1/cmr/m/n/10 = 8\OML/cmm/m/it/10 ig[] N[] G[] []  G[] [
]  G[] []  G[] []  G[] []  G[] []  G[] []  G[] []
 []


Overfull \hbox (1.9457pt too wide) detected at line 1687
\OMS/cmsy/m/n/10 T[] \OT1/cmr/m/n/10 = 8\OML/cmm/m/it/10 ig[] N[] G[] []  G[] [
]  G[] []  G[] []  G[] []  G[] []  G[] []  G[] []
 []


Overfull \hbox (1.9457pt too wide) detected at line 1690
\OMS/cmsy/m/n/10 T[] \OT1/cmr/m/n/10 = 8\OML/cmm/m/it/10 ig[] N[] G[] []  G[] [
]  G[] []  G[] []  G[] []  G[] []  G[] []  G[] []
 []


Overfull \hbox (6.24268pt too wide) detected at line 1693
\OMS/cmsy/m/n/10 T[] \OT1/cmr/m/n/10 = 32\OML/cmm/m/it/10 ig[] N[] G[] []  G[] 
[]  G[] []  G[] []  G[] []  G[] []  G[] []  G[] []
 []


Overfull \hbox (1.82994pt too wide) detected at line 1696
\OMS/cmsy/m/n/10 T[] \OT1/cmr/m/n/10 = 4\OML/cmm/m/it/10 ig[] N[] G[] []  G[] [
]  G[] []  G[] []  G[] []  G[] []  G[] []  G[] []
 []


Overfull \hbox (1.82994pt too wide) detected at line 1699
\OMS/cmsy/m/n/10 T[] \OT1/cmr/m/n/10 = 4\OML/cmm/m/it/10 ig[] N[] G[] []  G[] [
]  G[] []  G[] []  G[] []  G[] []  G[] []  G[] []
 []


Overfull \hbox (1.71419pt too wide) detected at line 1702
\OMS/cmsy/m/n/10 T[] \OT1/cmr/m/n/10 = 4\OML/cmm/m/it/10 ig[] N[] G[] []  G[] [
]  G[] []  G[] []  G[] []  G[] []  G[] []  G[] []
 []


Overfull \hbox (6.12692pt too wide) detected at line 1705
\OMS/cmsy/m/n/10 T[] \OT1/cmr/m/n/10 = 16\OML/cmm/m/it/10 ig[] N[] G[] []  G[] 
[]  G[] []  G[] []  G[] []  G[] []  G[] []  G[] []
 []


Overfull \hbox (1.82994pt too wide) detected at line 1708
\OMS/cmsy/m/n/10 T[] \OT1/cmr/m/n/10 = 4\OML/cmm/m/it/10 ig[] N[] G[] []  G[] [
]  G[] []  G[] []  G[] []  G[] []  G[] []  G[] []
 []


Overfull \hbox (6.24268pt too wide) detected at line 1711
\OMS/cmsy/m/n/10 T[] \OT1/cmr/m/n/10 = 16\OML/cmm/m/it/10 ig[] N[] G[] []  G[] 
[]  G[] []  G[] []  G[] []  G[] []  G[] []  G[] []
 []


Overfull \hbox (6.12692pt too wide) detected at line 1714
\OMS/cmsy/m/n/10 T[] \OT1/cmr/m/n/10 = 16\OML/cmm/m/it/10 ig[] N[] G[] []  G[] 
[]  G[] []  G[] []  G[] []  G[] []  G[] []  G[] []
 []


Overfull \hbox (6.12692pt too wide) detected at line 1717
\OMS/cmsy/m/n/10 T[] \OT1/cmr/m/n/10 = 16\OML/cmm/m/it/10 ig[] N[] G[] []  G[] 
[]  G[] []  G[] []  G[] []  G[] []  G[] []  G[] []
 []

[15]
Overfull \hbox (1.9457pt too wide) detected at line 1720
\OMS/cmsy/m/n/10 T[] \OT1/cmr/m/n/10 = 4\OML/cmm/m/it/10 ig[] N[] G[] []  G[] [
]  G[] []  G[] []  G[] []  G[] []  G[] []  G[] []
 []


Overfull \hbox (1.82994pt too wide) detected at line 1723
\OMS/cmsy/m/n/10 T[] \OT1/cmr/m/n/10 = 4\OML/cmm/m/it/10 ig[] N[] G[] []  G[] [
]  G[] []  G[] []  G[] []  G[] []  G[] []  G[] []
 []


Overfull \hbox (1.82994pt too wide) detected at line 1726
\OMS/cmsy/m/n/10 T[] \OT1/cmr/m/n/10 = 4\OML/cmm/m/it/10 ig[] N[] G[] []  G[] [
]  G[] []  G[] []  G[] []  G[] []  G[] []  G[] []
 []


Overfull \hbox (6.12692pt too wide) detected at line 1729
\OMS/cmsy/m/n/10 T[] \OT1/cmr/m/n/10 = 16\OML/cmm/m/it/10 ig[] N[] G[] []  G[] 
[]  G[] []  G[] []  G[] []  G[] []  G[] []  G[] []
 []


Overfull \hbox (1.9457pt too wide) detected at line 1732
\OMS/cmsy/m/n/10 T[] \OT1/cmr/m/n/10 = 4\OML/cmm/m/it/10 ig[] N[] G[] []  G[] [
]  G[] []  G[] []  G[] []  G[] []  G[] []  G[] []
 []


Overfull \hbox (6.24268pt too wide) detected at line 1735
\OMS/cmsy/m/n/10 T[] \OT1/cmr/m/n/10 = 16\OML/cmm/m/it/10 ig[] N[] G[] []  G[] 
[]  G[] []  G[] []  G[] []  G[] []  G[] []  G[] []
 []


Overfull \hbox (6.24268pt too wide) detected at line 1738
\OMS/cmsy/m/n/10 T[] \OT1/cmr/m/n/10 = 16\OML/cmm/m/it/10 ig[] N[] G[] []  G[] 
[]  G[] []  G[] []  G[] []  G[] []  G[] []  G[] []
 []


Overfull \hbox (6.12692pt too wide) detected at line 1741
\OMS/cmsy/m/n/10 T[] \OT1/cmr/m/n/10 = 16\OML/cmm/m/it/10 ig[] N[] G[] []  G[] 
[]  G[] []  G[] []  G[] []  G[] []  G[] []  G[] []
 []


Overfull \hbox (2.53297pt too wide) detected at line 1744
\OMS/cmsy/m/n/10 T[] \OT1/cmr/m/n/10 = 2\OML/cmm/m/it/10 ig[] N[] G[] []  G[] [
]  G[] []  G[] []  G[] []  G[] []  G[] []  G[] []
 []


Overfull \hbox (1.82994pt too wide) detected at line 1747
\OMS/cmsy/m/n/10 T[] \OT1/cmr/m/n/10 = 8\OML/cmm/m/it/10 ig[] N[] G[] []  G[] [
]  G[] []  G[] []  G[] []  G[] []  G[] []  G[] []
 []


Overfull \hbox (1.82994pt too wide) detected at line 1750
\OMS/cmsy/m/n/10 T[] \OT1/cmr/m/n/10 = 8\OML/cmm/m/it/10 ig[] N[] G[] []  G[] [
]  G[] []  G[] []  G[] []  G[] []  G[] []  G[] []
 []


Overfull \hbox (1.71419pt too wide) detected at line 1753
\OMS/cmsy/m/n/10 T[] \OT1/cmr/m/n/10 = 8\OML/cmm/m/it/10 ig[] N[] G[] []  G[] [
]  G[] []  G[] []  G[] []  G[] []  G[] []  G[] []
 []


Overfull \hbox (1.82994pt too wide) detected at line 1756
\OMS/cmsy/m/n/10 T[] \OT1/cmr/m/n/10 = 8\OML/cmm/m/it/10 ig[] N[] G[] []  G[] [
]  G[] []  G[] []  G[] []  G[] []  G[] []  G[] []
 []


Overfull \hbox (6.24268pt too wide) detected at line 1759
\OMS/cmsy/m/n/10 T[] \OT1/cmr/m/n/10 = 32\OML/cmm/m/it/10 ig[] N[] G[] []  G[] 
[]  G[] []  G[] []  G[] []  G[] []  G[] []  G[] []
 []


Overfull \hbox (6.12692pt too wide) detected at line 1762
\OMS/cmsy/m/n/10 T[] \OT1/cmr/m/n/10 = 32\OML/cmm/m/it/10 ig[] N[] G[] []  G[] 
[]  G[] []  G[] []  G[] []  G[] []  G[] []  G[] []
 []


Overfull \hbox (6.12692pt too wide) detected at line 1765
\OMS/cmsy/m/n/10 T[] \OT1/cmr/m/n/10 = 32\OML/cmm/m/it/10 ig[] N[] G[] []  G[] 
[]  G[] []  G[] []  G[] []  G[] []  G[] []  G[] []
 []


Overfull \hbox (1.82994pt too wide) detected at line 1768
\OMS/cmsy/m/n/10 T[] \OT1/cmr/m/n/10 = 8\OML/cmm/m/it/10 ig[] N[] G[] []  G[] [
]  G[] []  G[] []  G[] []  G[] []  G[] []  G[] []
 []


Overfull \hbox (6.24268pt too wide) detected at line 1771
\OMS/cmsy/m/n/10 T[] \OT1/cmr/m/n/10 = 32\OML/cmm/m/it/10 ig[] N[] G[] []  G[] 
[]  G[] []  G[] []  G[] []  G[] []  G[] []  G[] []
 []


Overfull \hbox (6.12692pt too wide) detected at line 1774
\OMS/cmsy/m/n/10 T[] \OT1/cmr/m/n/10 = 32\OML/cmm/m/it/10 ig[] N[] G[] []  G[] 
[]  G[] []  G[] []  G[] []  G[] []  G[] []  G[] []
 []


Overfull \hbox (6.12692pt too wide) detected at line 1777
\OMS/cmsy/m/n/10 T[] \OT1/cmr/m/n/10 = 32\OML/cmm/m/it/10 ig[] N[] G[] []  G[] 
[]  G[] []  G[] []  G[] []  G[] []  G[] []  G[] []
 []


Overfull \hbox (1.9457pt too wide) detected at line 1780
\OMS/cmsy/m/n/10 T[] \OT1/cmr/m/n/10 = 8\OML/cmm/m/it/10 ig[] N[] G[] []  G[] [
]  G[] []  G[] []  G[] []  G[] []  G[] []  G[] []
 []


Overfull \hbox (6.24268pt too wide) detected at line 1783
\OMS/cmsy/m/n/10 T[] \OT1/cmr/m/n/10 = 32\OML/cmm/m/it/10 ig[] N[] G[] []  G[] 
[]  G[] []  G[] []  G[] []  G[] []  G[] []  G[] []
 []


Overfull \hbox (6.24268pt too wide) detected at line 1786
\OMS/cmsy/m/n/10 T[] \OT1/cmr/m/n/10 = 32\OML/cmm/m/it/10 ig[] N[] G[] []  G[] 
[]  G[] []  G[] []  G[] []  G[] []  G[] []  G[] []
 []


Overfull \hbox (6.12692pt too wide) detected at line 1789
\OMS/cmsy/m/n/10 T[] \OT1/cmr/m/n/10 = 32\OML/cmm/m/it/10 ig[] N[] G[] []  G[] 
[]  G[] []  G[] []  G[] []  G[] []  G[] []  G[] []
 []


Overfull \hbox (1.82994pt too wide) detected at line 1792
\OMS/cmsy/m/n/10 T[] \OT1/cmr/m/n/10 = 4\OML/cmm/m/it/10 ig[] N[] G[] []  G[] [
]  G[] []  G[] []  G[] []  G[] []  G[] []  G[] []
 []


Overfull \hbox (1.82994pt too wide) detected at line 1795
\OMS/cmsy/m/n/10 T[] \OT1/cmr/m/n/10 = 4\OML/cmm/m/it/10 ig[] N[] G[] []  G[] [
]  G[] []  G[] []  G[] []  G[] []  G[] []  G[] []
 []


Overfull \hbox (1.71419pt too wide) detected at line 1798
\OMS/cmsy/m/n/10 T[] \OT1/cmr/m/n/10 = 4\OML/cmm/m/it/10 ig[] N[] G[] []  G[] [
]  G[] []  G[] []  G[] []  G[] []  G[] []  G[] []
 []


Overfull \hbox (6.12692pt too wide) detected at line 1801
\OMS/cmsy/m/n/10 T[] \OT1/cmr/m/n/10 = 16\OML/cmm/m/it/10 ig[] N[] G[] []  G[] 
[]  G[] []  G[] []  G[] []  G[] []  G[] []  G[] []
 []


Overfull \hbox (1.82994pt too wide) detected at line 1804
\OMS/cmsy/m/n/10 T[] \OT1/cmr/m/n/10 = 4\OML/cmm/m/it/10 ig[] N[] G[] []  G[] [
]  G[] []  G[] []  G[] []  G[] []  G[] []  G[] []
 []


Overfull \hbox (6.24268pt too wide) detected at line 1807
\OMS/cmsy/m/n/10 T[] \OT1/cmr/m/n/10 = 16\OML/cmm/m/it/10 ig[] N[] G[] []  G[] 
[]  G[] []  G[] []  G[] []  G[] []  G[] []  G[] []
 []


Overfull \hbox (6.12692pt too wide) detected at line 1810
\OMS/cmsy/m/n/10 T[] \OT1/cmr/m/n/10 = 16\OML/cmm/m/it/10 ig[] N[] G[] []  G[] 
[]  G[] []  G[] []  G[] []  G[] []  G[] []  G[] []
 []


Overfull \hbox (6.12692pt too wide) detected at line 1813
\OMS/cmsy/m/n/10 T[] \OT1/cmr/m/n/10 = 16\OML/cmm/m/it/10 ig[] N[] G[] []  G[] 
[]  G[] []  G[] []  G[] []  G[] []  G[] []  G[] []
 []


Overfull \hbox (1.9457pt too wide) detected at line 1816
\OMS/cmsy/m/n/10 T[] \OT1/cmr/m/n/10 = 8\OML/cmm/m/it/10 ig[] N[] G[] []  G[] [
]  G[] []  G[] []  G[] []  G[] []  G[] []  G[] []
 []


Overfull \hbox (1.82994pt too wide) detected at line 1819
\OMS/cmsy/m/n/10 T[] \OT1/cmr/m/n/10 = 8\OML/cmm/m/it/10 ig[] N[] G[] []  G[] [
]  G[] []  G[] []  G[] []  G[] []  G[] []  G[] []
 []


Overfull \hbox (1.82994pt too wide) detected at line 1822
\OMS/cmsy/m/n/10 T[] \OT1/cmr/m/n/10 = 8\OML/cmm/m/it/10 ig[] N[] G[] []  G[] [
]  G[] []  G[] []  G[] []  G[] []  G[] []  G[] []
 []


Overfull \hbox (6.12692pt too wide) detected at line 1825
\OMS/cmsy/m/n/10 T[] \OT1/cmr/m/n/10 = 32\OML/cmm/m/it/10 ig[] N[] G[] []  G[] 
[]  G[] []  G[] []  G[] []  G[] []  G[] []  G[] []
 []


Overfull \hbox (1.9457pt too wide) detected at line 1828
\OMS/cmsy/m/n/10 T[] \OT1/cmr/m/n/10 = 8\OML/cmm/m/it/10 ig[] N[] G[] []  G[] [
]  G[] []  G[] []  G[] []  G[] []  G[] []  G[] []
 []


Overfull \hbox (6.24268pt too wide) detected at line 1831
\OMS/cmsy/m/n/10 T[] \OT1/cmr/m/n/10 = 32\OML/cmm/m/it/10 ig[] N[] G[] []  G[] 
[]  G[] []  G[] []  G[] []  G[] []  G[] []  G[] []
 []

[16]
Overfull \hbox (6.24268pt too wide) detected at line 1834
\OMS/cmsy/m/n/10 T[] \OT1/cmr/m/n/10 = 32\OML/cmm/m/it/10 ig[] N[] G[] []  G[] 
[]  G[] []  G[] []  G[] []  G[] []  G[] []  G[] []
 []


Overfull \hbox (6.12692pt too wide) detected at line 1837
\OMS/cmsy/m/n/10 T[] \OT1/cmr/m/n/10 = 32\OML/cmm/m/it/10 ig[] N[] G[] []  G[] 
[]  G[] []  G[] []  G[] []  G[] []  G[] []  G[] []
 []


Overfull \hbox (6.24268pt too wide) detected at line 1840
\OMS/cmsy/m/n/10 T[] \OT1/cmr/m/n/10 = 16\OML/cmm/m/it/10 ig[] N[] G[] []  G[] 
[]  G[] []  G[] []  G[] []  G[] []  G[] []  G[] []
 []


Overfull \hbox (6.24268pt too wide) detected at line 1843
\OMS/cmsy/m/n/10 T[] \OT1/cmr/m/n/10 = 16\OML/cmm/m/it/10 ig[] N[] G[] []  G[] 
[]  G[] []  G[] []  G[] []  G[] []  G[] []  G[] []
 []


Overfull \hbox (6.12692pt too wide) detected at line 1846
\OMS/cmsy/m/n/10 T[] \OT1/cmr/m/n/10 = 16\OML/cmm/m/it/10 ig[] N[] G[] []  G[] 
[]  G[] []  G[] []  G[] []  G[] []  G[] []  G[] []
 []


Overfull \hbox (5.53964pt too wide) detected at line 1849
\OMS/cmsy/m/n/10 T[] \OT1/cmr/m/n/10 = 64\OML/cmm/m/it/10 ig[] N[] G[] []  G[] 
[]  G[] []  G[] []  G[] []  G[] []  G[] []  G[] []
 []


Overfull \hbox (6.24268pt too wide) detected at line 1852
\OMS/cmsy/m/n/10 T[] \OT1/cmr/m/n/10 = 16\OML/cmm/m/it/10 ig[] N[] G[] []  G[] 
[]  G[] []  G[] []  G[] []  G[] []  G[] []  G[] []
 []


Overfull \hbox (5.6554pt too wide) detected at line 1855
\OMS/cmsy/m/n/10 T[] \OT1/cmr/m/n/10 = 64\OML/cmm/m/it/10 ig[] N[] G[] []  G[] 
[]  G[] []  G[] []  G[] []  G[] []  G[] []  G[] []
 []


Overfull \hbox (5.53964pt too wide) detected at line 1858
\OMS/cmsy/m/n/10 T[] \OT1/cmr/m/n/10 = 64\OML/cmm/m/it/10 ig[] N[] G[] []  G[] 
[]  G[] []  G[] []  G[] []  G[] []  G[] []  G[] []
 []


Overfull \hbox (5.53964pt too wide) detected at line 1861
\OMS/cmsy/m/n/10 T[] \OT1/cmr/m/n/10 = 64\OML/cmm/m/it/10 ig[] N[] G[] []  G[] 
[]  G[] []  G[] []  G[] []  G[] []  G[] []  G[] []
 []


Overfull \hbox (1.9457pt too wide) detected at line 1864
\OMS/cmsy/m/n/10 T[] \OT1/cmr/m/n/10 = 4\OML/cmm/m/it/10 ig[] N[] G[] []  G[] [
]  G[] []  G[] []  G[] []  G[] []  G[] []  G[] []
 []


Overfull \hbox (1.82994pt too wide) detected at line 1867
\OMS/cmsy/m/n/10 T[] \OT1/cmr/m/n/10 = 4\OML/cmm/m/it/10 ig[] N[] G[] []  G[] [
]  G[] []  G[] []  G[] []  G[] []  G[] []  G[] []
 []


Overfull \hbox (1.82994pt too wide) detected at line 1870
\OMS/cmsy/m/n/10 T[] \OT1/cmr/m/n/10 = 4\OML/cmm/m/it/10 ig[] N[] G[] []  G[] [
]  G[] []  G[] []  G[] []  G[] []  G[] []  G[] []
 []


Overfull \hbox (6.12692pt too wide) detected at line 1873
\OMS/cmsy/m/n/10 T[] \OT1/cmr/m/n/10 = 16\OML/cmm/m/it/10 ig[] N[] G[] []  G[] 
[]  G[] []  G[] []  G[] []  G[] []  G[] []  G[] []
 []


Overfull \hbox (1.9457pt too wide) detected at line 1876
\OMS/cmsy/m/n/10 T[] \OT1/cmr/m/n/10 = 4\OML/cmm/m/it/10 ig[] N[] G[] []  G[] [
]  G[] []  G[] []  G[] []  G[] []  G[] []  G[] []
 []


Overfull \hbox (6.24268pt too wide) detected at line 1879
\OMS/cmsy/m/n/10 T[] \OT1/cmr/m/n/10 = 16\OML/cmm/m/it/10 ig[] N[] G[] []  G[] 
[]  G[] []  G[] []  G[] []  G[] []  G[] []  G[] []
 []


Overfull \hbox (6.24268pt too wide) detected at line 1882
\OMS/cmsy/m/n/10 T[] \OT1/cmr/m/n/10 = 16\OML/cmm/m/it/10 ig[] N[] G[] []  G[] 
[]  G[] []  G[] []  G[] []  G[] []  G[] []  G[] []
 []


Overfull \hbox (6.12692pt too wide) detected at line 1885
\OMS/cmsy/m/n/10 T[] \OT1/cmr/m/n/10 = 16\OML/cmm/m/it/10 ig[] N[] G[] []  G[] 
[]  G[] []  G[] []  G[] []  G[] []  G[] []  G[] []
 []


Overfull \hbox (6.24268pt too wide) detected at line 1888
\OMS/cmsy/m/n/10 T[] \OT1/cmr/m/n/10 = 32\OML/cmm/m/it/10 ig[] N[] G[] []  G[] 
[]  G[] []  G[] []  G[] []  G[] []  G[] []  G[] []
 []


Overfull \hbox (6.24268pt too wide) detected at line 1891
\OMS/cmsy/m/n/10 T[] \OT1/cmr/m/n/10 = 32\OML/cmm/m/it/10 ig[] N[] G[] []  G[] 
[]  G[] []  G[] []  G[] []  G[] []  G[] []  G[] []
 []


Overfull \hbox (6.12692pt too wide) detected at line 1894
\OMS/cmsy/m/n/10 T[] \OT1/cmr/m/n/10 = 32\OML/cmm/m/it/10 ig[] N[] G[] []  G[] 
[]  G[] []  G[] []  G[] []  G[] []  G[] []  G[] []
 []


Overfull \hbox (10.53966pt too wide) detected at line 1897
\OMS/cmsy/m/n/10 T[] \OT1/cmr/m/n/10 = 128\OML/cmm/m/it/10 ig[] N[] G[] []  G[]
 []  G[] []  G[] []  G[] []  G[] []  G[] []  G[] []
 []


Overfull \hbox (6.24268pt too wide) detected at line 1900
\OMS/cmsy/m/n/10 T[] \OT1/cmr/m/n/10 = 32\OML/cmm/m/it/10 ig[] N[] G[] []  G[] 
[]  G[] []  G[] []  G[] []  G[] []  G[] []  G[] []
 []


Overfull \hbox (10.65541pt too wide) detected at line 1903
\OMS/cmsy/m/n/10 T[] \OT1/cmr/m/n/10 = 128\OML/cmm/m/it/10 ig[] N[] G[] []  G[]
 []  G[] []  G[] []  G[] []  G[] []  G[] []  G[] []
 []


Overfull \hbox (10.53966pt too wide) detected at line 1906
\OMS/cmsy/m/n/10 T[] \OT1/cmr/m/n/10 = 128\OML/cmm/m/it/10 ig[] N[] G[] []  G[]
 []  G[] []  G[] []  G[] []  G[] []  G[] []  G[] []
 []


Overfull \hbox (10.53966pt too wide) detected at line 1909
\OMS/cmsy/m/n/10 T[] \OT1/cmr/m/n/10 = 128\OML/cmm/m/it/10 ig[] N[] G[] []  G[]
 []  G[] []  G[] []  G[] []  G[] []  G[] []  G[] []
 []


Overfull \hbox (6.35843pt too wide) detected at line 1912
\OMS/cmsy/m/n/10 T[] \OT1/cmr/m/n/10 = 16\OML/cmm/m/it/10 ig[] N[] G[] []  G[] 
[]  G[] []  G[] []  G[] []  G[] []  G[] []  G[] []
 []


Overfull \hbox (6.24268pt too wide) detected at line 1915
\OMS/cmsy/m/n/10 T[] \OT1/cmr/m/n/10 = 16\OML/cmm/m/it/10 ig[] N[] G[] []  G[] 
[]  G[] []  G[] []  G[] []  G[] []  G[] []  G[] []
 []


Overfull \hbox (6.24268pt too wide) detected at line 1918
\OMS/cmsy/m/n/10 T[] \OT1/cmr/m/n/10 = 16\OML/cmm/m/it/10 ig[] N[] G[] []  G[] 
[]  G[] []  G[] []  G[] []  G[] []  G[] []  G[] []
 []


Overfull \hbox (5.53964pt too wide) detected at line 1921
\OMS/cmsy/m/n/10 T[] \OT1/cmr/m/n/10 = 64\OML/cmm/m/it/10 ig[] N[] G[] []  G[] 
[]  G[] []  G[] []  G[] []  G[] []  G[] []  G[] []
 []


Overfull \hbox (6.35843pt too wide) detected at line 1924
\OMS/cmsy/m/n/10 T[] \OT1/cmr/m/n/10 = 16\OML/cmm/m/it/10 ig[] N[] G[] []  G[] 
[]  G[] []  G[] []  G[] []  G[] []  G[] []  G[] []
 []


Overfull \hbox (5.6554pt too wide) detected at line 1927
\OMS/cmsy/m/n/10 T[] \OT1/cmr/m/n/10 = 64\OML/cmm/m/it/10 ig[] N[] G[] []  G[] 
[]  G[] []  G[] []  G[] []  G[] []  G[] []  G[] []
 []


Overfull \hbox (5.6554pt too wide) detected at line 1930
\OMS/cmsy/m/n/10 T[] \OT1/cmr/m/n/10 = 64\OML/cmm/m/it/10 ig[] N[] G[] []  G[] 
[]  G[] []  G[] []  G[] []  G[] []  G[] []  G[] []
 []


Overfull \hbox (5.53964pt too wide) detected at line 1933
\OMS/cmsy/m/n/10 T[] \OT1/cmr/m/n/10 = 64\OML/cmm/m/it/10 ig[] N[] G[] []  G[] 
[]  G[] []  G[] []  G[] []  G[] []  G[] []  G[] []
 []


Overfull \hbox (1.9457pt too wide) detected at line 1945
\OMS/cmsy/m/n/10 T[] \OT1/cmr/m/n/10 = 4\OML/cmm/m/it/10 ig[] N[] G[] []  G[] [
]  G[] []  G[] []  G[] []  G[] []  G[] []  G[] []
 []

[17]
Overfull \hbox (2.64873pt too wide) detected at line 1948
\OMS/cmsy/m/n/10 T[] \OT1/cmr/m/n/10 = 2\OML/cmm/m/it/10 ig[] N[] G[] []  G[] [
]  G[] []  G[] []  G[] []  G[] []  G[] []  G[] []
 []


Overfull \hbox (2.53297pt too wide) detected at line 1951
\OMS/cmsy/m/n/10 T[] \OT1/cmr/m/n/10 = 2\OML/cmm/m/it/10 ig[] N[] G[] []  G[] [
]  G[] []  G[] []  G[] []  G[] []  G[] []  G[] []
 []


Overfull \hbox (2.53297pt too wide) detected at line 1954
\OMS/cmsy/m/n/10 T[] \OT1/cmr/m/n/10 = 2\OML/cmm/m/it/10 ig[] N[] G[] []  G[] [
]  G[] []  G[] []  G[] []  G[] []  G[] []  G[] []
 []


Overfull \hbox (1.82994pt too wide) detected at line 1957
\OMS/cmsy/m/n/10 T[] \OT1/cmr/m/n/10 = 8\OML/cmm/m/it/10 ig[] N[] G[] []  G[] [
]  G[] []  G[] []  G[] []  G[] []  G[] []  G[] []
 []


Overfull \hbox (1.9457pt too wide) detected at line 1960
\OMS/cmsy/m/n/10 T[] \OT1/cmr/m/n/10 = 8\OML/cmm/m/it/10 ig[] N[] G[] []  G[] [
]  G[] []  G[] []  G[] []  G[] []  G[] []  G[] []
 []


Overfull \hbox (1.82994pt too wide) detected at line 1963
\OMS/cmsy/m/n/10 T[] \OT1/cmr/m/n/10 = 8\OML/cmm/m/it/10 ig[] N[] G[] []  G[] [
]  G[] []  G[] []  G[] []  G[] []  G[] []  G[] []
 []


Overfull \hbox (1.9457pt too wide) detected at line 1966
\OMS/cmsy/m/n/10 T[] \OT1/cmr/m/n/10 = 8\OML/cmm/m/it/10 ig[] N[] G[] []  G[] [
]  G[] []  G[] []  G[] []  G[] []  G[] []  G[] []
 []


Overfull \hbox (6.24268pt too wide) detected at line 1969
\OMS/cmsy/m/n/10 T[] \OT1/cmr/m/n/10 = 32\OML/cmm/m/it/10 ig[] N[] G[] []  G[] 
[]  G[] []  G[] []  G[] []  G[] []  G[] []  G[] []
 []


Overfull \hbox (1.9457pt too wide) detected at line 1972
\OMS/cmsy/m/n/10 T[] \OT1/cmr/m/n/10 = 8\OML/cmm/m/it/10 ig[] N[] G[] []  G[] [
]  G[] []  G[] []  G[] []  G[] []  G[] []  G[] []
 []


Overfull \hbox (1.82994pt too wide) detected at line 1975
\OMS/cmsy/m/n/10 T[] \OT1/cmr/m/n/10 = 8\OML/cmm/m/it/10 ig[] N[] G[] []  G[] [
]  G[] []  G[] []  G[] []  G[] []  G[] []  G[] []
 []


Overfull \hbox (1.9457pt too wide) detected at line 1978
\OMS/cmsy/m/n/10 T[] \OT1/cmr/m/n/10 = 8\OML/cmm/m/it/10 ig[] N[] G[] []  G[] [
]  G[] []  G[] []  G[] []  G[] []  G[] []  G[] []
 []


Overfull \hbox (6.24268pt too wide) detected at line 1981
\OMS/cmsy/m/n/10 T[] \OT1/cmr/m/n/10 = 32\OML/cmm/m/it/10 ig[] N[] G[] []  G[] 
[]  G[] []  G[] []  G[] []  G[] []  G[] []  G[] []
 []


Overfull \hbox (1.9457pt too wide) detected at line 1984
\OMS/cmsy/m/n/10 T[] \OT1/cmr/m/n/10 = 4\OML/cmm/m/it/10 ig[] N[] G[] []  G[] [
]  G[] []  G[] []  G[] []  G[] []  G[] []  G[] []
 []


Overfull \hbox (1.82994pt too wide) detected at line 1987
\OMS/cmsy/m/n/10 T[] \OT1/cmr/m/n/10 = 4\OML/cmm/m/it/10 ig[] N[] G[] []  G[] [
]  G[] []  G[] []  G[] []  G[] []  G[] []  G[] []
 []


Overfull \hbox (1.9457pt too wide) detected at line 1990
\OMS/cmsy/m/n/10 T[] \OT1/cmr/m/n/10 = 8\OML/cmm/m/it/10 ig[] N[] G[] []  G[] [
]  G[] []  G[] []  G[] []  G[] []  G[] []  G[] []
 []


Overfull \hbox (1.82994pt too wide) detected at line 1993
\OMS/cmsy/m/n/10 T[] \OT1/cmr/m/n/10 = 8\OML/cmm/m/it/10 ig[] N[] G[] []  G[] [
]  G[] []  G[] []  G[] []  G[] []  G[] []  G[] []
 []


Overfull \hbox (1.9457pt too wide) detected at line 1996
\OMS/cmsy/m/n/10 T[] \OT1/cmr/m/n/10 = 4\OML/cmm/m/it/10 ig[] N[] G[] []  G[] [
]  G[] []  G[] []  G[] []  G[] []  G[] []  G[] []
 []


Overfull \hbox (1.82994pt too wide) detected at line 1999
\OMS/cmsy/m/n/10 T[] \OT1/cmr/m/n/10 = 4\OML/cmm/m/it/10 ig[] N[] G[] []  G[] [
]  G[] []  G[] []  G[] []  G[] []  G[] []  G[] []
 []


Overfull \hbox (6.35843pt too wide) detected at line 2002
\OMS/cmsy/m/n/10 T[] \OT1/cmr/m/n/10 = 16\OML/cmm/m/it/10 ig[] N[] G[] []  G[] 
[]  G[] []  G[] []  G[] []  G[] []  G[] []  G[] []
 []


Overfull \hbox (6.24268pt too wide) detected at line 2005
\OMS/cmsy/m/n/10 T[] \OT1/cmr/m/n/10 = 16\OML/cmm/m/it/10 ig[] N[] G[] []  G[] 
[]  G[] []  G[] []  G[] []  G[] []  G[] []  G[] []
 []


Overfull \hbox (1.82994pt too wide) detected at line 2008
\OMS/cmsy/m/n/10 T[] \OT1/cmr/m/n/10 = 4\OML/cmm/m/it/10 ig[] N[] G[] []  G[] [
]  G[] []  G[] []  G[] []  G[] []  G[] []  G[] []
 []


Overfull \hbox (6.12692pt too wide) detected at line 2011
\OMS/cmsy/m/n/10 T[] \OT1/cmr/m/n/10 = 16\OML/cmm/m/it/10 ig[] N[] G[] []  G[] 
[]  G[] []  G[] []  G[] []  G[] []  G[] []  G[] []
 []


Overfull \hbox (1.82994pt too wide) detected at line 2014
\OMS/cmsy/m/n/10 T[] \OT1/cmr/m/n/10 = 8\OML/cmm/m/it/10 ig[] N[] G[] []  G[] [
]  G[] []  G[] []  G[] []  G[] []  G[] []  G[] []
 []


Overfull \hbox (1.71419pt too wide) detected at line 2017
\OMS/cmsy/m/n/10 T[] \OT1/cmr/m/n/10 = 8\OML/cmm/m/it/10 ig[] N[] G[] []  G[] [
]  G[] []  G[] []  G[] []  G[] []  G[] []  G[] []
 []


Overfull \hbox (1.82994pt too wide) detected at line 2020
\OMS/cmsy/m/n/10 T[] \OT1/cmr/m/n/10 = 8\OML/cmm/m/it/10 ig[] N[] G[] []  G[] [
]  G[] []  G[] []  G[] []  G[] []  G[] []  G[] []
 []


Overfull \hbox (6.12692pt too wide) detected at line 2023
\OMS/cmsy/m/n/10 T[] \OT1/cmr/m/n/10 = 32\OML/cmm/m/it/10 ig[] N[] G[] []  G[] 
[]  G[] []  G[] []  G[] []  G[] []  G[] []  G[] []
 []


Overfull \hbox (6.24268pt too wide) detected at line 2026
\OMS/cmsy/m/n/10 T[] \OT1/cmr/m/n/10 = 32\OML/cmm/m/it/10 ig[] N[] G[] []  G[] 
[]  G[] []  G[] []  G[] []  G[] []  G[] []  G[] []
 []


Overfull \hbox (6.12692pt too wide) detected at line 2029
\OMS/cmsy/m/n/10 T[] \OT1/cmr/m/n/10 = 32\OML/cmm/m/it/10 ig[] N[] G[] []  G[] 
[]  G[] []  G[] []  G[] []  G[] []  G[] []  G[] []
 []


Overfull \hbox (6.24268pt too wide) detected at line 2032
\OMS/cmsy/m/n/10 T[] \OT1/cmr/m/n/10 = 32\OML/cmm/m/it/10 ig[] N[] G[] []  G[] 
[]  G[] []  G[] []  G[] []  G[] []  G[] []  G[] []
 []


Overfull \hbox (10.53966pt too wide) detected at line 2035
\OMS/cmsy/m/n/10 T[] \OT1/cmr/m/n/10 = 128\OML/cmm/m/it/10 ig[] N[] G[] []  G[]
 []  G[] []  G[] []  G[] []  G[] []  G[] []  G[] []
 []


Overfull \hbox (1.82994pt too wide) detected at line 2038
\OMS/cmsy/m/n/10 T[] \OT1/cmr/m/n/10 = 8\OML/cmm/m/it/10 ig[] N[] G[] []  G[] [
]  G[] []  G[] []  G[] []  G[] []  G[] []  G[] []
 []


Overfull \hbox (6.12692pt too wide) detected at line 2041
\OMS/cmsy/m/n/10 T[] \OT1/cmr/m/n/10 = 32\OML/cmm/m/it/10 ig[] N[] G[] []  G[] 
[]  G[] []  G[] []  G[] []  G[] []  G[] []  G[] []
 []


Overfull \hbox (1.82994pt too wide) detected at line 2044
\OMS/cmsy/m/n/10 T[] \OT1/cmr/m/n/10 = 4\OML/cmm/m/it/10 ig[] N[] G[] []  G[] [
]  G[] []  G[] []  G[] []  G[] []  G[] []  G[] []
 []


Overfull \hbox (6.12692pt too wide) detected at line 2047
\OMS/cmsy/m/n/10 T[] \OT1/cmr/m/n/10 = 16\OML/cmm/m/it/10 ig[] N[] G[] []  G[] 
[]  G[] []  G[] []  G[] []  G[] []  G[] []  G[] []
 []


Overfull \hbox (6.24268pt too wide) detected at line 2050
\OMS/cmsy/m/n/10 T[] \OT1/cmr/m/n/10 = 16\OML/cmm/m/it/10 ig[] N[] G[] []  G[] 
[]  G[] []  G[] []  G[] []  G[] []  G[] []  G[] []
 []


Overfull \hbox (5.53964pt too wide) detected at line 2053
\OMS/cmsy/m/n/10 T[] \OT1/cmr/m/n/10 = 64\OML/cmm/m/it/10 ig[] N[] G[] []  G[] 
[]  G[] []  G[] []  G[] []  G[] []  G[] []  G[] []
 []


Overfull \hbox (2.76448pt too wide) detected at line 2056
\OMS/cmsy/m/n/10 T[] \OT1/cmr/m/n/10 = 2\OML/cmm/m/it/10 ig[] N[] G[] []  G[] [
]  G[] []  G[] []  G[] []  G[] []  G[] []  G[] []
 []


Overfull \hbox (2.64873pt too wide) detected at line 2059
\OMS/cmsy/m/n/10 T[] \OT1/cmr/m/n/10 = 2\OML/cmm/m/it/10 ig[] N[] G[] []  G[] [
]  G[] []  G[] []  G[] []  G[] []  G[] []  G[] []
 []

[18]
Overfull \hbox (2.64873pt too wide) detected at line 2062
\OMS/cmsy/m/n/10 T[] \OT1/cmr/m/n/10 = 2\OML/cmm/m/it/10 ig[] N[] G[] []  G[] [
]  G[] []  G[] []  G[] []  G[] []  G[] []  G[] []
 []


Overfull \hbox (2.64873pt too wide) detected at line 2065
\OMS/cmsy/m/n/10 T[] \OT1/cmr/m/n/10 = 2\OML/cmm/m/it/10 ig[] N[] G[] []  G[] [
]  G[] []  G[] []  G[] []  G[] []  G[] []  G[] []
 []


Overfull \hbox (2.64873pt too wide) detected at line 2068
\OMS/cmsy/m/n/10 T[] \OT1/cmr/m/n/10 = 2\OML/cmm/m/it/10 ig[] N[] G[] []  G[] [
]  G[] []  G[] []  G[] []  G[] []  G[] []  G[] []
 []


Overfull \hbox (2.53297pt too wide) detected at line 2071
\OMS/cmsy/m/n/10 T[] \OT1/cmr/m/n/10 = 2\OML/cmm/m/it/10 ig[] N[] G[] []  G[] [
]  G[] []  G[] []  G[] []  G[] []  G[] []  G[] []
 []


Overfull \hbox (1.9457pt too wide) detected at line 2074
\OMS/cmsy/m/n/10 T[] \OT1/cmr/m/n/10 = 8\OML/cmm/m/it/10 ig[] N[] G[] []  G[] [
]  G[] []  G[] []  G[] []  G[] []  G[] []  G[] []
 []


Overfull \hbox (1.9457pt too wide) detected at line 2077
\OMS/cmsy/m/n/10 T[] \OT1/cmr/m/n/10 = 8\OML/cmm/m/it/10 ig[] N[] G[] []  G[] [
]  G[] []  G[] []  G[] []  G[] []  G[] []  G[] []
 []


Overfull \hbox (2.64873pt too wide) detected at line 2080
\OMS/cmsy/m/n/10 T[] \OT1/cmr/m/n/10 = 2\OML/cmm/m/it/10 ig[] N[] G[] []  G[] [
]  G[] []  G[] []  G[] []  G[] []  G[] []  G[] []
 []


Overfull \hbox (2.53297pt too wide) detected at line 2083
\OMS/cmsy/m/n/10 T[] \OT1/cmr/m/n/10 = 2\OML/cmm/m/it/10 ig[] N[] G[] []  G[] [
]  G[] []  G[] []  G[] []  G[] []  G[] []  G[] []
 []


Overfull \hbox (1.9457pt too wide) detected at line 2086
\OMS/cmsy/m/n/10 T[] \OT1/cmr/m/n/10 = 8\OML/cmm/m/it/10 ig[] N[] G[] []  G[] [
]  G[] []  G[] []  G[] []  G[] []  G[] []  G[] []
 []


Overfull \hbox (1.9457pt too wide) detected at line 2089
\OMS/cmsy/m/n/10 T[] \OT1/cmr/m/n/10 = 8\OML/cmm/m/it/10 ig[] N[] G[] []  G[] [
]  G[] []  G[] []  G[] []  G[] []  G[] []  G[] []
 []


Overfull \hbox (2.53297pt too wide) detected at line 2092
\OMS/cmsy/m/n/10 T[] \OT1/cmr/m/n/10 = 2\OML/cmm/m/it/10 ig[] N[] G[] []  G[] [
]  G[] []  G[] []  G[] []  G[] []  G[] []  G[] []
 []


Overfull \hbox (1.82994pt too wide) detected at line 2095
\OMS/cmsy/m/n/10 T[] \OT1/cmr/m/n/10 = 8\OML/cmm/m/it/10 ig[] N[] G[] []  G[] [
]  G[] []  G[] []  G[] []  G[] []  G[] []  G[] []
 []


Overfull \hbox (1.82994pt too wide) detected at line 2098
\OMS/cmsy/m/n/10 T[] \OT1/cmr/m/n/10 = 8\OML/cmm/m/it/10 ig[] N[] G[] []  G[] [
]  G[] []  G[] []  G[] []  G[] []  G[] []  G[] []
 []


Overfull \hbox (6.24268pt too wide) detected at line 2101
\OMS/cmsy/m/n/10 T[] \OT1/cmr/m/n/10 = 32\OML/cmm/m/it/10 ig[] N[] G[] []  G[] 
[]  G[] []  G[] []  G[] []  G[] []  G[] []  G[] []
 []


Overfull \hbox (2.64873pt too wide) detected at line 2104
\OMS/cmsy/m/n/10 T[] \OT1/cmr/m/n/10 = 2\OML/cmm/m/it/10 ig[] N[] G[] []  G[] [
]  G[] []  G[] []  G[] []  G[] []  G[] []  G[] []
 []


Overfull \hbox (2.53297pt too wide) detected at line 2107
\OMS/cmsy/m/n/10 T[] \OT1/cmr/m/n/10 = 2\OML/cmm/m/it/10 ig[] N[] G[] []  G[] [
]  G[] []  G[] []  G[] []  G[] []  G[] []  G[] []
 []


Overfull \hbox (1.9457pt too wide) detected at line 2110
\OMS/cmsy/m/n/10 T[] \OT1/cmr/m/n/10 = 8\OML/cmm/m/it/10 ig[] N[] G[] []  G[] [
]  G[] []  G[] []  G[] []  G[] []  G[] []  G[] []
 []


Overfull \hbox (1.9457pt too wide) detected at line 2113
\OMS/cmsy/m/n/10 T[] \OT1/cmr/m/n/10 = 8\OML/cmm/m/it/10 ig[] N[] G[] []  G[] [
]  G[] []  G[] []  G[] []  G[] []  G[] []  G[] []
 []


Overfull \hbox (1.9457pt too wide) detected at line 2116
\OMS/cmsy/m/n/10 T[] \OT1/cmr/m/n/10 = 8\OML/cmm/m/it/10 ig[] N[] G[] []  G[] [
]  G[] []  G[] []  G[] []  G[] []  G[] []  G[] []
 []


Overfull \hbox (1.82994pt too wide) detected at line 2119
\OMS/cmsy/m/n/10 T[] \OT1/cmr/m/n/10 = 8\OML/cmm/m/it/10 ig[] N[] G[] []  G[] [
]  G[] []  G[] []  G[] []  G[] []  G[] []  G[] []
 []


Overfull \hbox (1.82994pt too wide) detected at line 2122
\OMS/cmsy/m/n/10 T[] \OT1/cmr/m/n/10 = 8\OML/cmm/m/it/10 ig[] N[] G[] []  G[] [
]  G[] []  G[] []  G[] []  G[] []  G[] []  G[] []
 []


Overfull \hbox (1.82994pt too wide) detected at line 2125
\OMS/cmsy/m/n/10 T[] \OT1/cmr/m/n/10 = 8\OML/cmm/m/it/10 ig[] N[] G[] []  G[] [
]  G[] []  G[] []  G[] []  G[] []  G[] []  G[] []
 []


Overfull \hbox (2.53297pt too wide) detected at line 2128
\OMS/cmsy/m/n/10 T[] \OT1/cmr/m/n/10 = 2\OML/cmm/m/it/10 ig[] N[] G[] []  G[] [
]  G[] []  G[] []  G[] []  G[] []  G[] []  G[] []
 []


Overfull \hbox (1.82994pt too wide) detected at line 2131
\OMS/cmsy/m/n/10 T[] \OT1/cmr/m/n/10 = 8\OML/cmm/m/it/10 ig[] N[] G[] []  G[] [
]  G[] []  G[] []  G[] []  G[] []  G[] []  G[] []
 []


Overfull \hbox (1.82994pt too wide) detected at line 2134
\OMS/cmsy/m/n/10 T[] \OT1/cmr/m/n/10 = 8\OML/cmm/m/it/10 ig[] N[] G[] []  G[] [
]  G[] []  G[] []  G[] []  G[] []  G[] []  G[] []
 []


Overfull \hbox (6.24268pt too wide) detected at line 2137
\OMS/cmsy/m/n/10 T[] \OT1/cmr/m/n/10 = 32\OML/cmm/m/it/10 ig[] N[] G[] []  G[] 
[]  G[] []  G[] []  G[] []  G[] []  G[] []  G[] []
 []


Overfull \hbox (1.82994pt too wide) detected at line 2140
\OMS/cmsy/m/n/10 T[] \OT1/cmr/m/n/10 = 8\OML/cmm/m/it/10 ig[] N[] G[] []  G[] [
]  G[] []  G[] []  G[] []  G[] []  G[] []  G[] []
 []


Overfull \hbox (1.71419pt too wide) detected at line 2143
\OMS/cmsy/m/n/10 T[] \OT1/cmr/m/n/10 = 8\OML/cmm/m/it/10 ig[] N[] G[] []  G[] [
]  G[] []  G[] []  G[] []  G[] []  G[] []  G[] []
 []


Overfull \hbox (6.12692pt too wide) detected at line 2146
\OMS/cmsy/m/n/10 T[] \OT1/cmr/m/n/10 = 32\OML/cmm/m/it/10 ig[] N[] G[] []  G[] 
[]  G[] []  G[] []  G[] []  G[] []  G[] []  G[] []
 []


Overfull \hbox (6.12692pt too wide) detected at line 2149
\OMS/cmsy/m/n/10 T[] \OT1/cmr/m/n/10 = 32\OML/cmm/m/it/10 ig[] N[] G[] []  G[] 
[]  G[] []  G[] []  G[] []  G[] []  G[] []  G[] []
 []


Overfull \hbox (2.76448pt too wide) detected at line 2158
\OMS/cmsy/m/n/10 T[] \OT1/cmr/m/n/10 = 2\OML/cmm/m/it/10 ig[] N[] G[] []  G[] [
]  G[] []  G[] []  G[] []  G[] []  G[] []  G[] []
 []


Overfull \hbox (2.64873pt too wide) detected at line 2161
\OMS/cmsy/m/n/10 T[] \OT1/cmr/m/n/10 = 2\OML/cmm/m/it/10 ig[] N[] G[] []  G[] [
]  G[] []  G[] []  G[] []  G[] []  G[] []  G[] []
 []


Overfull \hbox (2.06145pt too wide) detected at line 2164
\OMS/cmsy/m/n/10 T[] \OT1/cmr/m/n/10 = 8\OML/cmm/m/it/10 ig[] N[] G[] []  G[] [
]  G[] []  G[] []  G[] []  G[] []  G[] []  G[] []
 []


Overfull \hbox (1.9457pt too wide) detected at line 2167
\OMS/cmsy/m/n/10 T[] \OT1/cmr/m/n/10 = 4\OML/cmm/m/it/10 ig[] N[] G[] []  G[] [
]  G[] []  G[] []  G[] []  G[] []  G[] []  G[] []
 []


Overfull \hbox (1.9457pt too wide) detected at line 2170
\OMS/cmsy/m/n/10 T[] \OT1/cmr/m/n/10 = 4\OML/cmm/m/it/10 ig[] N[] G[] []  G[] [
]  G[] []  G[] []  G[] []  G[] []  G[] []  G[] []
 []


Overfull \hbox (1.9457pt too wide) detected at line 2173
\OMS/cmsy/m/n/10 T[] \OT1/cmr/m/n/10 = 8\OML/cmm/m/it/10 ig[] N[] G[] []  G[] [
]  G[] []  G[] []  G[] []  G[] []  G[] []  G[] []
 []

[19]
Overfull \hbox (1.9457pt too wide) detected at line 2176
\OMS/cmsy/m/n/10 T[] \OT1/cmr/m/n/10 = 4\OML/cmm/m/it/10 ig[] N[] G[] []  G[] [
]  G[] []  G[] []  G[] []  G[] []  G[] []  G[] []
 []


Overfull \hbox (6.35843pt too wide) detected at line 2179
\OMS/cmsy/m/n/10 T[] \OT1/cmr/m/n/10 = 16\OML/cmm/m/it/10 ig[] N[] G[] []  G[] 
[]  G[] []  G[] []  G[] []  G[] []  G[] []  G[] []
 []


Overfull \hbox (1.9457pt too wide) detected at line 2182
\OMS/cmsy/m/n/10 T[] \OT1/cmr/m/n/10 = 4\OML/cmm/m/it/10 ig[] N[] G[] []  G[] [
]  G[] []  G[] []  G[] []  G[] []  G[] []  G[] []
 []


Overfull \hbox (6.35843pt too wide) detected at line 2185
\OMS/cmsy/m/n/10 T[] \OT1/cmr/m/n/10 = 16\OML/cmm/m/it/10 ig[] N[] G[] []  G[] 
[]  G[] []  G[] []  G[] []  G[] []  G[] []  G[] []
 []


Overfull \hbox (2.06145pt too wide) detected at line 2191
\OMS/cmsy/m/n/10 T[] \OT1/cmr/m/n/10 = 4\OML/cmm/m/it/10 ig[] N[] G[] []  G[] [
]  G[] []  G[] []  G[] []  G[] []  G[] []  G[] []
 []


Overfull \hbox (2.64873pt too wide) detected at line 2194
\OMS/cmsy/m/n/10 T[] \OT1/cmr/m/n/10 = 2\OML/cmm/m/it/10 ig[] N[] G[] []  G[] [
]  G[] []  G[] []  G[] []  G[] []  G[] []  G[] []
 []


Overfull \hbox (1.9457pt too wide) detected at line 2197
\OMS/cmsy/m/n/10 T[] \OT1/cmr/m/n/10 = 8\OML/cmm/m/it/10 ig[] N[] G[] []  G[] [
]  G[] []  G[] []  G[] []  G[] []  G[] []  G[] []
 []


Overfull \hbox (1.9457pt too wide) detected at line 2200
\OMS/cmsy/m/n/10 T[] \OT1/cmr/m/n/10 = 8\OML/cmm/m/it/10 ig[] N[] G[] []  G[] [
]  G[] []  G[] []  G[] []  G[] []  G[] []  G[] []
 []


Overfull \hbox (1.82994pt too wide) detected at line 2203
\OMS/cmsy/m/n/10 T[] \OT1/cmr/m/n/10 = 4\OML/cmm/m/it/10 ig[] N[] G[] []  G[] [
]  G[] []  G[] []  G[] []  G[] []  G[] []  G[] []
 []


Overfull \hbox (6.24268pt too wide) detected at line 2206
\OMS/cmsy/m/n/10 T[] \OT1/cmr/m/n/10 = 16\OML/cmm/m/it/10 ig[] N[] G[] []  G[] 
[]  G[] []  G[] []  G[] []  G[] []  G[] []  G[] []
 []


Overfull \hbox (6.24268pt too wide) detected at line 2209
\OMS/cmsy/m/n/10 T[] \OT1/cmr/m/n/10 = 32\OML/cmm/m/it/10 ig[] N[] G[] []  G[] 
[]  G[] []  G[] []  G[] []  G[] []  G[] []  G[] []
 []


Overfull \hbox (1.82994pt too wide) detected at line 2212
\OMS/cmsy/m/n/10 T[] \OT1/cmr/m/n/10 = 4\OML/cmm/m/it/10 ig[] N[] G[] []  G[] [
]  G[] []  G[] []  G[] []  G[] []  G[] []  G[] []
 []


Overfull \hbox (6.24268pt too wide) detected at line 2215
\OMS/cmsy/m/n/10 T[] \OT1/cmr/m/n/10 = 16\OML/cmm/m/it/10 ig[] N[] G[] []  G[] 
[]  G[] []  G[] []  G[] []  G[] []  G[] []  G[] []
 []


Overfull \hbox (6.24268pt too wide) detected at line 2218
\OMS/cmsy/m/n/10 T[] \OT1/cmr/m/n/10 = 16\OML/cmm/m/it/10 ig[] N[] G[] []  G[] 
[]  G[] []  G[] []  G[] []  G[] []  G[] []  G[] []
 []


Overfull \hbox (5.6554pt too wide) detected at line 2221
\OMS/cmsy/m/n/10 T[] \OT1/cmr/m/n/10 = 64\OML/cmm/m/it/10 ig[] N[] G[] []  G[] 
[]  G[] []  G[] []  G[] []  G[] []  G[] []  G[] []
 []


Overfull \hbox (1.9457pt too wide) detected at line 2230
\OMS/cmsy/m/n/10 T[] \OT1/cmr/m/n/10 = 8\OML/cmm/m/it/10 ig[] N[] G[] []  G[] [
]  G[] []  G[] []  G[] []  G[] []  G[] []  G[] []
 []


Overfull \hbox (1.9457pt too wide) detected at line 2233
\OMS/cmsy/m/n/10 T[] \OT1/cmr/m/n/10 = 8\OML/cmm/m/it/10 ig[] N[] G[] []  G[] [
]  G[] []  G[] []  G[] []  G[] []  G[] []  G[] []
 []


Overfull \hbox (1.9457pt too wide) detected at line 2236
\OMS/cmsy/m/n/10 T[] \OT1/cmr/m/n/10 = 4\OML/cmm/m/it/10 ig[] N[] G[] []  G[] [
]  G[] []  G[] []  G[] []  G[] []  G[] []  G[] []
 []


Overfull \hbox (1.9457pt too wide) detected at line 2239
\OMS/cmsy/m/n/10 T[] \OT1/cmr/m/n/10 = 4\OML/cmm/m/it/10 ig[] N[] G[] []  G[] [
]  G[] []  G[] []  G[] []  G[] []  G[] []  G[] []
 []


Overfull \hbox (6.35843pt too wide) detected at line 2242
\OMS/cmsy/m/n/10 T[] \OT1/cmr/m/n/10 = 16\OML/cmm/m/it/10 ig[] N[] G[] []  G[] 
[]  G[] []  G[] []  G[] []  G[] []  G[] []  G[] []
 []


Overfull \hbox (1.82994pt too wide) detected at line 2245
\OMS/cmsy/m/n/10 T[] \OT1/cmr/m/n/10 = 4\OML/cmm/m/it/10 ig[] N[] G[] []  G[] [
]  G[] []  G[] []  G[] []  G[] []  G[] []  G[] []
 []


Overfull \hbox (6.24268pt too wide) detected at line 2248
\OMS/cmsy/m/n/10 T[] \OT1/cmr/m/n/10 = 32\OML/cmm/m/it/10 ig[] N[] G[] []  G[] 
[]  G[] []  G[] []  G[] []  G[] []  G[] []  G[] []
 []


Overfull \hbox (6.24268pt too wide) detected at line 2251
\OMS/cmsy/m/n/10 T[] \OT1/cmr/m/n/10 = 32\OML/cmm/m/it/10 ig[] N[] G[] []  G[] 
[]  G[] []  G[] []  G[] []  G[] []  G[] []  G[] []
 []


Overfull \hbox (1.82994pt too wide) detected at line 2254
\OMS/cmsy/m/n/10 T[] \OT1/cmr/m/n/10 = 4\OML/cmm/m/it/10 ig[] N[] G[] []  G[] [
]  G[] []  G[] []  G[] []  G[] []  G[] []  G[] []
 []


Overfull \hbox (6.24268pt too wide) detected at line 2257
\OMS/cmsy/m/n/10 T[] \OT1/cmr/m/n/10 = 16\OML/cmm/m/it/10 ig[] N[] G[] []  G[] 
[]  G[] []  G[] []  G[] []  G[] []  G[] []  G[] []
 []


Overfull \hbox (1.9457pt too wide) detected at line 2263
\OMS/cmsy/m/n/10 T[] \OT1/cmr/m/n/10 = 4\OML/cmm/m/it/10 ig[] N[] G[] []  G[] [
]  G[] []  G[] []  G[] []  G[] []  G[] []  G[] []
 []


Overfull \hbox (1.82994pt too wide) detected at line 2266
\OMS/cmsy/m/n/10 T[] \OT1/cmr/m/n/10 = 8\OML/cmm/m/it/10 ig[] N[] G[] []  G[] [
]  G[] []  G[] []  G[] []  G[] []  G[] []  G[] []
 []


Overfull \hbox (6.24268pt too wide) detected at line 2269
\OMS/cmsy/m/n/10 T[] \OT1/cmr/m/n/10 = 32\OML/cmm/m/it/10 ig[] N[] G[] []  G[] 
[]  G[] []  G[] []  G[] []  G[] []  G[] []  G[] []
 []


Overfull \hbox (1.82994pt too wide) detected at line 2272
\OMS/cmsy/m/n/10 T[] \OT1/cmr/m/n/10 = 4\OML/cmm/m/it/10 ig[] N[] G[] []  G[] [
]  G[] []  G[] []  G[] []  G[] []  G[] []  G[] []
 []


Overfull \hbox (1.82994pt too wide) detected at line 2275
\OMS/cmsy/m/n/10 T[] \OT1/cmr/m/n/10 = 4\OML/cmm/m/it/10 ig[] N[] G[] []  G[] [
]  G[] []  G[] []  G[] []  G[] []  G[] []  G[] []
 []


Overfull \hbox (6.24268pt too wide) detected at line 2278
\OMS/cmsy/m/n/10 T[] \OT1/cmr/m/n/10 = 16\OML/cmm/m/it/10 ig[] N[] G[] []  G[] 
[]  G[] []  G[] []  G[] []  G[] []  G[] []  G[] []
 []


Overfull \hbox (6.12692pt too wide) detected at line 2281
\OMS/cmsy/m/n/10 T[] \OT1/cmr/m/n/10 = 16\OML/cmm/m/it/10 ig[] N[] G[] []  G[] 
[]  G[] []  G[] []  G[] []  G[] []  G[] []  G[] []
 []


Overfull \hbox (6.12692pt too wide) detected at line 2284
\OMS/cmsy/m/n/10 T[] \OT1/cmr/m/n/10 = 32\OML/cmm/m/it/10 ig[] N[] G[] []  G[] 
[]  G[] []  G[] []  G[] []  G[] []  G[] []  G[] []
 []


Overfull \hbox (10.53966pt too wide) detected at line 2287
\OMS/cmsy/m/n/10 T[] \OT1/cmr/m/n/10 = 128\OML/cmm/m/it/10 ig[] N[] G[] []  G[]
 []  G[] []  G[] []  G[] []  G[] []  G[] []  G[] []
 []

[20]
Overfull \hbox (6.12692pt too wide) detected at line 2290
\OMS/cmsy/m/n/10 T[] \OT1/cmr/m/n/10 = 16\OML/cmm/m/it/10 ig[] N[] G[] []  G[] 
[]  G[] []  G[] []  G[] []  G[] []  G[] []  G[] []
 []


Overfull \hbox (5.53964pt too wide) detected at line 2293
\OMS/cmsy/m/n/10 T[] \OT1/cmr/m/n/10 = 64\OML/cmm/m/it/10 ig[] N[] G[] []  G[] 
[]  G[] []  G[] []  G[] []  G[] []  G[] []  G[] []
 []


Overfull \hbox (1.9457pt too wide) detected at line 2299
\OMS/cmsy/m/n/10 T[] \OT1/cmr/m/n/10 = 4\OML/cmm/m/it/10 ig[] N[] G[] []  G[] [
]  G[] []  G[] []  G[] []  G[] []  G[] []  G[] []
 []


Overfull \hbox (1.9457pt too wide) detected at line 2311
\OMS/cmsy/m/n/10 T[] \OT1/cmr/m/n/10 = 4\OML/cmm/m/it/10 ig[] N[] G[] []  G[] [
]  G[] []  G[] []  G[] []  G[] []  G[] []  G[] []
 []


Overfull \hbox (1.9457pt too wide) detected at line 2314
\OMS/cmsy/m/n/10 T[] \OT1/cmr/m/n/10 = 4\OML/cmm/m/it/10 ig[] N[] G[] []  G[] [
]  G[] []  G[] []  G[] []  G[] []  G[] []  G[] []
 []


Overfull \hbox (1.82994pt too wide) detected at line 2317
\OMS/cmsy/m/n/10 T[] \OT1/cmr/m/n/10 = 4\OML/cmm/m/it/10 ig[] N[] G[] []  G[] [
]  G[] []  G[] []  G[] []  G[] []  G[] []  G[] []
 []


Overfull \hbox (1.82994pt too wide) detected at line 2323
\OMS/cmsy/m/n/10 T[] \OT1/cmr/m/n/10 = 4\OML/cmm/m/it/10 ig[] N[] G[] []  G[] [
]  G[] []  G[] []  G[] []  G[] []  G[] []  G[] []
 []


Overfull \hbox (1.9457pt too wide) detected at line 2326
\OMS/cmsy/m/n/10 T[] \OT1/cmr/m/n/10 = 4\OML/cmm/m/it/10 ig[] N[] G[] []  G[] [
]  G[] []  G[] []  G[] []  G[] []  G[] []  G[] []
 []


Overfull \hbox (1.82994pt too wide) detected at line 2329
\OMS/cmsy/m/n/10 T[] \OT1/cmr/m/n/10 = 4\OML/cmm/m/it/10 ig[] N[] G[] []  G[] [
]  G[] []  G[] []  G[] []  G[] []  G[] []  G[] []
 []


Overfull \hbox (1.9457pt too wide) detected at line 2341
\OMS/cmsy/m/n/10 T[] \OT1/cmr/m/n/10 = 4\OML/cmm/m/it/10 ig[] N[] G[] []  G[] [
]  G[] []  G[] []  G[] []  G[] []  G[] []  G[] []
 []


Overfull \hbox (1.82994pt too wide) detected at line 2347
\OMS/cmsy/m/n/10 T[] \OT1/cmr/m/n/10 = 4\OML/cmm/m/it/10 ig[] N[] G[] []  G[] [
]  G[] []  G[] []  G[] []  G[] []  G[] []  G[] []
 []


Overfull \hbox (1.9457pt too wide) detected at line 2350
\OMS/cmsy/m/n/10 T[] \OT1/cmr/m/n/10 = 4\OML/cmm/m/it/10 ig[] N[] G[] []  G[] [
]  G[] []  G[] []  G[] []  G[] []  G[] []  G[] []
 []


Overfull \hbox (1.82994pt too wide) detected at line 2353
\OMS/cmsy/m/n/10 T[] \OT1/cmr/m/n/10 = 4\OML/cmm/m/it/10 ig[] N[] G[] []  G[] [
]  G[] []  G[] []  G[] []  G[] []  G[] []  G[] []
 []


Overfull \hbox (1.9457pt too wide) detected at line 2365
\OMS/cmsy/m/n/10 T[] \OT1/cmr/m/n/10 = 4\OML/cmm/m/it/10 ig[] N[] G[] []  G[] [
]  G[] []  G[] []  G[] []  G[] []  G[] []  G[] []
 []


Overfull \hbox (1.9457pt too wide) detected at line 2371
\OMS/cmsy/m/n/10 T[] \OT1/cmr/m/n/10 = 4\OML/cmm/m/it/10 ig[] N[] G[] []  G[] [
]  G[] []  G[] []  G[] []  G[] []  G[] []  G[] []
 []


Overfull \hbox (1.9457pt too wide) detected at line 2374
\OMS/cmsy/m/n/10 T[] \OT1/cmr/m/n/10 = 4\OML/cmm/m/it/10 ig[] N[] G[] []  G[] [
]  G[] []  G[] []  G[] []  G[] []  G[] []  G[] []
 []


Overfull \hbox (1.82994pt too wide) detected at line 2377
\OMS/cmsy/m/n/10 T[] \OT1/cmr/m/n/10 = 4\OML/cmm/m/it/10 ig[] N[] G[] []  G[] [
]  G[] []  G[] []  G[] []  G[] []  G[] []  G[] []
 []


Overfull \hbox (2.53297pt too wide) detected at line 2380
\OMS/cmsy/m/n/10 T[] \OT1/cmr/m/n/10 = 2\OML/cmm/m/it/10 ig[] N[] G[] []  G[] [
]  G[] []  G[] []  G[] []  G[] []  G[] []  G[] []
 []


Overfull \hbox (1.82994pt too wide) detected at line 2383
\OMS/cmsy/m/n/10 T[] \OT1/cmr/m/n/10 = 8\OML/cmm/m/it/10 ig[] N[] G[] []  G[] [
]  G[] []  G[] []  G[] []  G[] []  G[] []  G[] []
 []


Overfull \hbox (1.9457pt too wide) detected at line 2386
\OMS/cmsy/m/n/10 T[] \OT1/cmr/m/n/10 = 8\OML/cmm/m/it/10 ig[] N[] G[] []  G[] [
]  G[] []  G[] []  G[] []  G[] []  G[] []  G[] []
 []


Overfull \hbox (1.82994pt too wide) detected at line 2389
\OMS/cmsy/m/n/10 T[] \OT1/cmr/m/n/10 = 8\OML/cmm/m/it/10 ig[] N[] G[] []  G[] [
]  G[] []  G[] []  G[] []  G[] []  G[] []  G[] []
 []


Overfull \hbox (1.9457pt too wide) detected at line 2392
\OMS/cmsy/m/n/10 T[] \OT1/cmr/m/n/10 = 8\OML/cmm/m/it/10 ig[] N[] G[] []  G[] [
]  G[] []  G[] []  G[] []  G[] []  G[] []  G[] []
 []


Overfull \hbox (6.24268pt too wide) detected at line 2395
\OMS/cmsy/m/n/10 T[] \OT1/cmr/m/n/10 = 32\OML/cmm/m/it/10 ig[] N[] G[] []  G[] 
[]  G[] []  G[] []  G[] []  G[] []  G[] []  G[] []
 []


Overfull \hbox (1.82994pt too wide) detected at line 2398
\OMS/cmsy/m/n/10 T[] \OT1/cmr/m/n/10 = 8\OML/cmm/m/it/10 ig[] N[] G[] []  G[] [
]  G[] []  G[] []  G[] []  G[] []  G[] []  G[] []
 []


Overfull \hbox (1.71419pt too wide) detected at line 2401
\OMS/cmsy/m/n/10 T[] \OT1/cmr/m/n/10 = 8\OML/cmm/m/it/10 ig[] N[] G[] []  G[] [
]  G[] []  G[] []  G[] []  G[] []  G[] []  G[] []
 []

[21]
Overfull \hbox (1.82994pt too wide) detected at line 2404
\OMS/cmsy/m/n/10 T[] \OT1/cmr/m/n/10 = 8\OML/cmm/m/it/10 ig[] N[] G[] []  G[] [
]  G[] []  G[] []  G[] []  G[] []  G[] []  G[] []
 []


Overfull \hbox (6.12692pt too wide) detected at line 2407
\OMS/cmsy/m/n/10 T[] \OT1/cmr/m/n/10 = 32\OML/cmm/m/it/10 ig[] N[] G[] []  G[] 
[]  G[] []  G[] []  G[] []  G[] []  G[] []  G[] []
 []


Overfull \hbox (6.24268pt too wide) detected at line 2410
\OMS/cmsy/m/n/10 T[] \OT1/cmr/m/n/10 = 32\OML/cmm/m/it/10 ig[] N[] G[] []  G[] 
[]  G[] []  G[] []  G[] []  G[] []  G[] []  G[] []
 []


Overfull \hbox (6.12692pt too wide) detected at line 2413
\OMS/cmsy/m/n/10 T[] \OT1/cmr/m/n/10 = 32\OML/cmm/m/it/10 ig[] N[] G[] []  G[] 
[]  G[] []  G[] []  G[] []  G[] []  G[] []  G[] []
 []


Overfull \hbox (1.82994pt too wide) detected at line 2416
\OMS/cmsy/m/n/10 T[] \OT1/cmr/m/n/10 = 8\OML/cmm/m/it/10 ig[] N[] G[] []  G[] [
]  G[] []  G[] []  G[] []  G[] []  G[] []  G[] []
 []


Overfull \hbox (6.12692pt too wide) detected at line 2419
\OMS/cmsy/m/n/10 T[] \OT1/cmr/m/n/10 = 32\OML/cmm/m/it/10 ig[] N[] G[] []  G[] 
[]  G[] []  G[] []  G[] []  G[] []  G[] []  G[] []
 []


Overfull \hbox (6.24268pt too wide) detected at line 2422
\OMS/cmsy/m/n/10 T[] \OT1/cmr/m/n/10 = 32\OML/cmm/m/it/10 ig[] N[] G[] []  G[] 
[]  G[] []  G[] []  G[] []  G[] []  G[] []  G[] []
 []


Overfull \hbox (6.12692pt too wide) detected at line 2425
\OMS/cmsy/m/n/10 T[] \OT1/cmr/m/n/10 = 32\OML/cmm/m/it/10 ig[] N[] G[] []  G[] 
[]  G[] []  G[] []  G[] []  G[] []  G[] []  G[] []
 []


Overfull \hbox (1.82994pt too wide) detected at line 2428
\OMS/cmsy/m/n/10 T[] \OT1/cmr/m/n/10 = 8\OML/cmm/m/it/10 ig[] N[] G[] []  G[] [
]  G[] []  G[] []  G[] []  G[] []  G[] []  G[] []
 []


Overfull \hbox (6.12692pt too wide) detected at line 2431
\OMS/cmsy/m/n/10 T[] \OT1/cmr/m/n/10 = 32\OML/cmm/m/it/10 ig[] N[] G[] []  G[] 
[]  G[] []  G[] []  G[] []  G[] []  G[] []  G[] []
 []


Overfull \hbox (6.24268pt too wide) detected at line 2434
\OMS/cmsy/m/n/10 T[] \OT1/cmr/m/n/10 = 32\OML/cmm/m/it/10 ig[] N[] G[] []  G[] 
[]  G[] []  G[] []  G[] []  G[] []  G[] []  G[] []
 []


Overfull \hbox (6.12692pt too wide) detected at line 2437
\OMS/cmsy/m/n/10 T[] \OT1/cmr/m/n/10 = 32\OML/cmm/m/it/10 ig[] N[] G[] []  G[] 
[]  G[] []  G[] []  G[] []  G[] []  G[] []  G[] []
 []


Overfull \hbox (2.64873pt too wide) detected at line 2440
\OMS/cmsy/m/n/10 T[] \OT1/cmr/m/n/10 = 2\OML/cmm/m/it/10 ig[] N[] G[] []  G[] [
]  G[] []  G[] []  G[] []  G[] []  G[] []  G[] []
 []


Overfull \hbox (2.53297pt too wide) detected at line 2443
\OMS/cmsy/m/n/10 T[] \OT1/cmr/m/n/10 = 2\OML/cmm/m/it/10 ig[] N[] G[] []  G[] [
]  G[] []  G[] []  G[] []  G[] []  G[] []  G[] []
 []


Overfull \hbox (2.53297pt too wide) detected at line 2446
\OMS/cmsy/m/n/10 T[] \OT1/cmr/m/n/10 = 2\OML/cmm/m/it/10 ig[] N[] G[] []  G[] [
]  G[] []  G[] []  G[] []  G[] []  G[] []  G[] []
 []


Overfull \hbox (1.82994pt too wide) detected at line 2449
\OMS/cmsy/m/n/10 T[] \OT1/cmr/m/n/10 = 8\OML/cmm/m/it/10 ig[] N[] G[] []  G[] [
]  G[] []  G[] []  G[] []  G[] []  G[] []  G[] []
 []


Overfull \hbox (2.53297pt too wide) detected at line 2452
\OMS/cmsy/m/n/10 T[] \OT1/cmr/m/n/10 = 2\OML/cmm/m/it/10 ig[] N[] G[] []  G[] [
]  G[] []  G[] []  G[] []  G[] []  G[] []  G[] []
 []


Overfull \hbox (1.82994pt too wide) detected at line 2455
\OMS/cmsy/m/n/10 T[] \OT1/cmr/m/n/10 = 8\OML/cmm/m/it/10 ig[] N[] G[] []  G[] [
]  G[] []  G[] []  G[] []  G[] []  G[] []  G[] []
 []


Overfull \hbox (1.82994pt too wide) detected at line 2458
\OMS/cmsy/m/n/10 T[] \OT1/cmr/m/n/10 = 8\OML/cmm/m/it/10 ig[] N[] G[] []  G[] [
]  G[] []  G[] []  G[] []  G[] []  G[] []  G[] []
 []


Overfull \hbox (1.71419pt too wide) detected at line 2461
\OMS/cmsy/m/n/10 T[] \OT1/cmr/m/n/10 = 8\OML/cmm/m/it/10 ig[] N[] G[] []  G[] [
]  G[] []  G[] []  G[] []  G[] []  G[] []  G[] []
 []


Overfull \hbox (1.9457pt too wide) detected at line 2464
\OMS/cmsy/m/n/10 T[] \OT1/cmr/m/n/10 = 8\OML/cmm/m/it/10 ig[] N[] G[] []  G[] [
]  G[] []  G[] []  G[] []  G[] []  G[] []  G[] []
 []


Overfull \hbox (1.82994pt too wide) detected at line 2467
\OMS/cmsy/m/n/10 T[] \OT1/cmr/m/n/10 = 8\OML/cmm/m/it/10 ig[] N[] G[] []  G[] [
]  G[] []  G[] []  G[] []  G[] []  G[] []  G[] []
 []


Overfull \hbox (1.9457pt too wide) detected at line 2470
\OMS/cmsy/m/n/10 T[] \OT1/cmr/m/n/10 = 8\OML/cmm/m/it/10 ig[] N[] G[] []  G[] [
]  G[] []  G[] []  G[] []  G[] []  G[] []  G[] []
 []


Overfull \hbox (6.24268pt too wide) detected at line 2473
\OMS/cmsy/m/n/10 T[] \OT1/cmr/m/n/10 = 32\OML/cmm/m/it/10 ig[] N[] G[] []  G[] 
[]  G[] []  G[] []  G[] []  G[] []  G[] []  G[] []
 []


Overfull \hbox (1.82994pt too wide) detected at line 2476
\OMS/cmsy/m/n/10 T[] \OT1/cmr/m/n/10 = 8\OML/cmm/m/it/10 ig[] N[] G[] []  G[] [
]  G[] []  G[] []  G[] []  G[] []  G[] []  G[] []
 []


Overfull \hbox (6.12692pt too wide) detected at line 2479
\OMS/cmsy/m/n/10 T[] \OT1/cmr/m/n/10 = 32\OML/cmm/m/it/10 ig[] N[] G[] []  G[] 
[]  G[] []  G[] []  G[] []  G[] []  G[] []  G[] []
 []


Overfull \hbox (6.24268pt too wide) detected at line 2482
\OMS/cmsy/m/n/10 T[] \OT1/cmr/m/n/10 = 32\OML/cmm/m/it/10 ig[] N[] G[] []  G[] 
[]  G[] []  G[] []  G[] []  G[] []  G[] []  G[] []
 []


Overfull \hbox (6.12692pt too wide) detected at line 2485
\OMS/cmsy/m/n/10 T[] \OT1/cmr/m/n/10 = 32\OML/cmm/m/it/10 ig[] N[] G[] []  G[] 
[]  G[] []  G[] []  G[] []  G[] []  G[] []  G[] []
 []


Overfull \hbox (1.82994pt too wide) detected at line 2488
\OMS/cmsy/m/n/10 T[] \OT1/cmr/m/n/10 = 8\OML/cmm/m/it/10 ig[] N[] G[] []  G[] [
]  G[] []  G[] []  G[] []  G[] []  G[] []  G[] []
 []


Overfull \hbox (1.71419pt too wide) detected at line 2491
\OMS/cmsy/m/n/10 T[] \OT1/cmr/m/n/10 = 8\OML/cmm/m/it/10 ig[] N[] G[] []  G[] [
]  G[] []  G[] []  G[] []  G[] []  G[] []  G[] []
 []


Overfull \hbox (1.82994pt too wide) detected at line 2494
\OMS/cmsy/m/n/10 T[] \OT1/cmr/m/n/10 = 8\OML/cmm/m/it/10 ig[] N[] G[] []  G[] [
]  G[] []  G[] []  G[] []  G[] []  G[] []  G[] []
 []


Overfull \hbox (6.12692pt too wide) detected at line 2497
\OMS/cmsy/m/n/10 T[] \OT1/cmr/m/n/10 = 32\OML/cmm/m/it/10 ig[] N[] G[] []  G[] 
[]  G[] []  G[] []  G[] []  G[] []  G[] []  G[] []
 []


Overfull \hbox (1.82994pt too wide) detected at line 2500
\OMS/cmsy/m/n/10 T[] \OT1/cmr/m/n/10 = 8\OML/cmm/m/it/10 ig[] N[] G[] []  G[] [
]  G[] []  G[] []  G[] []  G[] []  G[] []  G[] []
 []


Overfull \hbox (6.12692pt too wide) detected at line 2503
\OMS/cmsy/m/n/10 T[] \OT1/cmr/m/n/10 = 32\OML/cmm/m/it/10 ig[] N[] G[] []  G[] 
[]  G[] []  G[] []  G[] []  G[] []  G[] []  G[] []
 []


Overfull \hbox (6.24268pt too wide) detected at line 2506
\OMS/cmsy/m/n/10 T[] \OT1/cmr/m/n/10 = 32\OML/cmm/m/it/10 ig[] N[] G[] []  G[] 
[]  G[] []  G[] []  G[] []  G[] []  G[] []  G[] []
 []


Overfull \hbox (6.12692pt too wide) detected at line 2509
\OMS/cmsy/m/n/10 T[] \OT1/cmr/m/n/10 = 32\OML/cmm/m/it/10 ig[] N[] G[] []  G[] 
[]  G[] []  G[] []  G[] []  G[] []  G[] []  G[] []
 []


Overfull \hbox (1.82994pt too wide) detected at line 2512
\OMS/cmsy/m/n/10 T[] \OT1/cmr/m/n/10 = 8\OML/cmm/m/it/10 ig[] N[] G[] []  G[] [
]  G[] []  G[] []  G[] []  G[] []  G[] []  G[] []
 []


Overfull \hbox (1.71419pt too wide) detected at line 2515
\OMS/cmsy/m/n/10 T[] \OT1/cmr/m/n/10 = 8\OML/cmm/m/it/10 ig[] N[] G[] []  G[] [
]  G[] []  G[] []  G[] []  G[] []  G[] []  G[] []
 []

[22]
Overfull \hbox (1.82994pt too wide) detected at line 2518
\OMS/cmsy/m/n/10 T[] \OT1/cmr/m/n/10 = 8\OML/cmm/m/it/10 ig[] N[] G[] []  G[] [
]  G[] []  G[] []  G[] []  G[] []  G[] []  G[] []
 []


Overfull \hbox (6.12692pt too wide) detected at line 2521
\OMS/cmsy/m/n/10 T[] \OT1/cmr/m/n/10 = 32\OML/cmm/m/it/10 ig[] N[] G[] []  G[] 
[]  G[] []  G[] []  G[] []  G[] []  G[] []  G[] []
 []


Overfull \hbox (1.82994pt too wide) detected at line 2524
\OMS/cmsy/m/n/10 T[] \OT1/cmr/m/n/10 = 8\OML/cmm/m/it/10 ig[] N[] G[] []  G[] [
]  G[] []  G[] []  G[] []  G[] []  G[] []  G[] []
 []


Overfull \hbox (6.12692pt too wide) detected at line 2527
\OMS/cmsy/m/n/10 T[] \OT1/cmr/m/n/10 = 32\OML/cmm/m/it/10 ig[] N[] G[] []  G[] 
[]  G[] []  G[] []  G[] []  G[] []  G[] []  G[] []
 []


Overfull \hbox (6.24268pt too wide) detected at line 2530
\OMS/cmsy/m/n/10 T[] \OT1/cmr/m/n/10 = 32\OML/cmm/m/it/10 ig[] N[] G[] []  G[] 
[]  G[] []  G[] []  G[] []  G[] []  G[] []  G[] []
 []


Overfull \hbox (6.12692pt too wide) detected at line 2533
\OMS/cmsy/m/n/10 T[] \OT1/cmr/m/n/10 = 32\OML/cmm/m/it/10 ig[] N[] G[] []  G[] 
[]  G[] []  G[] []  G[] []  G[] []  G[] []  G[] []
 []


Overfull \hbox (1.9457pt too wide) detected at line 2536
\OMS/cmsy/m/n/10 T[] \OT1/cmr/m/n/10 = 8\OML/cmm/m/it/10 ig[] N[] G[] []  G[] [
]  G[] []  G[] []  G[] []  G[] []  G[] []  G[] []
 []


Overfull \hbox (1.82994pt too wide) detected at line 2539
\OMS/cmsy/m/n/10 T[] \OT1/cmr/m/n/10 = 8\OML/cmm/m/it/10 ig[] N[] G[] []  G[] [
]  G[] []  G[] []  G[] []  G[] []  G[] []  G[] []
 []


Overfull \hbox (1.9457pt too wide) detected at line 2542
\OMS/cmsy/m/n/10 T[] \OT1/cmr/m/n/10 = 8\OML/cmm/m/it/10 ig[] N[] G[] []  G[] [
]  G[] []  G[] []  G[] []  G[] []  G[] []  G[] []
 []


Overfull \hbox (6.24268pt too wide) detected at line 2545
\OMS/cmsy/m/n/10 T[] \OT1/cmr/m/n/10 = 32\OML/cmm/m/it/10 ig[] N[] G[] []  G[] 
[]  G[] []  G[] []  G[] []  G[] []  G[] []  G[] []
 []


Overfull \hbox (1.82994pt too wide) detected at line 2548
\OMS/cmsy/m/n/10 T[] \OT1/cmr/m/n/10 = 8\OML/cmm/m/it/10 ig[] N[] G[] []  G[] [
]  G[] []  G[] []  G[] []  G[] []  G[] []  G[] []
 []


Overfull \hbox (6.12692pt too wide) detected at line 2551
\OMS/cmsy/m/n/10 T[] \OT1/cmr/m/n/10 = 32\OML/cmm/m/it/10 ig[] N[] G[] []  G[] 
[]  G[] []  G[] []  G[] []  G[] []  G[] []  G[] []
 []


Overfull \hbox (6.24268pt too wide) detected at line 2554
\OMS/cmsy/m/n/10 T[] \OT1/cmr/m/n/10 = 32\OML/cmm/m/it/10 ig[] N[] G[] []  G[] 
[]  G[] []  G[] []  G[] []  G[] []  G[] []  G[] []
 []


Overfull \hbox (6.12692pt too wide) detected at line 2557
\OMS/cmsy/m/n/10 T[] \OT1/cmr/m/n/10 = 32\OML/cmm/m/it/10 ig[] N[] G[] []  G[] 
[]  G[] []  G[] []  G[] []  G[] []  G[] []  G[] []
 []


Overfull \hbox (6.24268pt too wide) detected at line 2560
\OMS/cmsy/m/n/10 T[] \OT1/cmr/m/n/10 = 32\OML/cmm/m/it/10 ig[] N[] G[] []  G[] 
[]  G[] []  G[] []  G[] []  G[] []  G[] []  G[] []
 []


Overfull \hbox (6.12692pt too wide) detected at line 2563
\OMS/cmsy/m/n/10 T[] \OT1/cmr/m/n/10 = 32\OML/cmm/m/it/10 ig[] N[] G[] []  G[] 
[]  G[] []  G[] []  G[] []  G[] []  G[] []  G[] []
 []


Overfull \hbox (6.24268pt too wide) detected at line 2566
\OMS/cmsy/m/n/10 T[] \OT1/cmr/m/n/10 = 32\OML/cmm/m/it/10 ig[] N[] G[] []  G[] 
[]  G[] []  G[] []  G[] []  G[] []  G[] []  G[] []
 []


Overfull \hbox (10.53966pt too wide) detected at line 2569
\OMS/cmsy/m/n/10 T[] \OT1/cmr/m/n/10 = 128\OML/cmm/m/it/10 ig[] N[] G[] []  G[]
 []  G[] []  G[] []  G[] []  G[] []  G[] []  G[] []
 []


Overfull \hbox (1.9457pt too wide) detected at line 2572
\OMS/cmsy/m/n/10 T[] \OT1/cmr/m/n/10 = 8\OML/cmm/m/it/10 ig[] N[] G[] []  G[] [
]  G[] []  G[] []  G[] []  G[] []  G[] []  G[] []
 []


Overfull \hbox (1.82994pt too wide) detected at line 2575
\OMS/cmsy/m/n/10 T[] \OT1/cmr/m/n/10 = 8\OML/cmm/m/it/10 ig[] N[] G[] []  G[] [
]  G[] []  G[] []  G[] []  G[] []  G[] []  G[] []
 []


Overfull \hbox (1.9457pt too wide) detected at line 2578
\OMS/cmsy/m/n/10 T[] \OT1/cmr/m/n/10 = 8\OML/cmm/m/it/10 ig[] N[] G[] []  G[] [
]  G[] []  G[] []  G[] []  G[] []  G[] []  G[] []
 []


Overfull \hbox (6.24268pt too wide) detected at line 2581
\OMS/cmsy/m/n/10 T[] \OT1/cmr/m/n/10 = 32\OML/cmm/m/it/10 ig[] N[] G[] []  G[] 
[]  G[] []  G[] []  G[] []  G[] []  G[] []  G[] []
 []


Overfull \hbox (1.82994pt too wide) detected at line 2584
\OMS/cmsy/m/n/10 T[] \OT1/cmr/m/n/10 = 8\OML/cmm/m/it/10 ig[] N[] G[] []  G[] [
]  G[] []  G[] []  G[] []  G[] []  G[] []  G[] []
 []


Overfull \hbox (6.12692pt too wide) detected at line 2587
\OMS/cmsy/m/n/10 T[] \OT1/cmr/m/n/10 = 32\OML/cmm/m/it/10 ig[] N[] G[] []  G[] 
[]  G[] []  G[] []  G[] []  G[] []  G[] []  G[] []
 []


Overfull \hbox (6.24268pt too wide) detected at line 2590
\OMS/cmsy/m/n/10 T[] \OT1/cmr/m/n/10 = 32\OML/cmm/m/it/10 ig[] N[] G[] []  G[] 
[]  G[] []  G[] []  G[] []  G[] []  G[] []  G[] []
 []


Overfull \hbox (6.12692pt too wide) detected at line 2593
\OMS/cmsy/m/n/10 T[] \OT1/cmr/m/n/10 = 32\OML/cmm/m/it/10 ig[] N[] G[] []  G[] 
[]  G[] []  G[] []  G[] []  G[] []  G[] []  G[] []
 []


Overfull \hbox (6.24268pt too wide) detected at line 2596
\OMS/cmsy/m/n/10 T[] \OT1/cmr/m/n/10 = 32\OML/cmm/m/it/10 ig[] N[] G[] []  G[] 
[]  G[] []  G[] []  G[] []  G[] []  G[] []  G[] []
 []


Overfull \hbox (10.53966pt too wide) detected at line 2599
\OMS/cmsy/m/n/10 T[] \OT1/cmr/m/n/10 = 128\OML/cmm/m/it/10 ig[] N[] G[] []  G[]
 []  G[] []  G[] []  G[] []  G[] []  G[] []  G[] []
 []


Overfull \hbox (10.65541pt too wide) detected at line 2602
\OMS/cmsy/m/n/10 T[] \OT1/cmr/m/n/10 = 128\OML/cmm/m/it/10 ig[] N[] G[] []  G[]
 []  G[] []  G[] []  G[] []  G[] []  G[] []  G[] []
 []


Overfull \hbox (10.53966pt too wide) detected at line 2605
\OMS/cmsy/m/n/10 T[] \OT1/cmr/m/n/10 = 128\OML/cmm/m/it/10 ig[] N[] G[] []  G[]
 []  G[] []  G[] []  G[] []  G[] []  G[] []  G[] []
 []


Overfull \hbox (6.24268pt too wide) detected at line 2608
\OMS/cmsy/m/n/10 T[] \OT1/cmr/m/n/10 = 32\OML/cmm/m/it/10 ig[] N[] G[] []  G[] 
[]  G[] []  G[] []  G[] []  G[] []  G[] []  G[] []
 []


Overfull \hbox (6.12692pt too wide) detected at line 2611
\OMS/cmsy/m/n/10 T[] \OT1/cmr/m/n/10 = 32\OML/cmm/m/it/10 ig[] N[] G[] []  G[] 
[]  G[] []  G[] []  G[] []  G[] []  G[] []  G[] []
 []


Overfull \hbox (6.24268pt too wide) detected at line 2614
\OMS/cmsy/m/n/10 T[] \OT1/cmr/m/n/10 = 32\OML/cmm/m/it/10 ig[] N[] G[] []  G[] 
[]  G[] []  G[] []  G[] []  G[] []  G[] []  G[] []
 []


Overfull \hbox (10.53966pt too wide) detected at line 2617
\OMS/cmsy/m/n/10 T[] \OT1/cmr/m/n/10 = 128\OML/cmm/m/it/10 ig[] N[] G[] []  G[]
 []  G[] []  G[] []  G[] []  G[] []  G[] []  G[] []
 []


Overfull \hbox (6.24268pt too wide) detected at line 2620
\OMS/cmsy/m/n/10 T[] \OT1/cmr/m/n/10 = 32\OML/cmm/m/it/10 ig[] N[] G[] []  G[] 
[]  G[] []  G[] []  G[] []  G[] []  G[] []  G[] []
 []


Overfull \hbox (10.53966pt too wide) detected at line 2623
\OMS/cmsy/m/n/10 T[] \OT1/cmr/m/n/10 = 128\OML/cmm/m/it/10 ig[] N[] G[] []  G[]
 []  G[] []  G[] []  G[] []  G[] []  G[] []  G[] []
 []


Overfull \hbox (10.65541pt too wide) detected at line 2626
\OMS/cmsy/m/n/10 T[] \OT1/cmr/m/n/10 = 128\OML/cmm/m/it/10 ig[] N[] G[] []  G[]
 []  G[] []  G[] []  G[] []  G[] []  G[] []  G[] []
 []


Overfull \hbox (10.53966pt too wide) detected at line 2629
\OMS/cmsy/m/n/10 T[] \OT1/cmr/m/n/10 = 128\OML/cmm/m/it/10 ig[] N[] G[] []  G[]
 []  G[] []  G[] []  G[] []  G[] []  G[] []  G[] []
 []

[23]
Overfull \hbox (1.82994pt too wide) detected at line 2632
\OMS/cmsy/m/n/10 T[] \OT1/cmr/m/n/10 = 4\OML/cmm/m/it/10 ig[] N[] G[] []  G[] [
]  G[] []  G[] []  G[] []  G[] []  G[] []  G[] []
 []


Overfull \hbox (6.12692pt too wide) detected at line 2635
\OMS/cmsy/m/n/10 T[] \OT1/cmr/m/n/10 = 16\OML/cmm/m/it/10 ig[] N[] G[] []  G[] 
[]  G[] []  G[] []  G[] []  G[] []  G[] []  G[] []
 []


Overfull \hbox (1.82994pt too wide) detected at line 2638
\OMS/cmsy/m/n/10 T[] \OT1/cmr/m/n/10 = 8\OML/cmm/m/it/10 ig[] N[] G[] []  G[] [
]  G[] []  G[] []  G[] []  G[] []  G[] []  G[] []
 []


Overfull \hbox (6.12692pt too wide) detected at line 2641
\OMS/cmsy/m/n/10 T[] \OT1/cmr/m/n/10 = 32\OML/cmm/m/it/10 ig[] N[] G[] []  G[] 
[]  G[] []  G[] []  G[] []  G[] []  G[] []  G[] []
 []


Overfull \hbox (1.82994pt too wide) detected at line 2644
\OMS/cmsy/m/n/10 T[] \OT1/cmr/m/n/10 = 4\OML/cmm/m/it/10 ig[] N[] G[] []  G[] [
]  G[] []  G[] []  G[] []  G[] []  G[] []  G[] []
 []


Overfull \hbox (6.12692pt too wide) detected at line 2647
\OMS/cmsy/m/n/10 T[] \OT1/cmr/m/n/10 = 16\OML/cmm/m/it/10 ig[] N[] G[] []  G[] 
[]  G[] []  G[] []  G[] []  G[] []  G[] []  G[] []
 []


Overfull \hbox (6.24268pt too wide) detected at line 2650
\OMS/cmsy/m/n/10 T[] \OT1/cmr/m/n/10 = 16\OML/cmm/m/it/10 ig[] N[] G[] []  G[] 
[]  G[] []  G[] []  G[] []  G[] []  G[] []  G[] []
 []


Overfull \hbox (5.53964pt too wide) detected at line 2653
\OMS/cmsy/m/n/10 T[] \OT1/cmr/m/n/10 = 64\OML/cmm/m/it/10 ig[] N[] G[] []  G[] 
[]  G[] []  G[] []  G[] []  G[] []  G[] []  G[] []
 []


Overfull \hbox (1.82994pt too wide) detected at line 2656
\OMS/cmsy/m/n/10 T[] \OT1/cmr/m/n/10 = 4\OML/cmm/m/it/10 ig[] N[] G[] []  G[] [
]  G[] []  G[] []  G[] []  G[] []  G[] []  G[] []
 []


Overfull \hbox (1.71419pt too wide) detected at line 2659
\OMS/cmsy/m/n/10 T[] \OT1/cmr/m/n/10 = 4\OML/cmm/m/it/10 ig[] N[] G[] []  G[] [
]  G[] []  G[] []  G[] []  G[] []  G[] []  G[] []
 []


Overfull \hbox (1.82994pt too wide) detected at line 2662
\OMS/cmsy/m/n/10 T[] \OT1/cmr/m/n/10 = 4\OML/cmm/m/it/10 ig[] N[] G[] []  G[] [
]  G[] []  G[] []  G[] []  G[] []  G[] []  G[] []
 []


Overfull \hbox (6.12692pt too wide) detected at line 2665
\OMS/cmsy/m/n/10 T[] \OT1/cmr/m/n/10 = 16\OML/cmm/m/it/10 ig[] N[] G[] []  G[] 
[]  G[] []  G[] []  G[] []  G[] []  G[] []  G[] []
 []


Overfull \hbox (1.82994pt too wide) detected at line 2668
\OMS/cmsy/m/n/10 T[] \OT1/cmr/m/n/10 = 4\OML/cmm/m/it/10 ig[] N[] G[] []  G[] [
]  G[] []  G[] []  G[] []  G[] []  G[] []  G[] []
 []


Overfull \hbox (1.71419pt too wide) detected at line 2671
\OMS/cmsy/m/n/10 T[] \OT1/cmr/m/n/10 = 4\OML/cmm/m/it/10 ig[] N[] G[] []  G[] [
]  G[] []  G[] []  G[] []  G[] []  G[] []  G[] []
 []


Overfull \hbox (6.24268pt too wide) detected at line 2674
\OMS/cmsy/m/n/10 T[] \OT1/cmr/m/n/10 = 16\OML/cmm/m/it/10 ig[] N[] G[] []  G[] 
[]  G[] []  G[] []  G[] []  G[] []  G[] []  G[] []
 []


Overfull \hbox (6.12692pt too wide) detected at line 2677
\OMS/cmsy/m/n/10 T[] \OT1/cmr/m/n/10 = 16\OML/cmm/m/it/10 ig[] N[] G[] []  G[] 
[]  G[] []  G[] []  G[] []  G[] []  G[] []  G[] []
 []


Overfull \hbox (1.82994pt too wide) detected at line 2680
\OMS/cmsy/m/n/10 T[] \OT1/cmr/m/n/10 = 4\OML/cmm/m/it/10 ig[] N[] G[] []  G[] [
]  G[] []  G[] []  G[] []  G[] []  G[] []  G[] []
 []


Overfull \hbox (6.12692pt too wide) detected at line 2683
\OMS/cmsy/m/n/10 T[] \OT1/cmr/m/n/10 = 16\OML/cmm/m/it/10 ig[] N[] G[] []  G[] 
[]  G[] []  G[] []  G[] []  G[] []  G[] []  G[] []
 []


Overfull \hbox (6.24268pt too wide) detected at line 2686
\OMS/cmsy/m/n/10 T[] \OT1/cmr/m/n/10 = 16\OML/cmm/m/it/10 ig[] N[] G[] []  G[] 
[]  G[] []  G[] []  G[] []  G[] []  G[] []  G[] []
 []


Overfull \hbox (5.53964pt too wide) detected at line 2689
\OMS/cmsy/m/n/10 T[] \OT1/cmr/m/n/10 = 64\OML/cmm/m/it/10 ig[] N[] G[] []  G[] 
[]  G[] []  G[] []  G[] []  G[] []  G[] []  G[] []
 []


Overfull \hbox (6.24268pt too wide) detected at line 2692
\OMS/cmsy/m/n/10 T[] \OT1/cmr/m/n/10 = 32\OML/cmm/m/it/10 ig[] N[] G[] []  G[] 
[]  G[] []  G[] []  G[] []  G[] []  G[] []  G[] []
 []


Overfull \hbox (6.12692pt too wide) detected at line 2695
\OMS/cmsy/m/n/10 T[] \OT1/cmr/m/n/10 = 32\OML/cmm/m/it/10 ig[] N[] G[] []  G[] 
[]  G[] []  G[] []  G[] []  G[] []  G[] []  G[] []
 []


Overfull \hbox (6.24268pt too wide) detected at line 2698
\OMS/cmsy/m/n/10 T[] \OT1/cmr/m/n/10 = 32\OML/cmm/m/it/10 ig[] N[] G[] []  G[] 
[]  G[] []  G[] []  G[] []  G[] []  G[] []  G[] []
 []


Overfull \hbox (10.53966pt too wide) detected at line 2701
\OMS/cmsy/m/n/10 T[] \OT1/cmr/m/n/10 = 128\OML/cmm/m/it/10 ig[] N[] G[] []  G[]
 []  G[] []  G[] []  G[] []  G[] []  G[] []  G[] []
 []


Overfull \hbox (1.9457pt too wide) detected at line 2713
\OMS/cmsy/m/n/10 T[] \OT1/cmr/m/n/10 = 4\OML/cmm/m/it/10 ig[] N[] G[] []  G[] [
]  G[] []  G[] []  G[] []  G[] []  G[] []  G[] []
 []


Overfull \hbox (1.9457pt too wide) detected at line 2725
\OMS/cmsy/m/n/10 T[] \OT1/cmr/m/n/10 = 4\OML/cmm/m/it/10 ig[] N[] G[] []  G[] [
]  G[] []  G[] []  G[] []  G[] []  G[] []  G[] []
 []


Overfull \hbox (2.64873pt too wide) detected at line 2728
\OMS/cmsy/m/n/10 T[] \OT1/cmr/m/n/10 = 2\OML/cmm/m/it/10 ig[] N[] G[] []  G[] [
]  G[] []  G[] []  G[] []  G[] []  G[] []  G[] []
 []


Overfull \hbox (2.53297pt too wide) detected at line 2731
\OMS/cmsy/m/n/10 T[] \OT1/cmr/m/n/10 = 2\OML/cmm/m/it/10 ig[] N[] G[] []  G[] [
]  G[] []  G[] []  G[] []  G[] []  G[] []  G[] []
 []


Overfull \hbox (2.53297pt too wide) detected at line 2734
\OMS/cmsy/m/n/10 T[] \OT1/cmr/m/n/10 = 2\OML/cmm/m/it/10 ig[] N[] G[] []  G[] [
]  G[] []  G[] []  G[] []  G[] []  G[] []  G[] []
 []


Overfull \hbox (1.82994pt too wide) detected at line 2737
\OMS/cmsy/m/n/10 T[] \OT1/cmr/m/n/10 = 8\OML/cmm/m/it/10 ig[] N[] G[] []  G[] [
]  G[] []  G[] []  G[] []  G[] []  G[] []  G[] []
 []


Overfull \hbox (1.9457pt too wide) detected at line 2740
\OMS/cmsy/m/n/10 T[] \OT1/cmr/m/n/10 = 8\OML/cmm/m/it/10 ig[] N[] G[] []  G[] [
]  G[] []  G[] []  G[] []  G[] []  G[] []  G[] []
 []


Overfull \hbox (1.9457pt too wide) detected at line 2743
\OMS/cmsy/m/n/10 T[] \OT1/cmr/m/n/10 = 8\OML/cmm/m/it/10 ig[] N[] G[] []  G[] [
]  G[] []  G[] []  G[] []  G[] []  G[] []  G[] []
 []

[24]
Overfull \hbox (1.82994pt too wide) detected at line 2746
\OMS/cmsy/m/n/10 T[] \OT1/cmr/m/n/10 = 8\OML/cmm/m/it/10 ig[] N[] G[] []  G[] [
]  G[] []  G[] []  G[] []  G[] []  G[] []  G[] []
 []


Overfull \hbox (6.24268pt too wide) detected at line 2749
\OMS/cmsy/m/n/10 T[] \OT1/cmr/m/n/10 = 32\OML/cmm/m/it/10 ig[] N[] G[] []  G[] 
[]  G[] []  G[] []  G[] []  G[] []  G[] []  G[] []
 []


Overfull \hbox (1.82994pt too wide) detected at line 2752
\OMS/cmsy/m/n/10 T[] \OT1/cmr/m/n/10 = 4\OML/cmm/m/it/10 ig[] N[] G[] []  G[] [
]  G[] []  G[] []  G[] []  G[] []  G[] []  G[] []
 []


Overfull \hbox (1.82994pt too wide) detected at line 2755
\OMS/cmsy/m/n/10 T[] \OT1/cmr/m/n/10 = 4\OML/cmm/m/it/10 ig[] N[] G[] []  G[] [
]  G[] []  G[] []  G[] []  G[] []  G[] []  G[] []
 []


Overfull \hbox (1.71419pt too wide) detected at line 2758
\OMS/cmsy/m/n/10 T[] \OT1/cmr/m/n/10 = 4\OML/cmm/m/it/10 ig[] N[] G[] []  G[] [
]  G[] []  G[] []  G[] []  G[] []  G[] []  G[] []
 []


Overfull \hbox (6.12692pt too wide) detected at line 2761
\OMS/cmsy/m/n/10 T[] \OT1/cmr/m/n/10 = 16\OML/cmm/m/it/10 ig[] N[] G[] []  G[] 
[]  G[] []  G[] []  G[] []  G[] []  G[] []  G[] []
 []


Overfull \hbox (1.9457pt too wide) detected at line 2764
\OMS/cmsy/m/n/10 T[] \OT1/cmr/m/n/10 = 4\OML/cmm/m/it/10 ig[] N[] G[] []  G[] [
]  G[] []  G[] []  G[] []  G[] []  G[] []  G[] []
 []


Overfull \hbox (1.82994pt too wide) detected at line 2767
\OMS/cmsy/m/n/10 T[] \OT1/cmr/m/n/10 = 4\OML/cmm/m/it/10 ig[] N[] G[] []  G[] [
]  G[] []  G[] []  G[] []  G[] []  G[] []  G[] []
 []


Overfull \hbox (1.82994pt too wide) detected at line 2770
\OMS/cmsy/m/n/10 T[] \OT1/cmr/m/n/10 = 4\OML/cmm/m/it/10 ig[] N[] G[] []  G[] [
]  G[] []  G[] []  G[] []  G[] []  G[] []  G[] []
 []


Overfull \hbox (6.12692pt too wide) detected at line 2773
\OMS/cmsy/m/n/10 T[] \OT1/cmr/m/n/10 = 16\OML/cmm/m/it/10 ig[] N[] G[] []  G[] 
[]  G[] []  G[] []  G[] []  G[] []  G[] []  G[] []
 []


Overfull \hbox (1.82994pt too wide) detected at line 2776
\OMS/cmsy/m/n/10 T[] \OT1/cmr/m/n/10 = 4\OML/cmm/m/it/10 ig[] N[] G[] []  G[] [
]  G[] []  G[] []  G[] []  G[] []  G[] []  G[] []
 []


Overfull \hbox (1.82994pt too wide) detected at line 2779
\OMS/cmsy/m/n/10 T[] \OT1/cmr/m/n/10 = 4\OML/cmm/m/it/10 ig[] N[] G[] []  G[] [
]  G[] []  G[] []  G[] []  G[] []  G[] []  G[] []
 []


Overfull \hbox (1.71419pt too wide) detected at line 2782
\OMS/cmsy/m/n/10 T[] \OT1/cmr/m/n/10 = 4\OML/cmm/m/it/10 ig[] N[] G[] []  G[] [
]  G[] []  G[] []  G[] []  G[] []  G[] []  G[] []
 []


Overfull \hbox (6.12692pt too wide) detected at line 2785
\OMS/cmsy/m/n/10 T[] \OT1/cmr/m/n/10 = 16\OML/cmm/m/it/10 ig[] N[] G[] []  G[] 
[]  G[] []  G[] []  G[] []  G[] []  G[] []  G[] []
 []


Overfull \hbox (1.9457pt too wide) detected at line 2788
\OMS/cmsy/m/n/10 T[] \OT1/cmr/m/n/10 = 8\OML/cmm/m/it/10 ig[] N[] G[] []  G[] [
]  G[] []  G[] []  G[] []  G[] []  G[] []  G[] []
 []


Overfull \hbox (1.82994pt too wide) detected at line 2791
\OMS/cmsy/m/n/10 T[] \OT1/cmr/m/n/10 = 8\OML/cmm/m/it/10 ig[] N[] G[] []  G[] [
]  G[] []  G[] []  G[] []  G[] []  G[] []  G[] []
 []


Overfull \hbox (1.82994pt too wide) detected at line 2794
\OMS/cmsy/m/n/10 T[] \OT1/cmr/m/n/10 = 8\OML/cmm/m/it/10 ig[] N[] G[] []  G[] [
]  G[] []  G[] []  G[] []  G[] []  G[] []  G[] []
 []


Overfull \hbox (6.12692pt too wide) detected at line 2797
\OMS/cmsy/m/n/10 T[] \OT1/cmr/m/n/10 = 32\OML/cmm/m/it/10 ig[] N[] G[] []  G[] 
[]  G[] []  G[] []  G[] []  G[] []  G[] []  G[] []
 []


Overfull \hbox (6.24268pt too wide) detected at line 2800
\OMS/cmsy/m/n/10 T[] \OT1/cmr/m/n/10 = 16\OML/cmm/m/it/10 ig[] N[] G[] []  G[] 
[]  G[] []  G[] []  G[] []  G[] []  G[] []  G[] []
 []


Overfull \hbox (6.24268pt too wide) detected at line 2803
\OMS/cmsy/m/n/10 T[] \OT1/cmr/m/n/10 = 16\OML/cmm/m/it/10 ig[] N[] G[] []  G[] 
[]  G[] []  G[] []  G[] []  G[] []  G[] []  G[] []
 []


Overfull \hbox (6.12692pt too wide) detected at line 2806
\OMS/cmsy/m/n/10 T[] \OT1/cmr/m/n/10 = 16\OML/cmm/m/it/10 ig[] N[] G[] []  G[] 
[]  G[] []  G[] []  G[] []  G[] []  G[] []  G[] []
 []


Overfull \hbox (5.53964pt too wide) detected at line 2809
\OMS/cmsy/m/n/10 T[] \OT1/cmr/m/n/10 = 64\OML/cmm/m/it/10 ig[] N[] G[] []  G[] 
[]  G[] []  G[] []  G[] []  G[] []  G[] []  G[] []
 []


Overfull \hbox (1.9457pt too wide) detected at line 2812
\OMS/cmsy/m/n/10 T[] \OT1/cmr/m/n/10 = 4\OML/cmm/m/it/10 ig[] N[] G[] []  G[] [
]  G[] []  G[] []  G[] []  G[] []  G[] []  G[] []
 []


Overfull \hbox (1.82994pt too wide) detected at line 2815
\OMS/cmsy/m/n/10 T[] \OT1/cmr/m/n/10 = 4\OML/cmm/m/it/10 ig[] N[] G[] []  G[] [
]  G[] []  G[] []  G[] []  G[] []  G[] []  G[] []
 []


Overfull \hbox (1.82994pt too wide) detected at line 2818
\OMS/cmsy/m/n/10 T[] \OT1/cmr/m/n/10 = 4\OML/cmm/m/it/10 ig[] N[] G[] []  G[] [
]  G[] []  G[] []  G[] []  G[] []  G[] []  G[] []
 []


Overfull \hbox (6.12692pt too wide) detected at line 2821
\OMS/cmsy/m/n/10 T[] \OT1/cmr/m/n/10 = 16\OML/cmm/m/it/10 ig[] N[] G[] []  G[] 
[]  G[] []  G[] []  G[] []  G[] []  G[] []  G[] []
 []


Overfull \hbox (6.24268pt too wide) detected at line 2824
\OMS/cmsy/m/n/10 T[] \OT1/cmr/m/n/10 = 32\OML/cmm/m/it/10 ig[] N[] G[] []  G[] 
[]  G[] []  G[] []  G[] []  G[] []  G[] []  G[] []
 []


Overfull \hbox (6.24268pt too wide) detected at line 2827
\OMS/cmsy/m/n/10 T[] \OT1/cmr/m/n/10 = 32\OML/cmm/m/it/10 ig[] N[] G[] []  G[] 
[]  G[] []  G[] []  G[] []  G[] []  G[] []  G[] []
 []


Overfull \hbox (6.12692pt too wide) detected at line 2830
\OMS/cmsy/m/n/10 T[] \OT1/cmr/m/n/10 = 32\OML/cmm/m/it/10 ig[] N[] G[] []  G[] 
[]  G[] []  G[] []  G[] []  G[] []  G[] []  G[] []
 []


Overfull \hbox (10.53966pt too wide) detected at line 2833
\OMS/cmsy/m/n/10 T[] \OT1/cmr/m/n/10 = 128\OML/cmm/m/it/10 ig[] N[] G[] []  G[]
 []  G[] []  G[] []  G[] []  G[] []  G[] []  G[] []
 []


Overfull \hbox (6.35843pt too wide) detected at line 2836
\OMS/cmsy/m/n/10 T[] \OT1/cmr/m/n/10 = 16\OML/cmm/m/it/10 ig[] N[] G[] []  G[] 
[]  G[] []  G[] []  G[] []  G[] []  G[] []  G[] []
 []


Overfull \hbox (6.24268pt too wide) detected at line 2839
\OMS/cmsy/m/n/10 T[] \OT1/cmr/m/n/10 = 16\OML/cmm/m/it/10 ig[] N[] G[] []  G[] 
[]  G[] []  G[] []  G[] []  G[] []  G[] []  G[] []
 []


Overfull \hbox (6.24268pt too wide) detected at line 2842
\OMS/cmsy/m/n/10 T[] \OT1/cmr/m/n/10 = 16\OML/cmm/m/it/10 ig[] N[] G[] []  G[] 
[]  G[] []  G[] []  G[] []  G[] []  G[] []  G[] []
 []


Overfull \hbox (5.53964pt too wide) detected at line 2845
\OMS/cmsy/m/n/10 T[] \OT1/cmr/m/n/10 = 64\OML/cmm/m/it/10 ig[] N[] G[] []  G[] 
[]  G[] []  G[] []  G[] []  G[] []  G[] []  G[] []
 []


Overfull \hbox (6.12692pt too wide) detected at line 2848
\OMS/cmsy/m/n/10 T[] \OT1/cmr/m/n/10 = 16\OML/cmm/m/it/10 ig[] N[] G[] []  G[] 
[]  G[] []  G[] []  G[] []  G[] []  G[] []  G[] []
 []


Overfull \hbox (6.01117pt too wide) detected at line 2851
\OMS/cmsy/m/n/10 T[] \OT1/cmr/m/n/10 = 16\OML/cmm/m/it/10 ig[] N[] G[] []  G[] 
[]  G[] []  G[] []  G[] []  G[] []  G[] []  G[] []
 []


Overfull \hbox (1.71419pt too wide) detected at line 2854
\OMS/cmsy/m/n/10 T[] \OT1/cmr/m/n/10 = 8\OML/cmm/m/it/10 ig[] N[] G[] []  G[] [
]  G[] []  G[] []  G[] []  G[] []  G[] []  G[] []
 []


Overfull \hbox (6.01117pt too wide) detected at line 2857
\OMS/cmsy/m/n/10 T[] \OT1/cmr/m/n/10 = 32\OML/cmm/m/it/10 ig[] N[] G[] []  G[] 
[]  G[] []  G[] []  G[] []  G[] []  G[] []  G[] []
 []

[25]
Overfull \hbox (6.12692pt too wide) detected at line 2860
\OMS/cmsy/m/n/10 T[] \OT1/cmr/m/n/10 = 32\OML/cmm/m/it/10 ig[] N[] G[] []  G[] 
[]  G[] []  G[] []  G[] []  G[] []  G[] []  G[] []
 []


Overfull \hbox (6.01117pt too wide) detected at line 2863
\OMS/cmsy/m/n/10 T[] \OT1/cmr/m/n/10 = 32\OML/cmm/m/it/10 ig[] N[] G[] []  G[] 
[]  G[] []  G[] []  G[] []  G[] []  G[] []  G[] []
 []


Overfull \hbox (6.12692pt too wide) detected at line 2866
\OMS/cmsy/m/n/10 T[] \OT1/cmr/m/n/10 = 32\OML/cmm/m/it/10 ig[] N[] G[] []  G[] 
[]  G[] []  G[] []  G[] []  G[] []  G[] []  G[] []
 []


Overfull \hbox (10.4239pt too wide) detected at line 2869
\OMS/cmsy/m/n/10 T[] \OT1/cmr/m/n/10 = 128\OML/cmm/m/it/10 ig[] N[] G[] []  G[]
 []  G[] []  G[] []  G[] []  G[] []  G[] []  G[] []
 []


Overfull \hbox (10.53966pt too wide) detected at line 2872
\OMS/cmsy/m/n/10 T[] \OT1/cmr/m/n/10 = 128\OML/cmm/m/it/10 ig[] N[] G[] []  G[]
 []  G[] []  G[] []  G[] []  G[] []  G[] []  G[] []
 []


Overfull \hbox (10.4239pt too wide) detected at line 2875
\OMS/cmsy/m/n/10 T[] \OT1/cmr/m/n/10 = 128\OML/cmm/m/it/10 ig[] N[] G[] []  G[]
 []  G[] []  G[] []  G[] []  G[] []  G[] []  G[] []
 []


Overfull \hbox (6.12692pt too wide) detected at line 2878
\OMS/cmsy/m/n/10 T[] \OT1/cmr/m/n/10 = 32\OML/cmm/m/it/10 ig[] N[] G[] []  G[] 
[]  G[] []  G[] []  G[] []  G[] []  G[] []  G[] []
 []


Overfull \hbox (6.01117pt too wide) detected at line 2881
\OMS/cmsy/m/n/10 T[] \OT1/cmr/m/n/10 = 32\OML/cmm/m/it/10 ig[] N[] G[] []  G[] 
[]  G[] []  G[] []  G[] []  G[] []  G[] []  G[] []
 []


Overfull \hbox (6.12692pt too wide) detected at line 2884
\OMS/cmsy/m/n/10 T[] \OT1/cmr/m/n/10 = 16\OML/cmm/m/it/10 ig[] N[] G[] []  G[] 
[]  G[] []  G[] []  G[] []  G[] []  G[] []  G[] []
 []


Overfull \hbox (6.01117pt too wide) detected at line 2887
\OMS/cmsy/m/n/10 T[] \OT1/cmr/m/n/10 = 16\OML/cmm/m/it/10 ig[] N[] G[] []  G[] 
[]  G[] []  G[] []  G[] []  G[] []  G[] []  G[] []
 []


Overfull \hbox (5.53964pt too wide) detected at line 2890
\OMS/cmsy/m/n/10 T[] \OT1/cmr/m/n/10 = 64\OML/cmm/m/it/10 ig[] N[] G[] []  G[] 
[]  G[] []  G[] []  G[] []  G[] []  G[] []  G[] []
 []


Overfull \hbox (5.42389pt too wide) detected at line 2893
\OMS/cmsy/m/n/10 T[] \OT1/cmr/m/n/10 = 64\OML/cmm/m/it/10 ig[] N[] G[] []  G[] 
[]  G[] []  G[] []  G[] []  G[] []  G[] []  G[] []
 []


Overfull \hbox (1.71419pt too wide) detected at line 2896
\OMS/cmsy/m/n/10 T[] \OT1/cmr/m/n/10 = 4\OML/cmm/m/it/10 ig[] N[] G[] []  G[] [
]  G[] []  G[] []  G[] []  G[] []  G[] []  G[] []
 []


Overfull \hbox (6.01117pt too wide) detected at line 2899
\OMS/cmsy/m/n/10 T[] \OT1/cmr/m/n/10 = 16\OML/cmm/m/it/10 ig[] N[] G[] []  G[] 
[]  G[] []  G[] []  G[] []  G[] []  G[] []  G[] []
 []


Overfull \hbox (6.12692pt too wide) detected at line 2902
\OMS/cmsy/m/n/10 T[] \OT1/cmr/m/n/10 = 16\OML/cmm/m/it/10 ig[] N[] G[] []  G[] 
[]  G[] []  G[] []  G[] []  G[] []  G[] []  G[] []
 []


Overfull \hbox (6.01117pt too wide) detected at line 2905
\OMS/cmsy/m/n/10 T[] \OT1/cmr/m/n/10 = 16\OML/cmm/m/it/10 ig[] N[] G[] []  G[] 
[]  G[] []  G[] []  G[] []  G[] []  G[] []  G[] []
 []


Overfull \hbox (1.82994pt too wide) detected at line 2908
\OMS/cmsy/m/n/10 T[] \OT1/cmr/m/n/10 = 4\OML/cmm/m/it/10 ig[] N[] G[] []  G[] [
]  G[] []  G[] []  G[] []  G[] []  G[] []  G[] []
 []


Overfull \hbox (1.71419pt too wide) detected at line 2911
\OMS/cmsy/m/n/10 T[] \OT1/cmr/m/n/10 = 4\OML/cmm/m/it/10 ig[] N[] G[] []  G[] [
]  G[] []  G[] []  G[] []  G[] []  G[] []  G[] []
 []


Overfull \hbox (1.82994pt too wide) detected at line 2914
\OMS/cmsy/m/n/10 T[] \OT1/cmr/m/n/10 = 4\OML/cmm/m/it/10 ig[] N[] G[] []  G[] [
]  G[] []  G[] []  G[] []  G[] []  G[] []  G[] []
 []


Overfull \hbox (6.12692pt too wide) detected at line 2917
\OMS/cmsy/m/n/10 T[] \OT1/cmr/m/n/10 = 16\OML/cmm/m/it/10 ig[] N[] G[] []  G[] 
[]  G[] []  G[] []  G[] []  G[] []  G[] []  G[] []
 []


Overfull \hbox (1.71419pt too wide) detected at line 2920
\OMS/cmsy/m/n/10 T[] \OT1/cmr/m/n/10 = 4\OML/cmm/m/it/10 ig[] N[] G[] []  G[] [
]  G[] []  G[] []  G[] []  G[] []  G[] []  G[] []
 []


Overfull \hbox (6.01117pt too wide) detected at line 2923
\OMS/cmsy/m/n/10 T[] \OT1/cmr/m/n/10 = 16\OML/cmm/m/it/10 ig[] N[] G[] []  G[] 
[]  G[] []  G[] []  G[] []  G[] []  G[] []  G[] []
 []


Overfull \hbox (6.12692pt too wide) detected at line 2926
\OMS/cmsy/m/n/10 T[] \OT1/cmr/m/n/10 = 16\OML/cmm/m/it/10 ig[] N[] G[] []  G[] 
[]  G[] []  G[] []  G[] []  G[] []  G[] []  G[] []
 []


Overfull \hbox (6.01117pt too wide) detected at line 2929
\OMS/cmsy/m/n/10 T[] \OT1/cmr/m/n/10 = 16\OML/cmm/m/it/10 ig[] N[] G[] []  G[] 
[]  G[] []  G[] []  G[] []  G[] []  G[] []  G[] []
 []


Overfull \hbox (1.9457pt too wide) detected at line 2932
\OMS/cmsy/m/n/10 T[] \OT1/cmr/m/n/10 = 4\OML/cmm/m/it/10 ig[] N[] G[] []  G[] [
]  G[] []  G[] []  G[] []  G[] []  G[] []  G[] []
 []


Overfull \hbox (1.82994pt too wide) detected at line 2935
\OMS/cmsy/m/n/10 T[] \OT1/cmr/m/n/10 = 4\OML/cmm/m/it/10 ig[] N[] G[] []  G[] [
]  G[] []  G[] []  G[] []  G[] []  G[] []  G[] []
 []


Overfull \hbox (1.82994pt too wide) detected at line 2938
\OMS/cmsy/m/n/10 T[] \OT1/cmr/m/n/10 = 4\OML/cmm/m/it/10 ig[] N[] G[] []  G[] [
]  G[] []  G[] []  G[] []  G[] []  G[] []  G[] []
 []


Overfull \hbox (6.12692pt too wide) detected at line 2941
\OMS/cmsy/m/n/10 T[] \OT1/cmr/m/n/10 = 16\OML/cmm/m/it/10 ig[] N[] G[] []  G[] 
[]  G[] []  G[] []  G[] []  G[] []  G[] []  G[] []
 []


Overfull \hbox (1.82994pt too wide) detected at line 2944
\OMS/cmsy/m/n/10 T[] \OT1/cmr/m/n/10 = 4\OML/cmm/m/it/10 ig[] N[] G[] []  G[] [
]  G[] []  G[] []  G[] []  G[] []  G[] []  G[] []
 []


Overfull \hbox (6.12692pt too wide) detected at line 2947
\OMS/cmsy/m/n/10 T[] \OT1/cmr/m/n/10 = 16\OML/cmm/m/it/10 ig[] N[] G[] []  G[] 
[]  G[] []  G[] []  G[] []  G[] []  G[] []  G[] []
 []


Overfull \hbox (6.12692pt too wide) detected at line 2950
\OMS/cmsy/m/n/10 T[] \OT1/cmr/m/n/10 = 16\OML/cmm/m/it/10 ig[] N[] G[] []  G[] 
[]  G[] []  G[] []  G[] []  G[] []  G[] []  G[] []
 []


Overfull \hbox (6.01117pt too wide) detected at line 2953
\OMS/cmsy/m/n/10 T[] \OT1/cmr/m/n/10 = 16\OML/cmm/m/it/10 ig[] N[] G[] []  G[] 
[]  G[] []  G[] []  G[] []  G[] []  G[] []  G[] []
 []


Overfull \hbox (6.12692pt too wide) detected at line 2956
\OMS/cmsy/m/n/10 T[] \OT1/cmr/m/n/10 = 32\OML/cmm/m/it/10 ig[] N[] G[] []  G[] 
[]  G[] []  G[] []  G[] []  G[] []  G[] []  G[] []
 []


Overfull \hbox (6.01117pt too wide) detected at line 2959
\OMS/cmsy/m/n/10 T[] \OT1/cmr/m/n/10 = 32\OML/cmm/m/it/10 ig[] N[] G[] []  G[] 
[]  G[] []  G[] []  G[] []  G[] []  G[] []  G[] []
 []


Overfull \hbox (6.12692pt too wide) detected at line 2962
\OMS/cmsy/m/n/10 T[] \OT1/cmr/m/n/10 = 32\OML/cmm/m/it/10 ig[] N[] G[] []  G[] 
[]  G[] []  G[] []  G[] []  G[] []  G[] []  G[] []
 []


Overfull \hbox (10.4239pt too wide) detected at line 2965
\OMS/cmsy/m/n/10 T[] \OT1/cmr/m/n/10 = 128\OML/cmm/m/it/10 ig[] N[] G[] []  G[]
 []  G[] []  G[] []  G[] []  G[] []  G[] []  G[] []
 []


Overfull \hbox (1.82994pt too wide) detected at line 2968
\OMS/cmsy/m/n/10 T[] \OT1/cmr/m/n/10 = 8\OML/cmm/m/it/10 ig[] N[] G[] []  G[] [
]  G[] []  G[] []  G[] []  G[] []  G[] []  G[] []
 []


Overfull \hbox (1.71419pt too wide) detected at line 2971
\OMS/cmsy/m/n/10 T[] \OT1/cmr/m/n/10 = 8\OML/cmm/m/it/10 ig[] N[] G[] []  G[] [
]  G[] []  G[] []  G[] []  G[] []  G[] []  G[] []
 []

[26]
Overfull \hbox (1.82994pt too wide) detected at line 2974
\OMS/cmsy/m/n/10 T[] \OT1/cmr/m/n/10 = 8\OML/cmm/m/it/10 ig[] N[] G[] []  G[] [
]  G[] []  G[] []  G[] []  G[] []  G[] []  G[] []
 []


Overfull \hbox (6.12692pt too wide) detected at line 2977
\OMS/cmsy/m/n/10 T[] \OT1/cmr/m/n/10 = 32\OML/cmm/m/it/10 ig[] N[] G[] []  G[] 
[]  G[] []  G[] []  G[] []  G[] []  G[] []  G[] []
 []


Overfull \hbox (1.71419pt too wide) detected at line 2980
\OMS/cmsy/m/n/10 T[] \OT1/cmr/m/n/10 = 8\OML/cmm/m/it/10 ig[] N[] G[] []  G[] [
]  G[] []  G[] []  G[] []  G[] []  G[] []  G[] []
 []


Overfull \hbox (6.01117pt too wide) detected at line 2983
\OMS/cmsy/m/n/10 T[] \OT1/cmr/m/n/10 = 32\OML/cmm/m/it/10 ig[] N[] G[] []  G[] 
[]  G[] []  G[] []  G[] []  G[] []  G[] []  G[] []
 []


Overfull \hbox (6.12692pt too wide) detected at line 2986
\OMS/cmsy/m/n/10 T[] \OT1/cmr/m/n/10 = 32\OML/cmm/m/it/10 ig[] N[] G[] []  G[] 
[]  G[] []  G[] []  G[] []  G[] []  G[] []  G[] []
 []


Overfull \hbox (6.01117pt too wide) detected at line 2989
\OMS/cmsy/m/n/10 T[] \OT1/cmr/m/n/10 = 32\OML/cmm/m/it/10 ig[] N[] G[] []  G[] 
[]  G[] []  G[] []  G[] []  G[] []  G[] []  G[] []
 []


Overfull \hbox (6.12692pt too wide) detected at line 2992
\OMS/cmsy/m/n/10 T[] \OT1/cmr/m/n/10 = 32\OML/cmm/m/it/10 ig[] N[] G[] []  G[] 
[]  G[] []  G[] []  G[] []  G[] []  G[] []  G[] []
 []


Overfull \hbox (10.4239pt too wide) detected at line 2995
\OMS/cmsy/m/n/10 T[] \OT1/cmr/m/n/10 = 128\OML/cmm/m/it/10 ig[] N[] G[] []  G[]
 []  G[] []  G[] []  G[] []  G[] []  G[] []  G[] []
 []


Overfull \hbox (10.53966pt too wide) detected at line 2998
\OMS/cmsy/m/n/10 T[] \OT1/cmr/m/n/10 = 128\OML/cmm/m/it/10 ig[] N[] G[] []  G[]
 []  G[] []  G[] []  G[] []  G[] []  G[] []  G[] []
 []


Overfull \hbox (10.4239pt too wide) detected at line 3001
\OMS/cmsy/m/n/10 T[] \OT1/cmr/m/n/10 = 128\OML/cmm/m/it/10 ig[] N[] G[] []  G[]
 []  G[] []  G[] []  G[] []  G[] []  G[] []  G[] []
 []


Overfull \hbox (6.12692pt too wide) detected at line 3004
\OMS/cmsy/m/n/10 T[] \OT1/cmr/m/n/10 = 32\OML/cmm/m/it/10 ig[] N[] G[] []  G[] 
[]  G[] []  G[] []  G[] []  G[] []  G[] []  G[] []
 []


Overfull \hbox (6.01117pt too wide) detected at line 3007
\OMS/cmsy/m/n/10 T[] \OT1/cmr/m/n/10 = 32\OML/cmm/m/it/10 ig[] N[] G[] []  G[] 
[]  G[] []  G[] []  G[] []  G[] []  G[] []  G[] []
 []


Overfull \hbox (6.12692pt too wide) detected at line 3010
\OMS/cmsy/m/n/10 T[] \OT1/cmr/m/n/10 = 32\OML/cmm/m/it/10 ig[] N[] G[] []  G[] 
[]  G[] []  G[] []  G[] []  G[] []  G[] []  G[] []
 []


Overfull \hbox (14.41003pt too wide) detected at line 3013
\OMS/cmsy/m/n/10 T[] \OT1/cmr/m/n/10 = 128\OML/cmm/m/it/10 ig[] N[] G[] []  G[]
 []  G[] []  G[] []  G[] []  G[] []  G[] []  G[] []
 []


Overfull \hbox (10.11305pt too wide) detected at line 3016
\OMS/cmsy/m/n/10 T[] \OT1/cmr/m/n/10 = 32\OML/cmm/m/it/10 ig[] N[] G[] []  G[] 
[]  G[] []  G[] []  G[] []  G[] []  G[] []  G[] []
 []


Overfull \hbox (14.41003pt too wide) detected at line 3019
\OMS/cmsy/m/n/10 T[] \OT1/cmr/m/n/10 = 128\OML/cmm/m/it/10 ig[] N[] G[] []  G[]
 []  G[] []  G[] []  G[] []  G[] []  G[] []  G[] []
 []


Overfull \hbox (14.52579pt too wide) detected at line 3022
\OMS/cmsy/m/n/10 T[] \OT1/cmr/m/n/10 = 128\OML/cmm/m/it/10 ig[] N[] G[] []  G[]
 []  G[] []  G[] []  G[] []  G[] []  G[] []  G[] []
 []


Overfull \hbox (14.41003pt too wide) detected at line 3025
\OMS/cmsy/m/n/10 T[] \OT1/cmr/m/n/10 = 128\OML/cmm/m/it/10 ig[] N[] G[] []  G[]
 []  G[] []  G[] []  G[] []  G[] []  G[] []  G[] []
 []


Overfull \hbox (10.11305pt too wide) detected at line 3028
\OMS/cmsy/m/n/10 T[] \OT1/cmr/m/n/10 = 32\OML/cmm/m/it/10 ig[] N[] G[] []  G[] 
[]  G[] []  G[] []  G[] []  G[] []  G[] []  G[] []
 []


Overfull \hbox (9.9973pt too wide) detected at line 3031
\OMS/cmsy/m/n/10 T[] \OT1/cmr/m/n/10 = 32\OML/cmm/m/it/10 ig[] N[] G[] []  G[] 
[]  G[] []  G[] []  G[] []  G[] []  G[] []  G[] []
 []


Overfull \hbox (10.11305pt too wide) detected at line 3034
\OMS/cmsy/m/n/10 T[] \OT1/cmr/m/n/10 = 32\OML/cmm/m/it/10 ig[] N[] G[] []  G[] 
[]  G[] []  G[] []  G[] []  G[] []  G[] []  G[] []
 []


Overfull \hbox (14.41003pt too wide) detected at line 3037
\OMS/cmsy/m/n/10 T[] \OT1/cmr/m/n/10 = 128\OML/cmm/m/it/10 ig[] N[] G[] []  G[]
 []  G[] []  G[] []  G[] []  G[] []  G[] []  G[] []
 []


Overfull \hbox (10.11305pt too wide) detected at line 3040
\OMS/cmsy/m/n/10 T[] \OT1/cmr/m/n/10 = 32\OML/cmm/m/it/10 ig[] N[] G[] []  G[] 
[]  G[] []  G[] []  G[] []  G[] []  G[] []  G[] []
 []


Overfull \hbox (14.41003pt too wide) detected at line 3043
\OMS/cmsy/m/n/10 T[] \OT1/cmr/m/n/10 = 128\OML/cmm/m/it/10 ig[] N[] G[] []  G[]
 []  G[] []  G[] []  G[] []  G[] []  G[] []  G[] []
 []


Overfull \hbox (14.52579pt too wide) detected at line 3046
\OMS/cmsy/m/n/10 T[] \OT1/cmr/m/n/10 = 128\OML/cmm/m/it/10 ig[] N[] G[] []  G[]
 []  G[] []  G[] []  G[] []  G[] []  G[] []  G[] []
 []


Overfull \hbox (14.41003pt too wide) detected at line 3049
\OMS/cmsy/m/n/10 T[] \OT1/cmr/m/n/10 = 128\OML/cmm/m/it/10 ig[] N[] G[] []  G[]
 []  G[] []  G[] []  G[] []  G[] []  G[] []  G[] []
 []


Overfull \hbox (10.11305pt too wide) detected at line 3052
\OMS/cmsy/m/n/10 T[] \OT1/cmr/m/n/10 = 32\OML/cmm/m/it/10 ig[] N[] G[] []  G[] 
[]  G[] []  G[] []  G[] []  G[] []  G[] []  G[] []
 []


Overfull \hbox (9.9973pt too wide) detected at line 3055
\OMS/cmsy/m/n/10 T[] \OT1/cmr/m/n/10 = 32\OML/cmm/m/it/10 ig[] N[] G[] []  G[] 
[]  G[] []  G[] []  G[] []  G[] []  G[] []  G[] []
 []


Overfull \hbox (10.11305pt too wide) detected at line 3058
\OMS/cmsy/m/n/10 T[] \OT1/cmr/m/n/10 = 32\OML/cmm/m/it/10 ig[] N[] G[] []  G[] 
[]  G[] []  G[] []  G[] []  G[] []  G[] []  G[] []
 []


Overfull \hbox (14.41003pt too wide) detected at line 3061
\OMS/cmsy/m/n/10 T[] \OT1/cmr/m/n/10 = 128\OML/cmm/m/it/10 ig[] N[] G[] []  G[]
 []  G[] []  G[] []  G[] []  G[] []  G[] []  G[] []
 []


Overfull \hbox (10.11305pt too wide) detected at line 3064
\OMS/cmsy/m/n/10 T[] \OT1/cmr/m/n/10 = 32\OML/cmm/m/it/10 ig[] N[] G[] []  G[] 
[]  G[] []  G[] []  G[] []  G[] []  G[] []  G[] []
 []


Overfull \hbox (14.41003pt too wide) detected at line 3067
\OMS/cmsy/m/n/10 T[] \OT1/cmr/m/n/10 = 128\OML/cmm/m/it/10 ig[] N[] G[] []  G[]
 []  G[] []  G[] []  G[] []  G[] []  G[] []  G[] []
 []


Overfull \hbox (14.52579pt too wide) detected at line 3070
\OMS/cmsy/m/n/10 T[] \OT1/cmr/m/n/10 = 128\OML/cmm/m/it/10 ig[] N[] G[] []  G[]
 []  G[] []  G[] []  G[] []  G[] []  G[] []  G[] []
 []


Overfull \hbox (14.41003pt too wide) detected at line 3073
\OMS/cmsy/m/n/10 T[] \OT1/cmr/m/n/10 = 128\OML/cmm/m/it/10 ig[] N[] G[] []  G[]
 []  G[] []  G[] []  G[] []  G[] []  G[] []  G[] []
 []


Overfull \hbox (10.2288pt too wide) detected at line 3076
\OMS/cmsy/m/n/10 T[] \OT1/cmr/m/n/10 = 32\OML/cmm/m/it/10 ig[] N[] G[] []  G[] 
[]  G[] []  G[] []  G[] []  G[] []  G[] []  G[] []
 []


Overfull \hbox (10.11305pt too wide) detected at line 3079
\OMS/cmsy/m/n/10 T[] \OT1/cmr/m/n/10 = 32\OML/cmm/m/it/10 ig[] N[] G[] []  G[] 
[]  G[] []  G[] []  G[] []  G[] []  G[] []  G[] []
 []


Overfull \hbox (10.2288pt too wide) detected at line 3082
\OMS/cmsy/m/n/10 T[] \OT1/cmr/m/n/10 = 32\OML/cmm/m/it/10 ig[] N[] G[] []  G[] 
[]  G[] []  G[] []  G[] []  G[] []  G[] []  G[] []
 []


Overfull \hbox (14.52579pt too wide) detected at line 3085
\OMS/cmsy/m/n/10 T[] \OT1/cmr/m/n/10 = 128\OML/cmm/m/it/10 ig[] N[] G[] []  G[]
 []  G[] []  G[] []  G[] []  G[] []  G[] []  G[] []
 []

[27]
Overfull \hbox (10.11305pt too wide) detected at line 3088
\OMS/cmsy/m/n/10 T[] \OT1/cmr/m/n/10 = 32\OML/cmm/m/it/10 ig[] N[] G[] []  G[] 
[]  G[] []  G[] []  G[] []  G[] []  G[] []  G[] []
 []


Overfull \hbox (14.41003pt too wide) detected at line 3091
\OMS/cmsy/m/n/10 T[] \OT1/cmr/m/n/10 = 128\OML/cmm/m/it/10 ig[] N[] G[] []  G[]
 []  G[] []  G[] []  G[] []  G[] []  G[] []  G[] []
 []


Overfull \hbox (14.52579pt too wide) detected at line 3094
\OMS/cmsy/m/n/10 T[] \OT1/cmr/m/n/10 = 128\OML/cmm/m/it/10 ig[] N[] G[] []  G[]
 []  G[] []  G[] []  G[] []  G[] []  G[] []  G[] []
 []


Overfull \hbox (14.41003pt too wide) detected at line 3097
\OMS/cmsy/m/n/10 T[] \OT1/cmr/m/n/10 = 128\OML/cmm/m/it/10 ig[] N[] G[] []  G[]
 []  G[] []  G[] []  G[] []  G[] []  G[] []  G[] []
 []


Overfull \hbox (5.70032pt too wide) detected at line 3100
\OMS/cmsy/m/n/10 T[] \OT1/cmr/m/n/10 = 4\OML/cmm/m/it/10 ig[] N[] G[] []  G[] [
]  G[] []  G[] []  G[] []  G[] []  G[] []  G[] []
 []


Overfull \hbox (9.9973pt too wide) detected at line 3103
\OMS/cmsy/m/n/10 T[] \OT1/cmr/m/n/10 = 16\OML/cmm/m/it/10 ig[] N[] G[] []  G[] 
[]  G[] []  G[] []  G[] []  G[] []  G[] []  G[] []
 []


Overfull \hbox (10.11305pt too wide) detected at line 3106
\OMS/cmsy/m/n/10 T[] \OT1/cmr/m/n/10 = 16\OML/cmm/m/it/10 ig[] N[] G[] []  G[] 
[]  G[] []  G[] []  G[] []  G[] []  G[] []  G[] []
 []


Overfull \hbox (9.41002pt too wide) detected at line 3109
\OMS/cmsy/m/n/10 T[] \OT1/cmr/m/n/10 = 64\OML/cmm/m/it/10 ig[] N[] G[] []  G[] 
[]  G[] []  G[] []  G[] []  G[] []  G[] []  G[] []
 []


Overfull \hbox (10.11305pt too wide) detected at line 3112
\OMS/cmsy/m/n/10 T[] \OT1/cmr/m/n/10 = 16\OML/cmm/m/it/10 ig[] N[] G[] []  G[] 
[]  G[] []  G[] []  G[] []  G[] []  G[] []  G[] []
 []


Overfull \hbox (9.9973pt too wide) detected at line 3115
\OMS/cmsy/m/n/10 T[] \OT1/cmr/m/n/10 = 16\OML/cmm/m/it/10 ig[] N[] G[] []  G[] 
[]  G[] []  G[] []  G[] []  G[] []  G[] []  G[] []
 []


Overfull \hbox (9.52577pt too wide) detected at line 3118
\OMS/cmsy/m/n/10 T[] \OT1/cmr/m/n/10 = 64\OML/cmm/m/it/10 ig[] N[] G[] []  G[] 
[]  G[] []  G[] []  G[] []  G[] []  G[] []  G[] []
 []


Overfull \hbox (9.41002pt too wide) detected at line 3121
\OMS/cmsy/m/n/10 T[] \OT1/cmr/m/n/10 = 64\OML/cmm/m/it/10 ig[] N[] G[] []  G[] 
[]  G[] []  G[] []  G[] []  G[] []  G[] []  G[] []
 []


Overfull \hbox (10.11305pt too wide) detected at line 3124
\OMS/cmsy/m/n/10 T[] \OT1/cmr/m/n/10 = 32\OML/cmm/m/it/10 ig[] N[] G[] []  G[] 
[]  G[] []  G[] []  G[] []  G[] []  G[] []  G[] []
 []


Overfull \hbox (14.41003pt too wide) detected at line 3127
\OMS/cmsy/m/n/10 T[] \OT1/cmr/m/n/10 = 128\OML/cmm/m/it/10 ig[] N[] G[] []  G[]
 []  G[] []  G[] []  G[] []  G[] []  G[] []  G[] []
 []


Overfull \hbox (14.52579pt too wide) detected at line 3130
\OMS/cmsy/m/n/10 T[] \OT1/cmr/m/n/10 = 128\OML/cmm/m/it/10 ig[] N[] G[] []  G[]
 []  G[] []  G[] []  G[] []  G[] []  G[] []  G[] []
 []


Overfull \hbox (14.41003pt too wide) detected at line 3133
\OMS/cmsy/m/n/10 T[] \OT1/cmr/m/n/10 = 128\OML/cmm/m/it/10 ig[] N[] G[] []  G[]
 []  G[] []  G[] []  G[] []  G[] []  G[] []  G[] []
 []


Overfull \hbox (1.51909pt too wide) detected at line 3136
\OMS/cmsy/m/n/10 T[] \OT1/cmr/m/n/10 = \OML/cmm/m/it/10 ig[] N[] G[] []  G[] []
  G[] []  G[] []  G[] []  G[] []  G[] []  G[] []
 []


Overfull \hbox (5.93182pt too wide) detected at line 3139
\OMS/cmsy/m/n/10 T[] \OT1/cmr/m/n/10 = 4\OML/cmm/m/it/10 ig[] N[] G[] []  G[] [
]  G[] []  G[] []  G[] []  G[] []  G[] []  G[] []
 []


Overfull \hbox (5.81607pt too wide) detected at line 3142
\OMS/cmsy/m/n/10 T[] \OT1/cmr/m/n/10 = 4\OML/cmm/m/it/10 ig[] N[] G[] []  G[] [
]  G[] []  G[] []  G[] []  G[] []  G[] []  G[] []
 []


Overfull \hbox (5.81607pt too wide) detected at line 3145
\OMS/cmsy/m/n/10 T[] \OT1/cmr/m/n/10 = 4\OML/cmm/m/it/10 ig[] N[] G[] []  G[] [
]  G[] []  G[] []  G[] []  G[] []  G[] []  G[] []
 []


Overfull \hbox (1.63484pt too wide) detected at line 3148
\OMS/cmsy/m/n/10 T[] \OT1/cmr/m/n/10 = \OML/cmm/m/it/10 ig[] N[] G[] []  G[] []
  G[] []  G[] []  G[] []  G[] []  G[] []  G[] []
 []


Overfull \hbox (5.93182pt too wide) detected at line 3151
\OMS/cmsy/m/n/10 T[] \OT1/cmr/m/n/10 = 4\OML/cmm/m/it/10 ig[] N[] G[] []  G[] [
]  G[] []  G[] []  G[] []  G[] []  G[] []  G[] []
 []


Overfull \hbox (5.93182pt too wide) detected at line 3154
\OMS/cmsy/m/n/10 T[] \OT1/cmr/m/n/10 = 4\OML/cmm/m/it/10 ig[] N[] G[] []  G[] [
]  G[] []  G[] []  G[] []  G[] []  G[] []  G[] []
 []


Overfull \hbox (5.81607pt too wide) detected at line 3157
\OMS/cmsy/m/n/10 T[] \OT1/cmr/m/n/10 = 4\OML/cmm/m/it/10 ig[] N[] G[] []  G[] [
]  G[] []  G[] []  G[] []  G[] []  G[] []  G[] []
 []


Overfull \hbox (6.5191pt too wide) detected at line 3160
\OMS/cmsy/m/n/10 T[] \OT1/cmr/m/n/10 = 2\OML/cmm/m/it/10 ig[] N[] G[] []  G[] [
]  G[] []  G[] []  G[] []  G[] []  G[] []  G[] []
 []


Overfull \hbox (5.81607pt too wide) detected at line 3163
\OMS/cmsy/m/n/10 T[] \OT1/cmr/m/n/10 = 8\OML/cmm/m/it/10 ig[] N[] G[] []  G[] [
]  G[] []  G[] []  G[] []  G[] []  G[] []  G[] []
 []


Overfull \hbox (5.81607pt too wide) detected at line 3166
\OMS/cmsy/m/n/10 T[] \OT1/cmr/m/n/10 = 8\OML/cmm/m/it/10 ig[] N[] G[] []  G[] [
]  G[] []  G[] []  G[] []  G[] []  G[] []  G[] []
 []


Overfull \hbox (5.70032pt too wide) detected at line 3169
\OMS/cmsy/m/n/10 T[] \OT1/cmr/m/n/10 = 8\OML/cmm/m/it/10 ig[] N[] G[] []  G[] [
]  G[] []  G[] []  G[] []  G[] []  G[] []  G[] []
 []


Overfull \hbox (5.81607pt too wide) detected at line 3172
\OMS/cmsy/m/n/10 T[] \OT1/cmr/m/n/10 = 8\OML/cmm/m/it/10 ig[] N[] G[] []  G[] [
]  G[] []  G[] []  G[] []  G[] []  G[] []  G[] []
 []


Overfull \hbox (10.2288pt too wide) detected at line 3175
\OMS/cmsy/m/n/10 T[] \OT1/cmr/m/n/10 = 32\OML/cmm/m/it/10 ig[] N[] G[] []  G[] 
[]  G[] []  G[] []  G[] []  G[] []  G[] []  G[] []
 []


Overfull \hbox (10.11305pt too wide) detected at line 3178
\OMS/cmsy/m/n/10 T[] \OT1/cmr/m/n/10 = 32\OML/cmm/m/it/10 ig[] N[] G[] []  G[] 
[]  G[] []  G[] []  G[] []  G[] []  G[] []  G[] []
 []


Overfull \hbox (10.11305pt too wide) detected at line 3181
\OMS/cmsy/m/n/10 T[] \OT1/cmr/m/n/10 = 32\OML/cmm/m/it/10 ig[] N[] G[] []  G[] 
[]  G[] []  G[] []  G[] []  G[] []  G[] []  G[] []
 []


Overfull \hbox (5.70032pt too wide) detected at line 3184
\OMS/cmsy/m/n/10 T[] \OT1/cmr/m/n/10 = 4\OML/cmm/m/it/10 ig[] N[] G[] []  G[] [
]  G[] []  G[] []  G[] []  G[] []  G[] []  G[] []
 []


Overfull \hbox (10.11305pt too wide) detected at line 3187
\OMS/cmsy/m/n/10 T[] \OT1/cmr/m/n/10 = 16\OML/cmm/m/it/10 ig[] N[] G[] []  G[] 
[]  G[] []  G[] []  G[] []  G[] []  G[] []  G[] []
 []


Overfull \hbox (9.9973pt too wide) detected at line 3190
\OMS/cmsy/m/n/10 T[] \OT1/cmr/m/n/10 = 16\OML/cmm/m/it/10 ig[] N[] G[] []  G[] 
[]  G[] []  G[] []  G[] []  G[] []  G[] []  G[] []
 []


Overfull \hbox (9.9973pt too wide) detected at line 3193
\OMS/cmsy/m/n/10 T[] \OT1/cmr/m/n/10 = 16\OML/cmm/m/it/10 ig[] N[] G[] []  G[] 
[]  G[] []  G[] []  G[] []  G[] []  G[] []  G[] []
 []


Overfull \hbox (5.81607pt too wide) detected at line 3196
\OMS/cmsy/m/n/10 T[] \OT1/cmr/m/n/10 = 4\OML/cmm/m/it/10 ig[] N[] G[] []  G[] [
]  G[] []  G[] []  G[] []  G[] []  G[] []  G[] []
 []


Overfull \hbox (10.11305pt too wide) detected at line 3199
\OMS/cmsy/m/n/10 T[] \OT1/cmr/m/n/10 = 16\OML/cmm/m/it/10 ig[] N[] G[] []  G[] 
[]  G[] []  G[] []  G[] []  G[] []  G[] []  G[] []
 []

[28]
Overfull \hbox (10.11305pt too wide) detected at line 3202
\OMS/cmsy/m/n/10 T[] \OT1/cmr/m/n/10 = 16\OML/cmm/m/it/10 ig[] N[] G[] []  G[] 
[]  G[] []  G[] []  G[] []  G[] []  G[] []  G[] []
 []


Overfull \hbox (9.9973pt too wide) detected at line 3205
\OMS/cmsy/m/n/10 T[] \OT1/cmr/m/n/10 = 16\OML/cmm/m/it/10 ig[] N[] G[] []  G[] 
[]  G[] []  G[] []  G[] []  G[] []  G[] []  G[] []
 []


Overfull \hbox (5.70032pt too wide) detected at line 3208
\OMS/cmsy/m/n/10 T[] \OT1/cmr/m/n/10 = 4\OML/cmm/m/it/10 ig[] N[] G[] []  G[] [
]  G[] []  G[] []  G[] []  G[] []  G[] []  G[] []
 []


Overfull \hbox (10.11305pt too wide) detected at line 3211
\OMS/cmsy/m/n/10 T[] \OT1/cmr/m/n/10 = 16\OML/cmm/m/it/10 ig[] N[] G[] []  G[] 
[]  G[] []  G[] []  G[] []  G[] []  G[] []  G[] []
 []


Overfull \hbox (9.9973pt too wide) detected at line 3214
\OMS/cmsy/m/n/10 T[] \OT1/cmr/m/n/10 = 16\OML/cmm/m/it/10 ig[] N[] G[] []  G[] 
[]  G[] []  G[] []  G[] []  G[] []  G[] []  G[] []
 []


Overfull \hbox (9.9973pt too wide) detected at line 3217
\OMS/cmsy/m/n/10 T[] \OT1/cmr/m/n/10 = 16\OML/cmm/m/it/10 ig[] N[] G[] []  G[] 
[]  G[] []  G[] []  G[] []  G[] []  G[] []  G[] []
 []


Overfull \hbox (5.81607pt too wide) detected at line 3220
\OMS/cmsy/m/n/10 T[] \OT1/cmr/m/n/10 = 8\OML/cmm/m/it/10 ig[] N[] G[] []  G[] [
]  G[] []  G[] []  G[] []  G[] []  G[] []  G[] []
 []


Overfull \hbox (10.11305pt too wide) detected at line 3223
\OMS/cmsy/m/n/10 T[] \OT1/cmr/m/n/10 = 32\OML/cmm/m/it/10 ig[] N[] G[] []  G[] 
[]  G[] []  G[] []  G[] []  G[] []  G[] []  G[] []
 []


Overfull \hbox (10.11305pt too wide) detected at line 3226
\OMS/cmsy/m/n/10 T[] \OT1/cmr/m/n/10 = 32\OML/cmm/m/it/10 ig[] N[] G[] []  G[] 
[]  G[] []  G[] []  G[] []  G[] []  G[] []  G[] []
 []


Overfull \hbox (9.9973pt too wide) detected at line 3229
\OMS/cmsy/m/n/10 T[] \OT1/cmr/m/n/10 = 32\OML/cmm/m/it/10 ig[] N[] G[] []  G[] 
[]  G[] []  G[] []  G[] []  G[] []  G[] []  G[] []
 []


Overfull \hbox (10.11305pt too wide) detected at line 3232
\OMS/cmsy/m/n/10 T[] \OT1/cmr/m/n/10 = 16\OML/cmm/m/it/10 ig[] N[] G[] []  G[] 
[]  G[] []  G[] []  G[] []  G[] []  G[] []  G[] []
 []


Overfull \hbox (9.52577pt too wide) detected at line 3235
\OMS/cmsy/m/n/10 T[] \OT1/cmr/m/n/10 = 64\OML/cmm/m/it/10 ig[] N[] G[] []  G[] 
[]  G[] []  G[] []  G[] []  G[] []  G[] []  G[] []
 []


Overfull \hbox (9.41002pt too wide) detected at line 3238
\OMS/cmsy/m/n/10 T[] \OT1/cmr/m/n/10 = 64\OML/cmm/m/it/10 ig[] N[] G[] []  G[] 
[]  G[] []  G[] []  G[] []  G[] []  G[] []  G[] []
 []


Overfull \hbox (9.41002pt too wide) detected at line 3241
\OMS/cmsy/m/n/10 T[] \OT1/cmr/m/n/10 = 64\OML/cmm/m/it/10 ig[] N[] G[] []  G[] 
[]  G[] []  G[] []  G[] []  G[] []  G[] []  G[] []
 []


Overfull \hbox (5.81607pt too wide) detected at line 3244
\OMS/cmsy/m/n/10 T[] \OT1/cmr/m/n/10 = 4\OML/cmm/m/it/10 ig[] N[] G[] []  G[] [
]  G[] []  G[] []  G[] []  G[] []  G[] []  G[] []
 []


Overfull \hbox (10.11305pt too wide) detected at line 3247
\OMS/cmsy/m/n/10 T[] \OT1/cmr/m/n/10 = 16\OML/cmm/m/it/10 ig[] N[] G[] []  G[] 
[]  G[] []  G[] []  G[] []  G[] []  G[] []  G[] []
 []


Overfull \hbox (10.11305pt too wide) detected at line 3250
\OMS/cmsy/m/n/10 T[] \OT1/cmr/m/n/10 = 16\OML/cmm/m/it/10 ig[] N[] G[] []  G[] 
[]  G[] []  G[] []  G[] []  G[] []  G[] []  G[] []
 []


Overfull \hbox (9.9973pt too wide) detected at line 3253
\OMS/cmsy/m/n/10 T[] \OT1/cmr/m/n/10 = 16\OML/cmm/m/it/10 ig[] N[] G[] []  G[] 
[]  G[] []  G[] []  G[] []  G[] []  G[] []  G[] []
 []


Overfull \hbox (10.11305pt too wide) detected at line 3256
\OMS/cmsy/m/n/10 T[] \OT1/cmr/m/n/10 = 32\OML/cmm/m/it/10 ig[] N[] G[] []  G[] 
[]  G[] []  G[] []  G[] []  G[] []  G[] []  G[] []
 []


Overfull \hbox (14.52579pt too wide) detected at line 3259
\OMS/cmsy/m/n/10 T[] \OT1/cmr/m/n/10 = 128\OML/cmm/m/it/10 ig[] N[] G[] []  G[]
 []  G[] []  G[] []  G[] []  G[] []  G[] []  G[] []
 []


Overfull \hbox (14.41003pt too wide) detected at line 3262
\OMS/cmsy/m/n/10 T[] \OT1/cmr/m/n/10 = 128\OML/cmm/m/it/10 ig[] N[] G[] []  G[]
 []  G[] []  G[] []  G[] []  G[] []  G[] []  G[] []
 []


Overfull \hbox (14.41003pt too wide) detected at line 3265
\OMS/cmsy/m/n/10 T[] \OT1/cmr/m/n/10 = 128\OML/cmm/m/it/10 ig[] N[] G[] []  G[]
 []  G[] []  G[] []  G[] []  G[] []  G[] []  G[] []
 []


Overfull \hbox (10.2288pt too wide) detected at line 3268
\OMS/cmsy/m/n/10 T[] \OT1/cmr/m/n/10 = 16\OML/cmm/m/it/10 ig[] N[] G[] []  G[] 
[]  G[] []  G[] []  G[] []  G[] []  G[] []  G[] []
 []


Overfull \hbox (9.52577pt too wide) detected at line 3271
\OMS/cmsy/m/n/10 T[] \OT1/cmr/m/n/10 = 64\OML/cmm/m/it/10 ig[] N[] G[] []  G[] 
[]  G[] []  G[] []  G[] []  G[] []  G[] []  G[] []
 []


Overfull \hbox (9.52577pt too wide) detected at line 3274
\OMS/cmsy/m/n/10 T[] \OT1/cmr/m/n/10 = 64\OML/cmm/m/it/10 ig[] N[] G[] []  G[] 
[]  G[] []  G[] []  G[] []  G[] []  G[] []  G[] []
 []


Overfull \hbox (9.41002pt too wide) detected at line 3277
\OMS/cmsy/m/n/10 T[] \OT1/cmr/m/n/10 = 64\OML/cmm/m/it/10 ig[] N[] G[] []  G[] 
[]  G[] []  G[] []  G[] []  G[] []  G[] []  G[] []
 []


Overfull \hbox (5.81607pt too wide) detected at line 3280
\OMS/cmsy/m/n/10 T[] \OT1/cmr/m/n/10 = 4\OML/cmm/m/it/10 ig[] N[] G[] []  G[] [
]  G[] []  G[] []  G[] []  G[] []  G[] []  G[] []
 []


Overfull \hbox (5.70032pt too wide) detected at line 3283
\OMS/cmsy/m/n/10 T[] \OT1/cmr/m/n/10 = 4\OML/cmm/m/it/10 ig[] N[] G[] []  G[] [
]  G[] []  G[] []  G[] []  G[] []  G[] []  G[] []
 []


Overfull \hbox (5.81607pt too wide) detected at line 3286
\OMS/cmsy/m/n/10 T[] \OT1/cmr/m/n/10 = 4\OML/cmm/m/it/10 ig[] N[] G[] []  G[] [
]  G[] []  G[] []  G[] []  G[] []  G[] []  G[] []
 []


Overfull \hbox (10.11305pt too wide) detected at line 3289
\OMS/cmsy/m/n/10 T[] \OT1/cmr/m/n/10 = 16\OML/cmm/m/it/10 ig[] N[] G[] []  G[] 
[]  G[] []  G[] []  G[] []  G[] []  G[] []  G[] []
 []


Overfull \hbox (5.70032pt too wide) detected at line 3292
\OMS/cmsy/m/n/10 T[] \OT1/cmr/m/n/10 = 4\OML/cmm/m/it/10 ig[] N[] G[] []  G[] [
]  G[] []  G[] []  G[] []  G[] []  G[] []  G[] []
 []


Overfull \hbox (9.9973pt too wide) detected at line 3295
\OMS/cmsy/m/n/10 T[] \OT1/cmr/m/n/10 = 16\OML/cmm/m/it/10 ig[] N[] G[] []  G[] 
[]  G[] []  G[] []  G[] []  G[] []  G[] []  G[] []
 []


Overfull \hbox (10.11305pt too wide) detected at line 3298
\OMS/cmsy/m/n/10 T[] \OT1/cmr/m/n/10 = 16\OML/cmm/m/it/10 ig[] N[] G[] []  G[] 
[]  G[] []  G[] []  G[] []  G[] []  G[] []  G[] []
 []


Overfull \hbox (9.9973pt too wide) detected at line 3301
\OMS/cmsy/m/n/10 T[] \OT1/cmr/m/n/10 = 16\OML/cmm/m/it/10 ig[] N[] G[] []  G[] 
[]  G[] []  G[] []  G[] []  G[] []  G[] []  G[] []
 []


Overfull \hbox (5.93182pt too wide) detected at line 3304
\OMS/cmsy/m/n/10 T[] \OT1/cmr/m/n/10 = 8\OML/cmm/m/it/10 ig[] N[] G[] []  G[] [
]  G[] []  G[] []  G[] []  G[] []  G[] []  G[] []
 []


Overfull \hbox (5.81607pt too wide) detected at line 3307
\OMS/cmsy/m/n/10 T[] \OT1/cmr/m/n/10 = 8\OML/cmm/m/it/10 ig[] N[] G[] []  G[] [
]  G[] []  G[] []  G[] []  G[] []  G[] []  G[] []
 []


Overfull \hbox (5.81607pt too wide) detected at line 3310
\OMS/cmsy/m/n/10 T[] \OT1/cmr/m/n/10 = 8\OML/cmm/m/it/10 ig[] N[] G[] []  G[] [
]  G[] []  G[] []  G[] []  G[] []  G[] []  G[] []
 []


Overfull \hbox (10.11305pt too wide) detected at line 3313
\OMS/cmsy/m/n/10 T[] \OT1/cmr/m/n/10 = 32\OML/cmm/m/it/10 ig[] N[] G[] []  G[] 
[]  G[] []  G[] []  G[] []  G[] []  G[] []  G[] []
 []

[29]
Overfull \hbox (5.81607pt too wide) detected at line 3316
\OMS/cmsy/m/n/10 T[] \OT1/cmr/m/n/10 = 8\OML/cmm/m/it/10 ig[] N[] G[] []  G[] [
]  G[] []  G[] []  G[] []  G[] []  G[] []  G[] []
 []


Overfull \hbox (10.11305pt too wide) detected at line 3319
\OMS/cmsy/m/n/10 T[] \OT1/cmr/m/n/10 = 32\OML/cmm/m/it/10 ig[] N[] G[] []  G[] 
[]  G[] []  G[] []  G[] []  G[] []  G[] []  G[] []
 []


Overfull \hbox (10.11305pt too wide) detected at line 3322
\OMS/cmsy/m/n/10 T[] \OT1/cmr/m/n/10 = 32\OML/cmm/m/it/10 ig[] N[] G[] []  G[] 
[]  G[] []  G[] []  G[] []  G[] []  G[] []  G[] []
 []


Overfull \hbox (9.9973pt too wide) detected at line 3325
\OMS/cmsy/m/n/10 T[] \OT1/cmr/m/n/10 = 32\OML/cmm/m/it/10 ig[] N[] G[] []  G[] 
[]  G[] []  G[] []  G[] []  G[] []  G[] []  G[] []
 []


Overfull \hbox (10.2288pt too wide) detected at line 3328
\OMS/cmsy/m/n/10 T[] \OT1/cmr/m/n/10 = 16\OML/cmm/m/it/10 ig[] N[] G[] []  G[] 
[]  G[] []  G[] []  G[] []  G[] []  G[] []  G[] []
 []


Overfull \hbox (10.11305pt too wide) detected at line 3331
\OMS/cmsy/m/n/10 T[] \OT1/cmr/m/n/10 = 16\OML/cmm/m/it/10 ig[] N[] G[] []  G[] 
[]  G[] []  G[] []  G[] []  G[] []  G[] []  G[] []
 []


Overfull \hbox (10.2288pt too wide) detected at line 3334
\OMS/cmsy/m/n/10 T[] \OT1/cmr/m/n/10 = 16\OML/cmm/m/it/10 ig[] N[] G[] []  G[] 
[]  G[] []  G[] []  G[] []  G[] []  G[] []  G[] []
 []


Overfull \hbox (9.52577pt too wide) detected at line 3337
\OMS/cmsy/m/n/10 T[] \OT1/cmr/m/n/10 = 64\OML/cmm/m/it/10 ig[] N[] G[] []  G[] 
[]  G[] []  G[] []  G[] []  G[] []  G[] []  G[] []
 []


Overfull \hbox (10.11305pt too wide) detected at line 3340
\OMS/cmsy/m/n/10 T[] \OT1/cmr/m/n/10 = 16\OML/cmm/m/it/10 ig[] N[] G[] []  G[] 
[]  G[] []  G[] []  G[] []  G[] []  G[] []  G[] []
 []


Overfull \hbox (9.41002pt too wide) detected at line 3343
\OMS/cmsy/m/n/10 T[] \OT1/cmr/m/n/10 = 64\OML/cmm/m/it/10 ig[] N[] G[] []  G[] 
[]  G[] []  G[] []  G[] []  G[] []  G[] []  G[] []
 []


Overfull \hbox (9.52577pt too wide) detected at line 3346
\OMS/cmsy/m/n/10 T[] \OT1/cmr/m/n/10 = 64\OML/cmm/m/it/10 ig[] N[] G[] []  G[] 
[]  G[] []  G[] []  G[] []  G[] []  G[] []  G[] []
 []


Overfull \hbox (9.41002pt too wide) detected at line 3349
\OMS/cmsy/m/n/10 T[] \OT1/cmr/m/n/10 = 64\OML/cmm/m/it/10 ig[] N[] G[] []  G[] 
[]  G[] []  G[] []  G[] []  G[] []  G[] []  G[] []
 []


Overfull \hbox (5.93182pt too wide) detected at line 3352
\OMS/cmsy/m/n/10 T[] \OT1/cmr/m/n/10 = 4\OML/cmm/m/it/10 ig[] N[] G[] []  G[] [
]  G[] []  G[] []  G[] []  G[] []  G[] []  G[] []
 []


Overfull \hbox (5.81607pt too wide) detected at line 3355
\OMS/cmsy/m/n/10 T[] \OT1/cmr/m/n/10 = 4\OML/cmm/m/it/10 ig[] N[] G[] []  G[] [
]  G[] []  G[] []  G[] []  G[] []  G[] []  G[] []
 []


Overfull \hbox (5.81607pt too wide) detected at line 3358
\OMS/cmsy/m/n/10 T[] \OT1/cmr/m/n/10 = 4\OML/cmm/m/it/10 ig[] N[] G[] []  G[] [
]  G[] []  G[] []  G[] []  G[] []  G[] []  G[] []
 []


Overfull \hbox (10.11305pt too wide) detected at line 3361
\OMS/cmsy/m/n/10 T[] \OT1/cmr/m/n/10 = 16\OML/cmm/m/it/10 ig[] N[] G[] []  G[] 
[]  G[] []  G[] []  G[] []  G[] []  G[] []  G[] []
 []


Overfull \hbox (5.81607pt too wide) detected at line 3364
\OMS/cmsy/m/n/10 T[] \OT1/cmr/m/n/10 = 4\OML/cmm/m/it/10 ig[] N[] G[] []  G[] [
]  G[] []  G[] []  G[] []  G[] []  G[] []  G[] []
 []


Overfull \hbox (10.11305pt too wide) detected at line 3367
\OMS/cmsy/m/n/10 T[] \OT1/cmr/m/n/10 = 16\OML/cmm/m/it/10 ig[] N[] G[] []  G[] 
[]  G[] []  G[] []  G[] []  G[] []  G[] []  G[] []
 []


Overfull \hbox (10.11305pt too wide) detected at line 3370
\OMS/cmsy/m/n/10 T[] \OT1/cmr/m/n/10 = 16\OML/cmm/m/it/10 ig[] N[] G[] []  G[] 
[]  G[] []  G[] []  G[] []  G[] []  G[] []  G[] []
 []


Overfull \hbox (9.9973pt too wide) detected at line 3373
\OMS/cmsy/m/n/10 T[] \OT1/cmr/m/n/10 = 16\OML/cmm/m/it/10 ig[] N[] G[] []  G[] 
[]  G[] []  G[] []  G[] []  G[] []  G[] []  G[] []
 []


Overfull \hbox (10.2288pt too wide) detected at line 3376
\OMS/cmsy/m/n/10 T[] \OT1/cmr/m/n/10 = 32\OML/cmm/m/it/10 ig[] N[] G[] []  G[] 
[]  G[] []  G[] []  G[] []  G[] []  G[] []  G[] []
 []


Overfull \hbox (10.11305pt too wide) detected at line 3379
\OMS/cmsy/m/n/10 T[] \OT1/cmr/m/n/10 = 32\OML/cmm/m/it/10 ig[] N[] G[] []  G[] 
[]  G[] []  G[] []  G[] []  G[] []  G[] []  G[] []
 []


Overfull \hbox (10.2288pt too wide) detected at line 3382
\OMS/cmsy/m/n/10 T[] \OT1/cmr/m/n/10 = 32\OML/cmm/m/it/10 ig[] N[] G[] []  G[] 
[]  G[] []  G[] []  G[] []  G[] []  G[] []  G[] []
 []


Overfull \hbox (14.52579pt too wide) detected at line 3385
\OMS/cmsy/m/n/10 T[] \OT1/cmr/m/n/10 = 128\OML/cmm/m/it/10 ig[] N[] G[] []  G[]
 []  G[] []  G[] []  G[] []  G[] []  G[] []  G[] []
 []


Overfull \hbox (10.11305pt too wide) detected at line 3388
\OMS/cmsy/m/n/10 T[] \OT1/cmr/m/n/10 = 32\OML/cmm/m/it/10 ig[] N[] G[] []  G[] 
[]  G[] []  G[] []  G[] []  G[] []  G[] []  G[] []
 []


Overfull \hbox (14.41003pt too wide) detected at line 3391
\OMS/cmsy/m/n/10 T[] \OT1/cmr/m/n/10 = 128\OML/cmm/m/it/10 ig[] N[] G[] []  G[]
 []  G[] []  G[] []  G[] []  G[] []  G[] []  G[] []
 []


Overfull \hbox (14.52579pt too wide) detected at line 3394
\OMS/cmsy/m/n/10 T[] \OT1/cmr/m/n/10 = 128\OML/cmm/m/it/10 ig[] N[] G[] []  G[]
 []  G[] []  G[] []  G[] []  G[] []  G[] []  G[] []
 []


Overfull \hbox (14.41003pt too wide) detected at line 3397
\OMS/cmsy/m/n/10 T[] \OT1/cmr/m/n/10 = 128\OML/cmm/m/it/10 ig[] N[] G[] []  G[]
 []  G[] []  G[] []  G[] []  G[] []  G[] []  G[] []
 []


Overfull \hbox (5.81607pt too wide) detected at line 3400
\OMS/cmsy/m/n/10 T[] \OT1/cmr/m/n/10 = 8\OML/cmm/m/it/10 ig[] N[] G[] []  G[] [
]  G[] []  G[] []  G[] []  G[] []  G[] []  G[] []
 []


Overfull \hbox (5.81607pt too wide) detected at line 3403
\OMS/cmsy/m/n/10 T[] \OT1/cmr/m/n/10 = 8\OML/cmm/m/it/10 ig[] N[] G[] []  G[] [
]  G[] []  G[] []  G[] []  G[] []  G[] []  G[] []
 []


Overfull \hbox (5.70032pt too wide) detected at line 3406
\OMS/cmsy/m/n/10 T[] \OT1/cmr/m/n/10 = 8\OML/cmm/m/it/10 ig[] N[] G[] []  G[] [
]  G[] []  G[] []  G[] []  G[] []  G[] []  G[] []
 []


Overfull \hbox (10.11305pt too wide) detected at line 3409
\OMS/cmsy/m/n/10 T[] \OT1/cmr/m/n/10 = 32\OML/cmm/m/it/10 ig[] N[] G[] []  G[] 
[]  G[] []  G[] []  G[] []  G[] []  G[] []  G[] []
 []


Overfull \hbox (5.93182pt too wide) detected at line 3412
\OMS/cmsy/m/n/10 T[] \OT1/cmr/m/n/10 = 8\OML/cmm/m/it/10 ig[] N[] G[] []  G[] [
]  G[] []  G[] []  G[] []  G[] []  G[] []  G[] []
 []


Overfull \hbox (5.81607pt too wide) detected at line 3415
\OMS/cmsy/m/n/10 T[] \OT1/cmr/m/n/10 = 8\OML/cmm/m/it/10 ig[] N[] G[] []  G[] [
]  G[] []  G[] []  G[] []  G[] []  G[] []  G[] []
 []


Overfull \hbox (5.81607pt too wide) detected at line 3418
\OMS/cmsy/m/n/10 T[] \OT1/cmr/m/n/10 = 8\OML/cmm/m/it/10 ig[] N[] G[] []  G[] [
]  G[] []  G[] []  G[] []  G[] []  G[] []  G[] []
 []


Overfull \hbox (10.11305pt too wide) detected at line 3421
\OMS/cmsy/m/n/10 T[] \OT1/cmr/m/n/10 = 32\OML/cmm/m/it/10 ig[] N[] G[] []  G[] 
[]  G[] []  G[] []  G[] []  G[] []  G[] []  G[] []
 []


Overfull \hbox (5.93182pt too wide) detected at line 3424
\OMS/cmsy/m/n/10 T[] \OT1/cmr/m/n/10 = 8\OML/cmm/m/it/10 ig[] N[] G[] []  G[] [
]  G[] []  G[] []  G[] []  G[] []  G[] []  G[] []
 []


Overfull \hbox (5.81607pt too wide) detected at line 3427
\OMS/cmsy/m/n/10 T[] \OT1/cmr/m/n/10 = 8\OML/cmm/m/it/10 ig[] N[] G[] []  G[] [
]  G[] []  G[] []  G[] []  G[] []  G[] []  G[] []
 []

[30]
Overfull \hbox (5.81607pt too wide) detected at line 3430
\OMS/cmsy/m/n/10 T[] \OT1/cmr/m/n/10 = 8\OML/cmm/m/it/10 ig[] N[] G[] []  G[] [
]  G[] []  G[] []  G[] []  G[] []  G[] []  G[] []
 []


Overfull \hbox (10.11305pt too wide) detected at line 3433
\OMS/cmsy/m/n/10 T[] \OT1/cmr/m/n/10 = 32\OML/cmm/m/it/10 ig[] N[] G[] []  G[] 
[]  G[] []  G[] []  G[] []  G[] []  G[] []  G[] []
 []


Overfull \hbox (10.2288pt too wide) detected at line 3436
\OMS/cmsy/m/n/10 T[] \OT1/cmr/m/n/10 = 32\OML/cmm/m/it/10 ig[] N[] G[] []  G[] 
[]  G[] []  G[] []  G[] []  G[] []  G[] []  G[] []
 []


Overfull \hbox (10.2288pt too wide) detected at line 3439
\OMS/cmsy/m/n/10 T[] \OT1/cmr/m/n/10 = 32\OML/cmm/m/it/10 ig[] N[] G[] []  G[] 
[]  G[] []  G[] []  G[] []  G[] []  G[] []  G[] []
 []


Overfull \hbox (10.11305pt too wide) detected at line 3442
\OMS/cmsy/m/n/10 T[] \OT1/cmr/m/n/10 = 32\OML/cmm/m/it/10 ig[] N[] G[] []  G[] 
[]  G[] []  G[] []  G[] []  G[] []  G[] []  G[] []
 []


Overfull \hbox (14.52579pt too wide) detected at line 3445
\OMS/cmsy/m/n/10 T[] \OT1/cmr/m/n/10 = 128\OML/cmm/m/it/10 ig[] N[] G[] []  G[]
 []  G[] []  G[] []  G[] []  G[] []  G[] []  G[] []
 []


Overfull \hbox (5.81607pt too wide) detected at line 3448
\OMS/cmsy/m/n/10 T[] \OT1/cmr/m/n/10 = 8\OML/cmm/m/it/10 ig[] N[] G[] []  G[] [
]  G[] []  G[] []  G[] []  G[] []  G[] []  G[] []
 []


Overfull \hbox (5.70032pt too wide) detected at line 3451
\OMS/cmsy/m/n/10 T[] \OT1/cmr/m/n/10 = 8\OML/cmm/m/it/10 ig[] N[] G[] []  G[] [
]  G[] []  G[] []  G[] []  G[] []  G[] []  G[] []
 []


Overfull \hbox (5.70032pt too wide) detected at line 3454
\OMS/cmsy/m/n/10 T[] \OT1/cmr/m/n/10 = 8\OML/cmm/m/it/10 ig[] N[] G[] []  G[] [
]  G[] []  G[] []  G[] []  G[] []  G[] []  G[] []
 []


Overfull \hbox (9.9973pt too wide) detected at line 3457
\OMS/cmsy/m/n/10 T[] \OT1/cmr/m/n/10 = 32\OML/cmm/m/it/10 ig[] N[] G[] []  G[] 
[]  G[] []  G[] []  G[] []  G[] []  G[] []  G[] []
 []


Overfull \hbox (10.11305pt too wide) detected at line 3460
\OMS/cmsy/m/n/10 T[] \OT1/cmr/m/n/10 = 32\OML/cmm/m/it/10 ig[] N[] G[] []  G[] 
[]  G[] []  G[] []  G[] []  G[] []  G[] []  G[] []
 []


Overfull \hbox (10.11305pt too wide) detected at line 3463
\OMS/cmsy/m/n/10 T[] \OT1/cmr/m/n/10 = 32\OML/cmm/m/it/10 ig[] N[] G[] []  G[] 
[]  G[] []  G[] []  G[] []  G[] []  G[] []  G[] []
 []


Overfull \hbox (9.9973pt too wide) detected at line 3466
\OMS/cmsy/m/n/10 T[] \OT1/cmr/m/n/10 = 32\OML/cmm/m/it/10 ig[] N[] G[] []  G[] 
[]  G[] []  G[] []  G[] []  G[] []  G[] []  G[] []
 []


Overfull \hbox (14.41003pt too wide) detected at line 3469
\OMS/cmsy/m/n/10 T[] \OT1/cmr/m/n/10 = 128\OML/cmm/m/it/10 ig[] N[] G[] []  G[]
 []  G[] []  G[] []  G[] []  G[] []  G[] []  G[] []
 []


Overfull \hbox (10.11305pt too wide) detected at line 3472
\OMS/cmsy/m/n/10 T[] \OT1/cmr/m/n/10 = 32\OML/cmm/m/it/10 ig[] N[] G[] []  G[] 
[]  G[] []  G[] []  G[] []  G[] []  G[] []  G[] []
 []


Overfull \hbox (10.11305pt too wide) detected at line 3475
\OMS/cmsy/m/n/10 T[] \OT1/cmr/m/n/10 = 32\OML/cmm/m/it/10 ig[] N[] G[] []  G[] 
[]  G[] []  G[] []  G[] []  G[] []  G[] []  G[] []
 []


Overfull \hbox (9.9973pt too wide) detected at line 3478
\OMS/cmsy/m/n/10 T[] \OT1/cmr/m/n/10 = 32\OML/cmm/m/it/10 ig[] N[] G[] []  G[] 
[]  G[] []  G[] []  G[] []  G[] []  G[] []  G[] []
 []


Overfull \hbox (14.41003pt too wide) detected at line 3481
\OMS/cmsy/m/n/10 T[] \OT1/cmr/m/n/10 = 128\OML/cmm/m/it/10 ig[] N[] G[] []  G[]
 []  G[] []  G[] []  G[] []  G[] []  G[] []  G[] []
 []


Overfull \hbox (10.2288pt too wide) detected at line 3484
\OMS/cmsy/m/n/10 T[] \OT1/cmr/m/n/10 = 32\OML/cmm/m/it/10 ig[] N[] G[] []  G[] 
[]  G[] []  G[] []  G[] []  G[] []  G[] []  G[] []
 []


Overfull \hbox (10.11305pt too wide) detected at line 3487
\OMS/cmsy/m/n/10 T[] \OT1/cmr/m/n/10 = 32\OML/cmm/m/it/10 ig[] N[] G[] []  G[] 
[]  G[] []  G[] []  G[] []  G[] []  G[] []  G[] []
 []


Overfull \hbox (10.11305pt too wide) detected at line 3490
\OMS/cmsy/m/n/10 T[] \OT1/cmr/m/n/10 = 32\OML/cmm/m/it/10 ig[] N[] G[] []  G[] 
[]  G[] []  G[] []  G[] []  G[] []  G[] []  G[] []
 []


Overfull \hbox (14.41003pt too wide) detected at line 3493
\OMS/cmsy/m/n/10 T[] \OT1/cmr/m/n/10 = 128\OML/cmm/m/it/10 ig[] N[] G[] []  G[]
 []  G[] []  G[] []  G[] []  G[] []  G[] []  G[] []
 []


Overfull \hbox (10.34456pt too wide) detected at line 3496
\OMS/cmsy/m/n/10 T[] \OT1/cmr/m/n/10 = 16\OML/cmm/m/it/10 ig[] N[] G[] []  G[] 
[]  G[] []  G[] []  G[] []  G[] []  G[] []  G[] []
 []


Overfull \hbox (10.2288pt too wide) detected at line 3499
\OMS/cmsy/m/n/10 T[] \OT1/cmr/m/n/10 = 16\OML/cmm/m/it/10 ig[] N[] G[] []  G[] 
[]  G[] []  G[] []  G[] []  G[] []  G[] []  G[] []
 []


Overfull \hbox (10.2288pt too wide) detected at line 3502
\OMS/cmsy/m/n/10 T[] \OT1/cmr/m/n/10 = 16\OML/cmm/m/it/10 ig[] N[] G[] []  G[] 
[]  G[] []  G[] []  G[] []  G[] []  G[] []  G[] []
 []


Overfull \hbox (9.52577pt too wide) detected at line 3505
\OMS/cmsy/m/n/10 T[] \OT1/cmr/m/n/10 = 64\OML/cmm/m/it/10 ig[] N[] G[] []  G[] 
[]  G[] []  G[] []  G[] []  G[] []  G[] []  G[] []
 []


Overfull \hbox (10.2288pt too wide) detected at line 3508
\OMS/cmsy/m/n/10 T[] \OT1/cmr/m/n/10 = 16\OML/cmm/m/it/10 ig[] N[] G[] []  G[] 
[]  G[] []  G[] []  G[] []  G[] []  G[] []  G[] []
 []


Overfull \hbox (9.52577pt too wide) detected at line 3511
\OMS/cmsy/m/n/10 T[] \OT1/cmr/m/n/10 = 64\OML/cmm/m/it/10 ig[] N[] G[] []  G[] 
[]  G[] []  G[] []  G[] []  G[] []  G[] []  G[] []
 []


Overfull \hbox (9.52577pt too wide) detected at line 3514
\OMS/cmsy/m/n/10 T[] \OT1/cmr/m/n/10 = 64\OML/cmm/m/it/10 ig[] N[] G[] []  G[] 
[]  G[] []  G[] []  G[] []  G[] []  G[] []  G[] []
 []


Overfull \hbox (9.41002pt too wide) detected at line 3517
\OMS/cmsy/m/n/10 T[] \OT1/cmr/m/n/10 = 64\OML/cmm/m/it/10 ig[] N[] G[] []  G[] 
[]  G[] []  G[] []  G[] []  G[] []  G[] []  G[] []
 []


Overfull \hbox (5.81607pt too wide) detected at line 3520
\OMS/cmsy/m/n/10 T[] \OT1/cmr/m/n/10 = 8\OML/cmm/m/it/10 ig[] N[] G[] []  G[] [
]  G[] []  G[] []  G[] []  G[] []  G[] []  G[] []
 []


Overfull \hbox (10.2288pt too wide) detected at line 3523
\OMS/cmsy/m/n/10 T[] \OT1/cmr/m/n/10 = 32\OML/cmm/m/it/10 ig[] N[] G[] []  G[] 
[]  G[] []  G[] []  G[] []  G[] []  G[] []  G[] []
 []


Overfull \hbox (10.11305pt too wide) detected at line 3526
\OMS/cmsy/m/n/10 T[] \OT1/cmr/m/n/10 = 32\OML/cmm/m/it/10 ig[] N[] G[] []  G[] 
[]  G[] []  G[] []  G[] []  G[] []  G[] []  G[] []
 []


Overfull \hbox (10.11305pt too wide) detected at line 3529
\OMS/cmsy/m/n/10 T[] \OT1/cmr/m/n/10 = 32\OML/cmm/m/it/10 ig[] N[] G[] []  G[] 
[]  G[] []  G[] []  G[] []  G[] []  G[] []  G[] []
 []


Overfull \hbox (5.93182pt too wide) detected at line 3532
\OMS/cmsy/m/n/10 T[] \OT1/cmr/m/n/10 = 8\OML/cmm/m/it/10 ig[] N[] G[] []  G[] [
]  G[] []  G[] []  G[] []  G[] []  G[] []  G[] []
 []


Overfull \hbox (10.2288pt too wide) detected at line 3535
\OMS/cmsy/m/n/10 T[] \OT1/cmr/m/n/10 = 32\OML/cmm/m/it/10 ig[] N[] G[] []  G[] 
[]  G[] []  G[] []  G[] []  G[] []  G[] []  G[] []
 []


Overfull \hbox (10.2288pt too wide) detected at line 3538
\OMS/cmsy/m/n/10 T[] \OT1/cmr/m/n/10 = 32\OML/cmm/m/it/10 ig[] N[] G[] []  G[] 
[]  G[] []  G[] []  G[] []  G[] []  G[] []  G[] []
 []


Overfull \hbox (10.11305pt too wide) detected at line 3541
\OMS/cmsy/m/n/10 T[] \OT1/cmr/m/n/10 = 32\OML/cmm/m/it/10 ig[] N[] G[] []  G[] 
[]  G[] []  G[] []  G[] []  G[] []  G[] []  G[] []
 []

[31]
Overfull \hbox (5.93182pt too wide) detected at line 3544
\OMS/cmsy/m/n/10 T[] \OT1/cmr/m/n/10 = 8\OML/cmm/m/it/10 ig[] N[] G[] []  G[] [
]  G[] []  G[] []  G[] []  G[] []  G[] []  G[] []
 []


Overfull \hbox (10.2288pt too wide) detected at line 3547
\OMS/cmsy/m/n/10 T[] \OT1/cmr/m/n/10 = 32\OML/cmm/m/it/10 ig[] N[] G[] []  G[] 
[]  G[] []  G[] []  G[] []  G[] []  G[] []  G[] []
 []


Overfull \hbox (10.2288pt too wide) detected at line 3550
\OMS/cmsy/m/n/10 T[] \OT1/cmr/m/n/10 = 32\OML/cmm/m/it/10 ig[] N[] G[] []  G[] 
[]  G[] []  G[] []  G[] []  G[] []  G[] []  G[] []
 []


Overfull \hbox (10.11305pt too wide) detected at line 3553
\OMS/cmsy/m/n/10 T[] \OT1/cmr/m/n/10 = 32\OML/cmm/m/it/10 ig[] N[] G[] []  G[] 
[]  G[] []  G[] []  G[] []  G[] []  G[] []  G[] []
 []


Overfull \hbox (10.2288pt too wide) detected at line 3556
\OMS/cmsy/m/n/10 T[] \OT1/cmr/m/n/10 = 32\OML/cmm/m/it/10 ig[] N[] G[] []  G[] 
[]  G[] []  G[] []  G[] []  G[] []  G[] []  G[] []
 []


Overfull \hbox (14.64154pt too wide) detected at line 3559
\OMS/cmsy/m/n/10 T[] \OT1/cmr/m/n/10 = 128\OML/cmm/m/it/10 ig[] N[] G[] []  G[]
 []  G[] []  G[] []  G[] []  G[] []  G[] []  G[] []
 []


Overfull \hbox (14.52579pt too wide) detected at line 3562
\OMS/cmsy/m/n/10 T[] \OT1/cmr/m/n/10 = 128\OML/cmm/m/it/10 ig[] N[] G[] []  G[]
 []  G[] []  G[] []  G[] []  G[] []  G[] []  G[] []
 []


Overfull \hbox (14.52579pt too wide) detected at line 3565
\OMS/cmsy/m/n/10 T[] \OT1/cmr/m/n/10 = 128\OML/cmm/m/it/10 ig[] N[] G[] []  G[]
 []  G[] []  G[] []  G[] []  G[] []  G[] []  G[] []
 []


Overfull \hbox (5.81607pt too wide) detected at line 3568
\OMS/cmsy/m/n/10 T[] \OT1/cmr/m/n/10 = 8\OML/cmm/m/it/10 ig[] N[] G[] []  G[] [
]  G[] []  G[] []  G[] []  G[] []  G[] []  G[] []
 []


Overfull \hbox (10.11305pt too wide) detected at line 3571
\OMS/cmsy/m/n/10 T[] \OT1/cmr/m/n/10 = 32\OML/cmm/m/it/10 ig[] N[] G[] []  G[] 
[]  G[] []  G[] []  G[] []  G[] []  G[] []  G[] []
 []


Overfull \hbox (10.11305pt too wide) detected at line 3574
\OMS/cmsy/m/n/10 T[] \OT1/cmr/m/n/10 = 32\OML/cmm/m/it/10 ig[] N[] G[] []  G[] 
[]  G[] []  G[] []  G[] []  G[] []  G[] []  G[] []
 []


Overfull \hbox (9.9973pt too wide) detected at line 3577
\OMS/cmsy/m/n/10 T[] \OT1/cmr/m/n/10 = 32\OML/cmm/m/it/10 ig[] N[] G[] []  G[] 
[]  G[] []  G[] []  G[] []  G[] []  G[] []  G[] []
 []


Overfull \hbox (10.11305pt too wide) detected at line 3580
\OMS/cmsy/m/n/10 T[] \OT1/cmr/m/n/10 = 32\OML/cmm/m/it/10 ig[] N[] G[] []  G[] 
[]  G[] []  G[] []  G[] []  G[] []  G[] []  G[] []
 []


Overfull \hbox (14.52579pt too wide) detected at line 3583
\OMS/cmsy/m/n/10 T[] \OT1/cmr/m/n/10 = 128\OML/cmm/m/it/10 ig[] N[] G[] []  G[]
 []  G[] []  G[] []  G[] []  G[] []  G[] []  G[] []
 []


Overfull \hbox (14.41003pt too wide) detected at line 3586
\OMS/cmsy/m/n/10 T[] \OT1/cmr/m/n/10 = 128\OML/cmm/m/it/10 ig[] N[] G[] []  G[]
 []  G[] []  G[] []  G[] []  G[] []  G[] []  G[] []
 []


Overfull \hbox (14.41003pt too wide) detected at line 3589
\OMS/cmsy/m/n/10 T[] \OT1/cmr/m/n/10 = 128\OML/cmm/m/it/10 ig[] N[] G[] []  G[]
 []  G[] []  G[] []  G[] []  G[] []  G[] []  G[] []
 []


Overfull \hbox (10.11305pt too wide) detected at line 3592
\OMS/cmsy/m/n/10 T[] \OT1/cmr/m/n/10 = 32\OML/cmm/m/it/10 ig[] N[] G[] []  G[] 
[]  G[] []  G[] []  G[] []  G[] []  G[] []  G[] []
 []


Overfull \hbox (14.52579pt too wide) detected at line 3595
\OMS/cmsy/m/n/10 T[] \OT1/cmr/m/n/10 = 128\OML/cmm/m/it/10 ig[] N[] G[] []  G[]
 []  G[] []  G[] []  G[] []  G[] []  G[] []  G[] []
 []


Overfull \hbox (14.41003pt too wide) detected at line 3598
\OMS/cmsy/m/n/10 T[] \OT1/cmr/m/n/10 = 128\OML/cmm/m/it/10 ig[] N[] G[] []  G[]
 []  G[] []  G[] []  G[] []  G[] []  G[] []  G[] []
 []


Overfull \hbox (14.41003pt too wide) detected at line 3601
\OMS/cmsy/m/n/10 T[] \OT1/cmr/m/n/10 = 128\OML/cmm/m/it/10 ig[] N[] G[] []  G[]
 []  G[] []  G[] []  G[] []  G[] []  G[] []  G[] []
 []


Overfull \hbox (10.2288pt too wide) detected at line 3604
\OMS/cmsy/m/n/10 T[] \OT1/cmr/m/n/10 = 32\OML/cmm/m/it/10 ig[] N[] G[] []  G[] 
[]  G[] []  G[] []  G[] []  G[] []  G[] []  G[] []
 []


Overfull \hbox (14.52579pt too wide) detected at line 3607
\OMS/cmsy/m/n/10 T[] \OT1/cmr/m/n/10 = 128\OML/cmm/m/it/10 ig[] N[] G[] []  G[]
 []  G[] []  G[] []  G[] []  G[] []  G[] []  G[] []
 []


Overfull \hbox (14.52579pt too wide) detected at line 3610
\OMS/cmsy/m/n/10 T[] \OT1/cmr/m/n/10 = 128\OML/cmm/m/it/10 ig[] N[] G[] []  G[]
 []  G[] []  G[] []  G[] []  G[] []  G[] []  G[] []
 []


Overfull \hbox (14.41003pt too wide) detected at line 3613
\OMS/cmsy/m/n/10 T[] \OT1/cmr/m/n/10 = 128\OML/cmm/m/it/10 ig[] N[] G[] []  G[]
 []  G[] []  G[] []  G[] []  G[] []  G[] []  G[] []
 []


Overfull \hbox (1.63484pt too wide) detected at line 3616
\OMS/cmsy/m/n/10 T[] \OT1/cmr/m/n/10 = \OML/cmm/m/it/10 ig[] N[] G[] []  G[] []
  G[] []  G[] []  G[] []  G[] []  G[] []  G[] []
 []


Overfull \hbox (1.63484pt too wide) detected at line 3619
\OMS/cmsy/m/n/10 T[] \OT1/cmr/m/n/10 = \OML/cmm/m/it/10 ig[] N[] G[] []  G[] []
  G[] []  G[] []  G[] []  G[] []  G[] []  G[] []
 []


Overfull \hbox (1.51909pt too wide) detected at line 3622
\OMS/cmsy/m/n/10 T[] \OT1/cmr/m/n/10 = \OML/cmm/m/it/10 ig[] N[] G[] []  G[] []
  G[] []  G[] []  G[] []  G[] []  G[] []  G[] []
 []


Overfull \hbox (5.93182pt too wide) detected at line 3625
\OMS/cmsy/m/n/10 T[] \OT1/cmr/m/n/10 = 4\OML/cmm/m/it/10 ig[] N[] G[] []  G[] [
]  G[] []  G[] []  G[] []  G[] []  G[] []  G[] []
 []


Overfull \hbox (1.7506pt too wide) detected at line 3628
\OMS/cmsy/m/n/10 T[] \OT1/cmr/m/n/10 = \OML/cmm/m/it/10 ig[] N[] G[] []  G[] []
  G[] []  G[] []  G[] []  G[] []  G[] []  G[] []
 []


Overfull \hbox (1.63484pt too wide) detected at line 3631
\OMS/cmsy/m/n/10 T[] \OT1/cmr/m/n/10 = \OML/cmm/m/it/10 ig[] N[] G[] []  G[] []
  G[] []  G[] []  G[] []  G[] []  G[] []  G[] []
 []


Overfull \hbox (1.63484pt too wide) detected at line 3634
\OMS/cmsy/m/n/10 T[] \OT1/cmr/m/n/10 = \OML/cmm/m/it/10 ig[] N[] G[] []  G[] []
  G[] []  G[] []  G[] []  G[] []  G[] []  G[] []
 []


Overfull \hbox (5.93182pt too wide) detected at line 3637
\OMS/cmsy/m/n/10 T[] \OT1/cmr/m/n/10 = 4\OML/cmm/m/it/10 ig[] N[] G[] []  G[] [
]  G[] []  G[] []  G[] []  G[] []  G[] []  G[] []
 []


Overfull \hbox (1.51909pt too wide) detected at line 3640
\OMS/cmsy/m/n/10 T[] \OT1/cmr/m/n/10 = \OML/cmm/m/it/10 ig[] N[] G[] []  G[] []
  G[] []  G[] []  G[] []  G[] []  G[] []  G[] []
 []


Overfull \hbox (5.93182pt too wide) detected at line 3643
\OMS/cmsy/m/n/10 T[] \OT1/cmr/m/n/10 = 4\OML/cmm/m/it/10 ig[] N[] G[] []  G[] [
]  G[] []  G[] []  G[] []  G[] []  G[] []  G[] []
 []


Overfull \hbox (5.81607pt too wide) detected at line 3646
\OMS/cmsy/m/n/10 T[] \OT1/cmr/m/n/10 = 4\OML/cmm/m/it/10 ig[] N[] G[] []  G[] [
]  G[] []  G[] []  G[] []  G[] []  G[] []  G[] []
 []


Overfull \hbox (5.81607pt too wide) detected at line 3649
\OMS/cmsy/m/n/10 T[] \OT1/cmr/m/n/10 = 4\OML/cmm/m/it/10 ig[] N[] G[] []  G[] [
]  G[] []  G[] []  G[] []  G[] []  G[] []  G[] []
 []


Overfull \hbox (1.63484pt too wide) detected at line 3652
\OMS/cmsy/m/n/10 T[] \OT1/cmr/m/n/10 = \OML/cmm/m/it/10 ig[] N[] G[] []  G[] []
  G[] []  G[] []  G[] []  G[] []  G[] []  G[] []
 []


Overfull \hbox (5.93182pt too wide) detected at line 3655
\OMS/cmsy/m/n/10 T[] \OT1/cmr/m/n/10 = 4\OML/cmm/m/it/10 ig[] N[] G[] []  G[] [
]  G[] []  G[] []  G[] []  G[] []  G[] []  G[] []
 []

[32]
Overfull \hbox (5.93182pt too wide) detected at line 3658
\OMS/cmsy/m/n/10 T[] \OT1/cmr/m/n/10 = 4\OML/cmm/m/it/10 ig[] N[] G[] []  G[] [
]  G[] []  G[] []  G[] []  G[] []  G[] []  G[] []
 []


Overfull \hbox (5.81607pt too wide) detected at line 3661
\OMS/cmsy/m/n/10 T[] \OT1/cmr/m/n/10 = 4\OML/cmm/m/it/10 ig[] N[] G[] []  G[] [
]  G[] []  G[] []  G[] []  G[] []  G[] []  G[] []
 []


Overfull \hbox (6.63486pt too wide) detected at line 3664
\OMS/cmsy/m/n/10 T[] \OT1/cmr/m/n/10 = 2\OML/cmm/m/it/10 ig[] N[] G[] []  G[] [
]  G[] []  G[] []  G[] []  G[] []  G[] []  G[] []
 []


Overfull \hbox (6.5191pt too wide) detected at line 3667
\OMS/cmsy/m/n/10 T[] \OT1/cmr/m/n/10 = 2\OML/cmm/m/it/10 ig[] N[] G[] []  G[] [
]  G[] []  G[] []  G[] []  G[] []  G[] []  G[] []
 []


Overfull \hbox (6.5191pt too wide) detected at line 3670
\OMS/cmsy/m/n/10 T[] \OT1/cmr/m/n/10 = 2\OML/cmm/m/it/10 ig[] N[] G[] []  G[] [
]  G[] []  G[] []  G[] []  G[] []  G[] []  G[] []
 []


Overfull \hbox (5.81607pt too wide) detected at line 3673
\OMS/cmsy/m/n/10 T[] \OT1/cmr/m/n/10 = 8\OML/cmm/m/it/10 ig[] N[] G[] []  G[] [
]  G[] []  G[] []  G[] []  G[] []  G[] []  G[] []
 []


Overfull \hbox (5.93182pt too wide) detected at line 3676
\OMS/cmsy/m/n/10 T[] \OT1/cmr/m/n/10 = 8\OML/cmm/m/it/10 ig[] N[] G[] []  G[] [
]  G[] []  G[] []  G[] []  G[] []  G[] []  G[] []
 []


Overfull \hbox (5.93182pt too wide) detected at line 3679
\OMS/cmsy/m/n/10 T[] \OT1/cmr/m/n/10 = 8\OML/cmm/m/it/10 ig[] N[] G[] []  G[] [
]  G[] []  G[] []  G[] []  G[] []  G[] []  G[] []
 []


Overfull \hbox (5.81607pt too wide) detected at line 3682
\OMS/cmsy/m/n/10 T[] \OT1/cmr/m/n/10 = 8\OML/cmm/m/it/10 ig[] N[] G[] []  G[] [
]  G[] []  G[] []  G[] []  G[] []  G[] []  G[] []
 []


Overfull \hbox (10.2288pt too wide) detected at line 3685
\OMS/cmsy/m/n/10 T[] \OT1/cmr/m/n/10 = 32\OML/cmm/m/it/10 ig[] N[] G[] []  G[] 
[]  G[] []  G[] []  G[] []  G[] []  G[] []  G[] []
 []


Overfull \hbox (6.5191pt too wide) detected at line 3688
\OMS/cmsy/m/n/10 T[] \OT1/cmr/m/n/10 = 2\OML/cmm/m/it/10 ig[] N[] G[] []  G[] [
]  G[] []  G[] []  G[] []  G[] []  G[] []  G[] []
 []


Overfull \hbox (5.81607pt too wide) detected at line 3691
\OMS/cmsy/m/n/10 T[] \OT1/cmr/m/n/10 = 8\OML/cmm/m/it/10 ig[] N[] G[] []  G[] [
]  G[] []  G[] []  G[] []  G[] []  G[] []  G[] []
 []


Overfull \hbox (5.81607pt too wide) detected at line 3694
\OMS/cmsy/m/n/10 T[] \OT1/cmr/m/n/10 = 8\OML/cmm/m/it/10 ig[] N[] G[] []  G[] [
]  G[] []  G[] []  G[] []  G[] []  G[] []  G[] []
 []


Overfull \hbox (5.70032pt too wide) detected at line 3697
\OMS/cmsy/m/n/10 T[] \OT1/cmr/m/n/10 = 8\OML/cmm/m/it/10 ig[] N[] G[] []  G[] [
]  G[] []  G[] []  G[] []  G[] []  G[] []  G[] []
 []


Overfull \hbox (5.81607pt too wide) detected at line 3700
\OMS/cmsy/m/n/10 T[] \OT1/cmr/m/n/10 = 8\OML/cmm/m/it/10 ig[] N[] G[] []  G[] [
]  G[] []  G[] []  G[] []  G[] []  G[] []  G[] []
 []


Overfull \hbox (10.2288pt too wide) detected at line 3703
\OMS/cmsy/m/n/10 T[] \OT1/cmr/m/n/10 = 32\OML/cmm/m/it/10 ig[] N[] G[] []  G[] 
[]  G[] []  G[] []  G[] []  G[] []  G[] []  G[] []
 []


Overfull \hbox (10.11305pt too wide) detected at line 3706
\OMS/cmsy/m/n/10 T[] \OT1/cmr/m/n/10 = 32\OML/cmm/m/it/10 ig[] N[] G[] []  G[] 
[]  G[] []  G[] []  G[] []  G[] []  G[] []  G[] []
 []


Overfull \hbox (10.11305pt too wide) detected at line 3709
\OMS/cmsy/m/n/10 T[] \OT1/cmr/m/n/10 = 32\OML/cmm/m/it/10 ig[] N[] G[] []  G[] 
[]  G[] []  G[] []  G[] []  G[] []  G[] []  G[] []
 []


Overfull \hbox (5.81607pt too wide) detected at line 3712
\OMS/cmsy/m/n/10 T[] \OT1/cmr/m/n/10 = 8\OML/cmm/m/it/10 ig[] N[] G[] []  G[] [
]  G[] []  G[] []  G[] []  G[] []  G[] []  G[] []
 []


Overfull \hbox (5.81607pt too wide) detected at line 3715
\OMS/cmsy/m/n/10 T[] \OT1/cmr/m/n/10 = 8\OML/cmm/m/it/10 ig[] N[] G[] []  G[] [
]  G[] []  G[] []  G[] []  G[] []  G[] []  G[] []
 []


Overfull \hbox (5.70032pt too wide) detected at line 3718
\OMS/cmsy/m/n/10 T[] \OT1/cmr/m/n/10 = 8\OML/cmm/m/it/10 ig[] N[] G[] []  G[] [
]  G[] []  G[] []  G[] []  G[] []  G[] []  G[] []
 []


Overfull \hbox (10.11305pt too wide) detected at line 3721
\OMS/cmsy/m/n/10 T[] \OT1/cmr/m/n/10 = 32\OML/cmm/m/it/10 ig[] N[] G[] []  G[] 
[]  G[] []  G[] []  G[] []  G[] []  G[] []  G[] []
 []


Overfull \hbox (5.81607pt too wide) detected at line 3724
\OMS/cmsy/m/n/10 T[] \OT1/cmr/m/n/10 = 8\OML/cmm/m/it/10 ig[] N[] G[] []  G[] [
]  G[] []  G[] []  G[] []  G[] []  G[] []  G[] []
 []


Overfull \hbox (10.2288pt too wide) detected at line 3727
\OMS/cmsy/m/n/10 T[] \OT1/cmr/m/n/10 = 32\OML/cmm/m/it/10 ig[] N[] G[] []  G[] 
[]  G[] []  G[] []  G[] []  G[] []  G[] []  G[] []
 []


Overfull \hbox (10.11305pt too wide) detected at line 3730
\OMS/cmsy/m/n/10 T[] \OT1/cmr/m/n/10 = 32\OML/cmm/m/it/10 ig[] N[] G[] []  G[] 
[]  G[] []  G[] []  G[] []  G[] []  G[] []  G[] []
 []


Overfull \hbox (10.11305pt too wide) detected at line 3733
\OMS/cmsy/m/n/10 T[] \OT1/cmr/m/n/10 = 32\OML/cmm/m/it/10 ig[] N[] G[] []  G[] 
[]  G[] []  G[] []  G[] []  G[] []  G[] []  G[] []
 []


Overfull \hbox (5.93182pt too wide) detected at line 3736
\OMS/cmsy/m/n/10 T[] \OT1/cmr/m/n/10 = 8\OML/cmm/m/it/10 ig[] N[] G[] []  G[] [
]  G[] []  G[] []  G[] []  G[] []  G[] []  G[] []
 []


Overfull \hbox (5.81607pt too wide) detected at line 3739
\OMS/cmsy/m/n/10 T[] \OT1/cmr/m/n/10 = 8\OML/cmm/m/it/10 ig[] N[] G[] []  G[] [
]  G[] []  G[] []  G[] []  G[] []  G[] []  G[] []
 []


Overfull \hbox (5.81607pt too wide) detected at line 3742
\OMS/cmsy/m/n/10 T[] \OT1/cmr/m/n/10 = 8\OML/cmm/m/it/10 ig[] N[] G[] []  G[] [
]  G[] []  G[] []  G[] []  G[] []  G[] []  G[] []
 []


Overfull \hbox (10.11305pt too wide) detected at line 3745
\OMS/cmsy/m/n/10 T[] \OT1/cmr/m/n/10 = 32\OML/cmm/m/it/10 ig[] N[] G[] []  G[] 
[]  G[] []  G[] []  G[] []  G[] []  G[] []  G[] []
 []


Overfull \hbox (5.93182pt too wide) detected at line 3748
\OMS/cmsy/m/n/10 T[] \OT1/cmr/m/n/10 = 8\OML/cmm/m/it/10 ig[] N[] G[] []  G[] [
]  G[] []  G[] []  G[] []  G[] []  G[] []  G[] []
 []


Overfull \hbox (10.2288pt too wide) detected at line 3751
\OMS/cmsy/m/n/10 T[] \OT1/cmr/m/n/10 = 32\OML/cmm/m/it/10 ig[] N[] G[] []  G[] 
[]  G[] []  G[] []  G[] []  G[] []  G[] []  G[] []
 []


Overfull \hbox (10.2288pt too wide) detected at line 3754
\OMS/cmsy/m/n/10 T[] \OT1/cmr/m/n/10 = 32\OML/cmm/m/it/10 ig[] N[] G[] []  G[] 
[]  G[] []  G[] []  G[] []  G[] []  G[] []  G[] []
 []


Overfull \hbox (10.11305pt too wide) detected at line 3757
\OMS/cmsy/m/n/10 T[] \OT1/cmr/m/n/10 = 32\OML/cmm/m/it/10 ig[] N[] G[] []  G[] 
[]  G[] []  G[] []  G[] []  G[] []  G[] []  G[] []
 []


Overfull \hbox (5.93182pt too wide) detected at line 3760
\OMS/cmsy/m/n/10 T[] \OT1/cmr/m/n/10 = 8\OML/cmm/m/it/10 ig[] N[] G[] []  G[] [
]  G[] []  G[] []  G[] []  G[] []  G[] []  G[] []
 []


Overfull \hbox (5.81607pt too wide) detected at line 3763
\OMS/cmsy/m/n/10 T[] \OT1/cmr/m/n/10 = 8\OML/cmm/m/it/10 ig[] N[] G[] []  G[] [
]  G[] []  G[] []  G[] []  G[] []  G[] []  G[] []
 []


Overfull \hbox (5.81607pt too wide) detected at line 3766
\OMS/cmsy/m/n/10 T[] \OT1/cmr/m/n/10 = 8\OML/cmm/m/it/10 ig[] N[] G[] []  G[] [
]  G[] []  G[] []  G[] []  G[] []  G[] []  G[] []
 []


Overfull \hbox (10.11305pt too wide) detected at line 3769
\OMS/cmsy/m/n/10 T[] \OT1/cmr/m/n/10 = 32\OML/cmm/m/it/10 ig[] N[] G[] []  G[] 
[]  G[] []  G[] []  G[] []  G[] []  G[] []  G[] []
 []

[33]
Overfull \hbox (5.93182pt too wide) detected at line 3772
\OMS/cmsy/m/n/10 T[] \OT1/cmr/m/n/10 = 8\OML/cmm/m/it/10 ig[] N[] G[] []  G[] [
]  G[] []  G[] []  G[] []  G[] []  G[] []  G[] []
 []


Overfull \hbox (10.2288pt too wide) detected at line 3775
\OMS/cmsy/m/n/10 T[] \OT1/cmr/m/n/10 = 32\OML/cmm/m/it/10 ig[] N[] G[] []  G[] 
[]  G[] []  G[] []  G[] []  G[] []  G[] []  G[] []
 []


Overfull \hbox (10.2288pt too wide) detected at line 3778
\OMS/cmsy/m/n/10 T[] \OT1/cmr/m/n/10 = 32\OML/cmm/m/it/10 ig[] N[] G[] []  G[] 
[]  G[] []  G[] []  G[] []  G[] []  G[] []  G[] []
 []


Overfull \hbox (10.11305pt too wide) detected at line 3781
\OMS/cmsy/m/n/10 T[] \OT1/cmr/m/n/10 = 32\OML/cmm/m/it/10 ig[] N[] G[] []  G[] 
[]  G[] []  G[] []  G[] []  G[] []  G[] []  G[] []
 []


Overfull \hbox (10.2288pt too wide) detected at line 3784
\OMS/cmsy/m/n/10 T[] \OT1/cmr/m/n/10 = 32\OML/cmm/m/it/10 ig[] N[] G[] []  G[] 
[]  G[] []  G[] []  G[] []  G[] []  G[] []  G[] []
 []


Overfull \hbox (10.2288pt too wide) detected at line 3787
\OMS/cmsy/m/n/10 T[] \OT1/cmr/m/n/10 = 32\OML/cmm/m/it/10 ig[] N[] G[] []  G[] 
[]  G[] []  G[] []  G[] []  G[] []  G[] []  G[] []
 []


Overfull \hbox (10.11305pt too wide) detected at line 3790
\OMS/cmsy/m/n/10 T[] \OT1/cmr/m/n/10 = 32\OML/cmm/m/it/10 ig[] N[] G[] []  G[] 
[]  G[] []  G[] []  G[] []  G[] []  G[] []  G[] []
 []


Overfull \hbox (14.52579pt too wide) detected at line 3793
\OMS/cmsy/m/n/10 T[] \OT1/cmr/m/n/10 = 128\OML/cmm/m/it/10 ig[] N[] G[] []  G[]
 []  G[] []  G[] []  G[] []  G[] []  G[] []  G[] []
 []


Overfull \hbox (10.2288pt too wide) detected at line 3796
\OMS/cmsy/m/n/10 T[] \OT1/cmr/m/n/10 = 32\OML/cmm/m/it/10 ig[] N[] G[] []  G[] 
[]  G[] []  G[] []  G[] []  G[] []  G[] []  G[] []
 []


Overfull \hbox (14.64154pt too wide) detected at line 3799
\OMS/cmsy/m/n/10 T[] \OT1/cmr/m/n/10 = 128\OML/cmm/m/it/10 ig[] N[] G[] []  G[]
 []  G[] []  G[] []  G[] []  G[] []  G[] []  G[] []
 []


Overfull \hbox (14.52579pt too wide) detected at line 3802
\OMS/cmsy/m/n/10 T[] \OT1/cmr/m/n/10 = 128\OML/cmm/m/it/10 ig[] N[] G[] []  G[]
 []  G[] []  G[] []  G[] []  G[] []  G[] []  G[] []
 []


Overfull \hbox (14.52579pt too wide) detected at line 3805
\OMS/cmsy/m/n/10 T[] \OT1/cmr/m/n/10 = 128\OML/cmm/m/it/10 ig[] N[] G[] []  G[]
 []  G[] []  G[] []  G[] []  G[] []  G[] []  G[] []
 []


Overfull \hbox (5.81607pt too wide) detected at line 3808
\OMS/cmsy/m/n/10 T[] \OT1/cmr/m/n/10 = 4\OML/cmm/m/it/10 ig[] N[] G[] []  G[] [
]  G[] []  G[] []  G[] []  G[] []  G[] []  G[] []
 []


Overfull \hbox (5.81607pt too wide) detected at line 3811
\OMS/cmsy/m/n/10 T[] \OT1/cmr/m/n/10 = 4\OML/cmm/m/it/10 ig[] N[] G[] []  G[] [
]  G[] []  G[] []  G[] []  G[] []  G[] []  G[] []
 []


Overfull \hbox (5.70032pt too wide) detected at line 3814
\OMS/cmsy/m/n/10 T[] \OT1/cmr/m/n/10 = 4\OML/cmm/m/it/10 ig[] N[] G[] []  G[] [
]  G[] []  G[] []  G[] []  G[] []  G[] []  G[] []
 []


Overfull \hbox (10.11305pt too wide) detected at line 3817
\OMS/cmsy/m/n/10 T[] \OT1/cmr/m/n/10 = 16\OML/cmm/m/it/10 ig[] N[] G[] []  G[] 
[]  G[] []  G[] []  G[] []  G[] []  G[] []  G[] []
 []


Overfull \hbox (5.93182pt too wide) detected at line 3820
\OMS/cmsy/m/n/10 T[] \OT1/cmr/m/n/10 = 4\OML/cmm/m/it/10 ig[] N[] G[] []  G[] [
]  G[] []  G[] []  G[] []  G[] []  G[] []  G[] []
 []


Overfull \hbox (5.81607pt too wide) detected at line 3823
\OMS/cmsy/m/n/10 T[] \OT1/cmr/m/n/10 = 4\OML/cmm/m/it/10 ig[] N[] G[] []  G[] [
]  G[] []  G[] []  G[] []  G[] []  G[] []  G[] []
 []


Overfull \hbox (5.81607pt too wide) detected at line 3826
\OMS/cmsy/m/n/10 T[] \OT1/cmr/m/n/10 = 4\OML/cmm/m/it/10 ig[] N[] G[] []  G[] [
]  G[] []  G[] []  G[] []  G[] []  G[] []  G[] []
 []


Overfull \hbox (10.11305pt too wide) detected at line 3829
\OMS/cmsy/m/n/10 T[] \OT1/cmr/m/n/10 = 16\OML/cmm/m/it/10 ig[] N[] G[] []  G[] 
[]  G[] []  G[] []  G[] []  G[] []  G[] []  G[] []
 []


Overfull \hbox (5.81607pt too wide) detected at line 3832
\OMS/cmsy/m/n/10 T[] \OT1/cmr/m/n/10 = 4\OML/cmm/m/it/10 ig[] N[] G[] []  G[] [
]  G[] []  G[] []  G[] []  G[] []  G[] []  G[] []
 []


Overfull \hbox (5.81607pt too wide) detected at line 3835
\OMS/cmsy/m/n/10 T[] \OT1/cmr/m/n/10 = 4\OML/cmm/m/it/10 ig[] N[] G[] []  G[] [
]  G[] []  G[] []  G[] []  G[] []  G[] []  G[] []
 []


Overfull \hbox (5.70032pt too wide) detected at line 3838
\OMS/cmsy/m/n/10 T[] \OT1/cmr/m/n/10 = 4\OML/cmm/m/it/10 ig[] N[] G[] []  G[] [
]  G[] []  G[] []  G[] []  G[] []  G[] []  G[] []
 []


Overfull \hbox (10.11305pt too wide) detected at line 3841
\OMS/cmsy/m/n/10 T[] \OT1/cmr/m/n/10 = 16\OML/cmm/m/it/10 ig[] N[] G[] []  G[] 
[]  G[] []  G[] []  G[] []  G[] []  G[] []  G[] []
 []


Overfull \hbox (5.93182pt too wide) detected at line 3844
\OMS/cmsy/m/n/10 T[] \OT1/cmr/m/n/10 = 8\OML/cmm/m/it/10 ig[] N[] G[] []  G[] [
]  G[] []  G[] []  G[] []  G[] []  G[] []  G[] []
 []


Overfull \hbox (5.81607pt too wide) detected at line 3847
\OMS/cmsy/m/n/10 T[] \OT1/cmr/m/n/10 = 8\OML/cmm/m/it/10 ig[] N[] G[] []  G[] [
]  G[] []  G[] []  G[] []  G[] []  G[] []  G[] []
 []


Overfull \hbox (5.81607pt too wide) detected at line 3850
\OMS/cmsy/m/n/10 T[] \OT1/cmr/m/n/10 = 8\OML/cmm/m/it/10 ig[] N[] G[] []  G[] [
]  G[] []  G[] []  G[] []  G[] []  G[] []  G[] []
 []


Overfull \hbox (10.11305pt too wide) detected at line 3853
\OMS/cmsy/m/n/10 T[] \OT1/cmr/m/n/10 = 32\OML/cmm/m/it/10 ig[] N[] G[] []  G[] 
[]  G[] []  G[] []  G[] []  G[] []  G[] []  G[] []
 []


Overfull \hbox (10.2288pt too wide) detected at line 3856
\OMS/cmsy/m/n/10 T[] \OT1/cmr/m/n/10 = 16\OML/cmm/m/it/10 ig[] N[] G[] []  G[] 
[]  G[] []  G[] []  G[] []  G[] []  G[] []  G[] []
 []


Overfull \hbox (10.2288pt too wide) detected at line 3859
\OMS/cmsy/m/n/10 T[] \OT1/cmr/m/n/10 = 16\OML/cmm/m/it/10 ig[] N[] G[] []  G[] 
[]  G[] []  G[] []  G[] []  G[] []  G[] []  G[] []
 []


Overfull \hbox (10.11305pt too wide) detected at line 3862
\OMS/cmsy/m/n/10 T[] \OT1/cmr/m/n/10 = 16\OML/cmm/m/it/10 ig[] N[] G[] []  G[] 
[]  G[] []  G[] []  G[] []  G[] []  G[] []  G[] []
 []


Overfull \hbox (9.52577pt too wide) detected at line 3865
\OMS/cmsy/m/n/10 T[] \OT1/cmr/m/n/10 = 64\OML/cmm/m/it/10 ig[] N[] G[] []  G[] 
[]  G[] []  G[] []  G[] []  G[] []  G[] []  G[] []
 []


Overfull \hbox (5.93182pt too wide) detected at line 3868
\OMS/cmsy/m/n/10 T[] \OT1/cmr/m/n/10 = 4\OML/cmm/m/it/10 ig[] N[] G[] []  G[] [
]  G[] []  G[] []  G[] []  G[] []  G[] []  G[] []
 []


Overfull \hbox (5.81607pt too wide) detected at line 3871
\OMS/cmsy/m/n/10 T[] \OT1/cmr/m/n/10 = 4\OML/cmm/m/it/10 ig[] N[] G[] []  G[] [
]  G[] []  G[] []  G[] []  G[] []  G[] []  G[] []
 []


Overfull \hbox (5.81607pt too wide) detected at line 3874
\OMS/cmsy/m/n/10 T[] \OT1/cmr/m/n/10 = 4\OML/cmm/m/it/10 ig[] N[] G[] []  G[] [
]  G[] []  G[] []  G[] []  G[] []  G[] []  G[] []
 []


Overfull \hbox (10.11305pt too wide) detected at line 3877
\OMS/cmsy/m/n/10 T[] \OT1/cmr/m/n/10 = 16\OML/cmm/m/it/10 ig[] N[] G[] []  G[] 
[]  G[] []  G[] []  G[] []  G[] []  G[] []  G[] []
 []


Overfull \hbox (10.2288pt too wide) detected at line 3880
\OMS/cmsy/m/n/10 T[] \OT1/cmr/m/n/10 = 32\OML/cmm/m/it/10 ig[] N[] G[] []  G[] 
[]  G[] []  G[] []  G[] []  G[] []  G[] []  G[] []
 []


Overfull \hbox (10.2288pt too wide) detected at line 3883
\OMS/cmsy/m/n/10 T[] \OT1/cmr/m/n/10 = 32\OML/cmm/m/it/10 ig[] N[] G[] []  G[] 
[]  G[] []  G[] []  G[] []  G[] []  G[] []  G[] []
 []

[34]
Overfull \hbox (10.11305pt too wide) detected at line 3886
\OMS/cmsy/m/n/10 T[] \OT1/cmr/m/n/10 = 32\OML/cmm/m/it/10 ig[] N[] G[] []  G[] 
[]  G[] []  G[] []  G[] []  G[] []  G[] []  G[] []
 []


Overfull \hbox (14.52579pt too wide) detected at line 3889
\OMS/cmsy/m/n/10 T[] \OT1/cmr/m/n/10 = 128\OML/cmm/m/it/10 ig[] N[] G[] []  G[]
 []  G[] []  G[] []  G[] []  G[] []  G[] []  G[] []
 []


Overfull \hbox (10.34456pt too wide) detected at line 3892
\OMS/cmsy/m/n/10 T[] \OT1/cmr/m/n/10 = 16\OML/cmm/m/it/10 ig[] N[] G[] []  G[] 
[]  G[] []  G[] []  G[] []  G[] []  G[] []  G[] []
 []


Overfull \hbox (10.2288pt too wide) detected at line 3895
\OMS/cmsy/m/n/10 T[] \OT1/cmr/m/n/10 = 16\OML/cmm/m/it/10 ig[] N[] G[] []  G[] 
[]  G[] []  G[] []  G[] []  G[] []  G[] []  G[] []
 []


Overfull \hbox (10.2288pt too wide) detected at line 3898
\OMS/cmsy/m/n/10 T[] \OT1/cmr/m/n/10 = 16\OML/cmm/m/it/10 ig[] N[] G[] []  G[] 
[]  G[] []  G[] []  G[] []  G[] []  G[] []  G[] []
 []


Overfull \hbox (9.52577pt too wide) detected at line 3901
\OMS/cmsy/m/n/10 T[] \OT1/cmr/m/n/10 = 64\OML/cmm/m/it/10 ig[] N[] G[] []  G[] 
[]  G[] []  G[] []  G[] []  G[] []  G[] []  G[] []
 []


Overfull \hbox (5.70032pt too wide) detected at line 3904
\OMS/cmsy/m/n/10 T[] \OT1/cmr/m/n/10 = 4\OML/cmm/m/it/10 ig[] N[] G[] []  G[] [
]  G[] []  G[] []  G[] []  G[] []  G[] []  G[] []
 []


Overfull \hbox (10.11305pt too wide) detected at line 3907
\OMS/cmsy/m/n/10 T[] \OT1/cmr/m/n/10 = 16\OML/cmm/m/it/10 ig[] N[] G[] []  G[] 
[]  G[] []  G[] []  G[] []  G[] []  G[] []  G[] []
 []


Overfull \hbox (9.9973pt too wide) detected at line 3910
\OMS/cmsy/m/n/10 T[] \OT1/cmr/m/n/10 = 16\OML/cmm/m/it/10 ig[] N[] G[] []  G[] 
[]  G[] []  G[] []  G[] []  G[] []  G[] []  G[] []
 []


Overfull \hbox (9.9973pt too wide) detected at line 3913
\OMS/cmsy/m/n/10 T[] \OT1/cmr/m/n/10 = 16\OML/cmm/m/it/10 ig[] N[] G[] []  G[] 
[]  G[] []  G[] []  G[] []  G[] []  G[] []  G[] []
 []


Overfull \hbox (5.81607pt too wide) detected at line 3916
\OMS/cmsy/m/n/10 T[] \OT1/cmr/m/n/10 = 4\OML/cmm/m/it/10 ig[] N[] G[] []  G[] [
]  G[] []  G[] []  G[] []  G[] []  G[] []  G[] []
 []


Overfull \hbox (10.11305pt too wide) detected at line 3919
\OMS/cmsy/m/n/10 T[] \OT1/cmr/m/n/10 = 16\OML/cmm/m/it/10 ig[] N[] G[] []  G[] 
[]  G[] []  G[] []  G[] []  G[] []  G[] []  G[] []
 []


Overfull \hbox (10.11305pt too wide) detected at line 3922
\OMS/cmsy/m/n/10 T[] \OT1/cmr/m/n/10 = 16\OML/cmm/m/it/10 ig[] N[] G[] []  G[] 
[]  G[] []  G[] []  G[] []  G[] []  G[] []  G[] []
 []


Overfull \hbox (9.9973pt too wide) detected at line 3925
\OMS/cmsy/m/n/10 T[] \OT1/cmr/m/n/10 = 16\OML/cmm/m/it/10 ig[] N[] G[] []  G[] 
[]  G[] []  G[] []  G[] []  G[] []  G[] []  G[] []
 []


Overfull \hbox (5.81607pt too wide) detected at line 3928
\OMS/cmsy/m/n/10 T[] \OT1/cmr/m/n/10 = 8\OML/cmm/m/it/10 ig[] N[] G[] []  G[] [
]  G[] []  G[] []  G[] []  G[] []  G[] []  G[] []
 []


Overfull \hbox (5.70032pt too wide) detected at line 3931
\OMS/cmsy/m/n/10 T[] \OT1/cmr/m/n/10 = 8\OML/cmm/m/it/10 ig[] N[] G[] []  G[] [
]  G[] []  G[] []  G[] []  G[] []  G[] []  G[] []
 []


Overfull \hbox (5.70032pt too wide) detected at line 3934
\OMS/cmsy/m/n/10 T[] \OT1/cmr/m/n/10 = 8\OML/cmm/m/it/10 ig[] N[] G[] []  G[] [
]  G[] []  G[] []  G[] []  G[] []  G[] []  G[] []
 []


Overfull \hbox (9.9973pt too wide) detected at line 3937
\OMS/cmsy/m/n/10 T[] \OT1/cmr/m/n/10 = 32\OML/cmm/m/it/10 ig[] N[] G[] []  G[] 
[]  G[] []  G[] []  G[] []  G[] []  G[] []  G[] []
 []


Overfull \hbox (5.81607pt too wide) detected at line 3940
\OMS/cmsy/m/n/10 T[] \OT1/cmr/m/n/10 = 8\OML/cmm/m/it/10 ig[] N[] G[] []  G[] [
]  G[] []  G[] []  G[] []  G[] []  G[] []  G[] []
 []


Overfull \hbox (10.11305pt too wide) detected at line 3943
\OMS/cmsy/m/n/10 T[] \OT1/cmr/m/n/10 = 32\OML/cmm/m/it/10 ig[] N[] G[] []  G[] 
[]  G[] []  G[] []  G[] []  G[] []  G[] []  G[] []
 []


Overfull \hbox (10.11305pt too wide) detected at line 3946
\OMS/cmsy/m/n/10 T[] \OT1/cmr/m/n/10 = 32\OML/cmm/m/it/10 ig[] N[] G[] []  G[] 
[]  G[] []  G[] []  G[] []  G[] []  G[] []  G[] []
 []


Overfull \hbox (9.9973pt too wide) detected at line 3949
\OMS/cmsy/m/n/10 T[] \OT1/cmr/m/n/10 = 32\OML/cmm/m/it/10 ig[] N[] G[] []  G[] 
[]  G[] []  G[] []  G[] []  G[] []  G[] []  G[] []
 []


Overfull \hbox (10.11305pt too wide) detected at line 3952
\OMS/cmsy/m/n/10 T[] \OT1/cmr/m/n/10 = 32\OML/cmm/m/it/10 ig[] N[] G[] []  G[] 
[]  G[] []  G[] []  G[] []  G[] []  G[] []  G[] []
 []


Overfull \hbox (10.11305pt too wide) detected at line 3955
\OMS/cmsy/m/n/10 T[] \OT1/cmr/m/n/10 = 32\OML/cmm/m/it/10 ig[] N[] G[] []  G[] 
[]  G[] []  G[] []  G[] []  G[] []  G[] []  G[] []
 []


Overfull \hbox (9.9973pt too wide) detected at line 3958
\OMS/cmsy/m/n/10 T[] \OT1/cmr/m/n/10 = 32\OML/cmm/m/it/10 ig[] N[] G[] []  G[] 
[]  G[] []  G[] []  G[] []  G[] []  G[] []  G[] []
 []


Overfull \hbox (14.41003pt too wide) detected at line 3961
\OMS/cmsy/m/n/10 T[] \OT1/cmr/m/n/10 = 128\OML/cmm/m/it/10 ig[] N[] G[] []  G[]
 []  G[] []  G[] []  G[] []  G[] []  G[] []  G[] []
 []


Overfull \hbox (10.11305pt too wide) detected at line 3964
\OMS/cmsy/m/n/10 T[] \OT1/cmr/m/n/10 = 32\OML/cmm/m/it/10 ig[] N[] G[] []  G[] 
[]  G[] []  G[] []  G[] []  G[] []  G[] []  G[] []
 []


Overfull \hbox (14.52579pt too wide) detected at line 3967
\OMS/cmsy/m/n/10 T[] \OT1/cmr/m/n/10 = 128\OML/cmm/m/it/10 ig[] N[] G[] []  G[]
 []  G[] []  G[] []  G[] []  G[] []  G[] []  G[] []
 []


Overfull \hbox (14.41003pt too wide) detected at line 3970
\OMS/cmsy/m/n/10 T[] \OT1/cmr/m/n/10 = 128\OML/cmm/m/it/10 ig[] N[] G[] []  G[]
 []  G[] []  G[] []  G[] []  G[] []  G[] []  G[] []
 []


Overfull \hbox (14.41003pt too wide) detected at line 3973
\OMS/cmsy/m/n/10 T[] \OT1/cmr/m/n/10 = 128\OML/cmm/m/it/10 ig[] N[] G[] []  G[]
 []  G[] []  G[] []  G[] []  G[] []  G[] []  G[] []
 []


Overfull \hbox (10.11305pt too wide) detected at line 3976
\OMS/cmsy/m/n/10 T[] \OT1/cmr/m/n/10 = 32\OML/cmm/m/it/10 ig[] N[] G[] []  G[] 
[]  G[] []  G[] []  G[] []  G[] []  G[] []  G[] []
 []


Overfull \hbox (10.11305pt too wide) detected at line 3979
\OMS/cmsy/m/n/10 T[] \OT1/cmr/m/n/10 = 32\OML/cmm/m/it/10 ig[] N[] G[] []  G[] 
[]  G[] []  G[] []  G[] []  G[] []  G[] []  G[] []
 []


Overfull \hbox (9.9973pt too wide) detected at line 3982
\OMS/cmsy/m/n/10 T[] \OT1/cmr/m/n/10 = 32\OML/cmm/m/it/10 ig[] N[] G[] []  G[] 
[]  G[] []  G[] []  G[] []  G[] []  G[] []  G[] []
 []


Overfull \hbox (14.41003pt too wide) detected at line 3985
\OMS/cmsy/m/n/10 T[] \OT1/cmr/m/n/10 = 128\OML/cmm/m/it/10 ig[] N[] G[] []  G[]
 []  G[] []  G[] []  G[] []  G[] []  G[] []  G[] []
 []


Overfull \hbox (10.11305pt too wide) detected at line 3988
\OMS/cmsy/m/n/10 T[] \OT1/cmr/m/n/10 = 32\OML/cmm/m/it/10 ig[] N[] G[] []  G[] 
[]  G[] []  G[] []  G[] []  G[] []  G[] []  G[] []
 []


Overfull \hbox (14.52579pt too wide) detected at line 3991
\OMS/cmsy/m/n/10 T[] \OT1/cmr/m/n/10 = 128\OML/cmm/m/it/10 ig[] N[] G[] []  G[]
 []  G[] []  G[] []  G[] []  G[] []  G[] []  G[] []
 []


Overfull \hbox (14.41003pt too wide) detected at line 3994
\OMS/cmsy/m/n/10 T[] \OT1/cmr/m/n/10 = 128\OML/cmm/m/it/10 ig[] N[] G[] []  G[]
 []  G[] []  G[] []  G[] []  G[] []  G[] []  G[] []
 []


Overfull \hbox (14.41003pt too wide) detected at line 3997
\OMS/cmsy/m/n/10 T[] \OT1/cmr/m/n/10 = 128\OML/cmm/m/it/10 ig[] N[] G[] []  G[]
 []  G[] []  G[] []  G[] []  G[] []  G[] []  G[] []
 []

[35]
Overfull \hbox (10.2288pt too wide) detected at line 4000
\OMS/cmsy/m/n/10 T[] \OT1/cmr/m/n/10 = 32\OML/cmm/m/it/10 ig[] N[] G[] []  G[] 
[]  G[] []  G[] []  G[] []  G[] []  G[] []  G[] []
 []


Overfull \hbox (10.11305pt too wide) detected at line 4003
\OMS/cmsy/m/n/10 T[] \OT1/cmr/m/n/10 = 32\OML/cmm/m/it/10 ig[] N[] G[] []  G[] 
[]  G[] []  G[] []  G[] []  G[] []  G[] []  G[] []
 []


Overfull \hbox (10.11305pt too wide) detected at line 4006
\OMS/cmsy/m/n/10 T[] \OT1/cmr/m/n/10 = 32\OML/cmm/m/it/10 ig[] N[] G[] []  G[] 
[]  G[] []  G[] []  G[] []  G[] []  G[] []  G[] []
 []


Overfull \hbox (14.41003pt too wide) detected at line 4009
\OMS/cmsy/m/n/10 T[] \OT1/cmr/m/n/10 = 128\OML/cmm/m/it/10 ig[] N[] G[] []  G[]
 []  G[] []  G[] []  G[] []  G[] []  G[] []  G[] []
 []


Overfull \hbox (10.2288pt too wide) detected at line 4012
\OMS/cmsy/m/n/10 T[] \OT1/cmr/m/n/10 = 32\OML/cmm/m/it/10 ig[] N[] G[] []  G[] 
[]  G[] []  G[] []  G[] []  G[] []  G[] []  G[] []
 []


Overfull \hbox (14.52579pt too wide) detected at line 4015
\OMS/cmsy/m/n/10 T[] \OT1/cmr/m/n/10 = 128\OML/cmm/m/it/10 ig[] N[] G[] []  G[]
 []  G[] []  G[] []  G[] []  G[] []  G[] []  G[] []
 []


Overfull \hbox (14.52579pt too wide) detected at line 4018
\OMS/cmsy/m/n/10 T[] \OT1/cmr/m/n/10 = 128\OML/cmm/m/it/10 ig[] N[] G[] []  G[]
 []  G[] []  G[] []  G[] []  G[] []  G[] []  G[] []
 []


Overfull \hbox (14.41003pt too wide) detected at line 4021
\OMS/cmsy/m/n/10 T[] \OT1/cmr/m/n/10 = 128\OML/cmm/m/it/10 ig[] N[] G[] []  G[]
 []  G[] []  G[] []  G[] []  G[] []  G[] []  G[] []
 []


Overfull \hbox (5.70032pt too wide) detected at line 4024
\OMS/cmsy/m/n/10 T[] \OT1/cmr/m/n/10 = 4\OML/cmm/m/it/10 ig[] N[] G[] []  G[] [
]  G[] []  G[] []  G[] []  G[] []  G[] []  G[] []
 []


Overfull \hbox (10.11305pt too wide) detected at line 4027
\OMS/cmsy/m/n/10 T[] \OT1/cmr/m/n/10 = 16\OML/cmm/m/it/10 ig[] N[] G[] []  G[] 
[]  G[] []  G[] []  G[] []  G[] []  G[] []  G[] []
 []


Overfull \hbox (9.9973pt too wide) detected at line 4030
\OMS/cmsy/m/n/10 T[] \OT1/cmr/m/n/10 = 16\OML/cmm/m/it/10 ig[] N[] G[] []  G[] 
[]  G[] []  G[] []  G[] []  G[] []  G[] []  G[] []
 []


Overfull \hbox (9.9973pt too wide) detected at line 4033
\OMS/cmsy/m/n/10 T[] \OT1/cmr/m/n/10 = 16\OML/cmm/m/it/10 ig[] N[] G[] []  G[] 
[]  G[] []  G[] []  G[] []  G[] []  G[] []  G[] []
 []


Overfull \hbox (5.81607pt too wide) detected at line 4036
\OMS/cmsy/m/n/10 T[] \OT1/cmr/m/n/10 = 8\OML/cmm/m/it/10 ig[] N[] G[] []  G[] [
]  G[] []  G[] []  G[] []  G[] []  G[] []  G[] []
 []


Overfull \hbox (10.11305pt too wide) detected at line 4039
\OMS/cmsy/m/n/10 T[] \OT1/cmr/m/n/10 = 32\OML/cmm/m/it/10 ig[] N[] G[] []  G[] 
[]  G[] []  G[] []  G[] []  G[] []  G[] []  G[] []
 []


Overfull \hbox (10.11305pt too wide) detected at line 4042
\OMS/cmsy/m/n/10 T[] \OT1/cmr/m/n/10 = 32\OML/cmm/m/it/10 ig[] N[] G[] []  G[] 
[]  G[] []  G[] []  G[] []  G[] []  G[] []  G[] []
 []


Overfull \hbox (9.9973pt too wide) detected at line 4045
\OMS/cmsy/m/n/10 T[] \OT1/cmr/m/n/10 = 32\OML/cmm/m/it/10 ig[] N[] G[] []  G[] 
[]  G[] []  G[] []  G[] []  G[] []  G[] []  G[] []
 []


Overfull \hbox (10.11305pt too wide) detected at line 4048
\OMS/cmsy/m/n/10 T[] \OT1/cmr/m/n/10 = 16\OML/cmm/m/it/10 ig[] N[] G[] []  G[] 
[]  G[] []  G[] []  G[] []  G[] []  G[] []  G[] []
 []


Overfull \hbox (9.52577pt too wide) detected at line 4051
\OMS/cmsy/m/n/10 T[] \OT1/cmr/m/n/10 = 64\OML/cmm/m/it/10 ig[] N[] G[] []  G[] 
[]  G[] []  G[] []  G[] []  G[] []  G[] []  G[] []
 []


Overfull \hbox (9.41002pt too wide) detected at line 4054
\OMS/cmsy/m/n/10 T[] \OT1/cmr/m/n/10 = 64\OML/cmm/m/it/10 ig[] N[] G[] []  G[] 
[]  G[] []  G[] []  G[] []  G[] []  G[] []  G[] []
 []


Overfull \hbox (9.41002pt too wide) detected at line 4057
\OMS/cmsy/m/n/10 T[] \OT1/cmr/m/n/10 = 64\OML/cmm/m/it/10 ig[] N[] G[] []  G[] 
[]  G[] []  G[] []  G[] []  G[] []  G[] []  G[] []
 []


Overfull \hbox (5.81607pt too wide) detected at line 4060
\OMS/cmsy/m/n/10 T[] \OT1/cmr/m/n/10 = 4\OML/cmm/m/it/10 ig[] N[] G[] []  G[] [
]  G[] []  G[] []  G[] []  G[] []  G[] []  G[] []
 []


Overfull \hbox (10.11305pt too wide) detected at line 4063
\OMS/cmsy/m/n/10 T[] \OT1/cmr/m/n/10 = 16\OML/cmm/m/it/10 ig[] N[] G[] []  G[] 
[]  G[] []  G[] []  G[] []  G[] []  G[] []  G[] []
 []


Overfull \hbox (10.11305pt too wide) detected at line 4066
\OMS/cmsy/m/n/10 T[] \OT1/cmr/m/n/10 = 16\OML/cmm/m/it/10 ig[] N[] G[] []  G[] 
[]  G[] []  G[] []  G[] []  G[] []  G[] []  G[] []
 []


Overfull \hbox (9.9973pt too wide) detected at line 4069
\OMS/cmsy/m/n/10 T[] \OT1/cmr/m/n/10 = 16\OML/cmm/m/it/10 ig[] N[] G[] []  G[] 
[]  G[] []  G[] []  G[] []  G[] []  G[] []  G[] []
 []


Overfull \hbox (10.11305pt too wide) detected at line 4072
\OMS/cmsy/m/n/10 T[] \OT1/cmr/m/n/10 = 32\OML/cmm/m/it/10 ig[] N[] G[] []  G[] 
[]  G[] []  G[] []  G[] []  G[] []  G[] []  G[] []
 []


Overfull \hbox (14.52579pt too wide) detected at line 4075
\OMS/cmsy/m/n/10 T[] \OT1/cmr/m/n/10 = 128\OML/cmm/m/it/10 ig[] N[] G[] []  G[]
 []  G[] []  G[] []  G[] []  G[] []  G[] []  G[] []
 []


Overfull \hbox (14.41003pt too wide) detected at line 4078
\OMS/cmsy/m/n/10 T[] \OT1/cmr/m/n/10 = 128\OML/cmm/m/it/10 ig[] N[] G[] []  G[]
 []  G[] []  G[] []  G[] []  G[] []  G[] []  G[] []
 []


Overfull \hbox (14.41003pt too wide) detected at line 4081
\OMS/cmsy/m/n/10 T[] \OT1/cmr/m/n/10 = 128\OML/cmm/m/it/10 ig[] N[] G[] []  G[]
 []  G[] []  G[] []  G[] []  G[] []  G[] []  G[] []
 []


Overfull \hbox (10.2288pt too wide) detected at line 4084
\OMS/cmsy/m/n/10 T[] \OT1/cmr/m/n/10 = 16\OML/cmm/m/it/10 ig[] N[] G[] []  G[] 
[]  G[] []  G[] []  G[] []  G[] []  G[] []  G[] []
 []


Overfull \hbox (9.52577pt too wide) detected at line 4087
\OMS/cmsy/m/n/10 T[] \OT1/cmr/m/n/10 = 64\OML/cmm/m/it/10 ig[] N[] G[] []  G[] 
[]  G[] []  G[] []  G[] []  G[] []  G[] []  G[] []
 []


Overfull \hbox (9.52577pt too wide) detected at line 4090
\OMS/cmsy/m/n/10 T[] \OT1/cmr/m/n/10 = 64\OML/cmm/m/it/10 ig[] N[] G[] []  G[] 
[]  G[] []  G[] []  G[] []  G[] []  G[] []  G[] []
 []


Overfull \hbox (9.41002pt too wide) detected at line 4093
\OMS/cmsy/m/n/10 T[] \OT1/cmr/m/n/10 = 64\OML/cmm/m/it/10 ig[] N[] G[] []  G[] 
[]  G[] []  G[] []  G[] []  G[] []  G[] []  G[] []
 []


Overfull \hbox (6.63486pt too wide) detected at line 4096
\OMS/cmsy/m/n/10 T[] \OT1/cmr/m/n/10 = 2\OML/cmm/m/it/10 ig[] N[] G[] []  G[] [
]  G[] []  G[] []  G[] []  G[] []  G[] []  G[] []
 []


Overfull \hbox (6.5191pt too wide) detected at line 4099
\OMS/cmsy/m/n/10 T[] \OT1/cmr/m/n/10 = 2\OML/cmm/m/it/10 ig[] N[] G[] []  G[] [
]  G[] []  G[] []  G[] []  G[] []  G[] []  G[] []
 []


Overfull \hbox (5.93182pt too wide) detected at line 4102
\OMS/cmsy/m/n/10 T[] \OT1/cmr/m/n/10 = 8\OML/cmm/m/it/10 ig[] N[] G[] []  G[] [
]  G[] []  G[] []  G[] []  G[] []  G[] []  G[] []
 []


Overfull \hbox (5.93182pt too wide) detected at line 4105
\OMS/cmsy/m/n/10 T[] \OT1/cmr/m/n/10 = 8\OML/cmm/m/it/10 ig[] N[] G[] []  G[] [
]  G[] []  G[] []  G[] []  G[] []  G[] []  G[] []
 []


Overfull \hbox (6.5191pt too wide) detected at line 4108
\OMS/cmsy/m/n/10 T[] \OT1/cmr/m/n/10 = 2\OML/cmm/m/it/10 ig[] N[] G[] []  G[] [
]  G[] []  G[] []  G[] []  G[] []  G[] []  G[] []
 []


Overfull \hbox (5.81607pt too wide) detected at line 4111
\OMS/cmsy/m/n/10 T[] \OT1/cmr/m/n/10 = 8\OML/cmm/m/it/10 ig[] N[] G[] []  G[] [
]  G[] []  G[] []  G[] []  G[] []  G[] []  G[] []
 []

[36]
Overfull \hbox (5.81607pt too wide) detected at line 4114
\OMS/cmsy/m/n/10 T[] \OT1/cmr/m/n/10 = 8\OML/cmm/m/it/10 ig[] N[] G[] []  G[] [
]  G[] []  G[] []  G[] []  G[] []  G[] []  G[] []
 []


Overfull \hbox (10.2288pt too wide) detected at line 4117
\OMS/cmsy/m/n/10 T[] \OT1/cmr/m/n/10 = 32\OML/cmm/m/it/10 ig[] N[] G[] []  G[] 
[]  G[] []  G[] []  G[] []  G[] []  G[] []  G[] []
 []


Overfull \hbox (5.93182pt too wide) detected at line 4120
\OMS/cmsy/m/n/10 T[] \OT1/cmr/m/n/10 = 8\OML/cmm/m/it/10 ig[] N[] G[] []  G[] [
]  G[] []  G[] []  G[] []  G[] []  G[] []  G[] []
 []


Overfull \hbox (5.81607pt too wide) detected at line 4123
\OMS/cmsy/m/n/10 T[] \OT1/cmr/m/n/10 = 8\OML/cmm/m/it/10 ig[] N[] G[] []  G[] [
]  G[] []  G[] []  G[] []  G[] []  G[] []  G[] []
 []


Overfull \hbox (5.81607pt too wide) detected at line 4126
\OMS/cmsy/m/n/10 T[] \OT1/cmr/m/n/10 = 8\OML/cmm/m/it/10 ig[] N[] G[] []  G[] [
]  G[] []  G[] []  G[] []  G[] []  G[] []  G[] []
 []


Overfull \hbox (5.81607pt too wide) detected at line 4129
\OMS/cmsy/m/n/10 T[] \OT1/cmr/m/n/10 = 8\OML/cmm/m/it/10 ig[] N[] G[] []  G[] [
]  G[] []  G[] []  G[] []  G[] []  G[] []  G[] []
 []


Overfull \hbox (5.81607pt too wide) detected at line 4132
\OMS/cmsy/m/n/10 T[] \OT1/cmr/m/n/10 = 8\OML/cmm/m/it/10 ig[] N[] G[] []  G[] [
]  G[] []  G[] []  G[] []  G[] []  G[] []  G[] []
 []


Overfull \hbox (5.70032pt too wide) detected at line 4135
\OMS/cmsy/m/n/10 T[] \OT1/cmr/m/n/10 = 8\OML/cmm/m/it/10 ig[] N[] G[] []  G[] [
]  G[] []  G[] []  G[] []  G[] []  G[] []  G[] []
 []


Overfull \hbox (10.11305pt too wide) detected at line 4138
\OMS/cmsy/m/n/10 T[] \OT1/cmr/m/n/10 = 32\OML/cmm/m/it/10 ig[] N[] G[] []  G[] 
[]  G[] []  G[] []  G[] []  G[] []  G[] []  G[] []
 []


Overfull \hbox (10.11305pt too wide) detected at line 4141
\OMS/cmsy/m/n/10 T[] \OT1/cmr/m/n/10 = 32\OML/cmm/m/it/10 ig[] N[] G[] []  G[] 
[]  G[] []  G[] []  G[] []  G[] []  G[] []  G[] []
 []


Overfull \hbox (6.5191pt too wide) detected at line 4144
\OMS/cmsy/m/n/10 T[] \OT1/cmr/m/n/10 = 2\OML/cmm/m/it/10 ig[] N[] G[] []  G[] [
]  G[] []  G[] []  G[] []  G[] []  G[] []  G[] []
 []


Overfull \hbox (5.81607pt too wide) detected at line 4147
\OMS/cmsy/m/n/10 T[] \OT1/cmr/m/n/10 = 8\OML/cmm/m/it/10 ig[] N[] G[] []  G[] [
]  G[] []  G[] []  G[] []  G[] []  G[] []  G[] []
 []


Overfull \hbox (5.81607pt too wide) detected at line 4150
\OMS/cmsy/m/n/10 T[] \OT1/cmr/m/n/10 = 8\OML/cmm/m/it/10 ig[] N[] G[] []  G[] [
]  G[] []  G[] []  G[] []  G[] []  G[] []  G[] []
 []


Overfull \hbox (10.2288pt too wide) detected at line 4153
\OMS/cmsy/m/n/10 T[] \OT1/cmr/m/n/10 = 32\OML/cmm/m/it/10 ig[] N[] G[] []  G[] 
[]  G[] []  G[] []  G[] []  G[] []  G[] []  G[] []
 []


Overfull \hbox (5.81607pt too wide) detected at line 4156
\OMS/cmsy/m/n/10 T[] \OT1/cmr/m/n/10 = 8\OML/cmm/m/it/10 ig[] N[] G[] []  G[] [
]  G[] []  G[] []  G[] []  G[] []  G[] []  G[] []
 []


Overfull \hbox (5.70032pt too wide) detected at line 4159
\OMS/cmsy/m/n/10 T[] \OT1/cmr/m/n/10 = 8\OML/cmm/m/it/10 ig[] N[] G[] []  G[] [
]  G[] []  G[] []  G[] []  G[] []  G[] []  G[] []
 []


Overfull \hbox (10.11305pt too wide) detected at line 4162
\OMS/cmsy/m/n/10 T[] \OT1/cmr/m/n/10 = 32\OML/cmm/m/it/10 ig[] N[] G[] []  G[] 
[]  G[] []  G[] []  G[] []  G[] []  G[] []  G[] []
 []


Overfull \hbox (10.11305pt too wide) detected at line 4165
\OMS/cmsy/m/n/10 T[] \OT1/cmr/m/n/10 = 32\OML/cmm/m/it/10 ig[] N[] G[] []  G[] 
[]  G[] []  G[] []  G[] []  G[] []  G[] []  G[] []
 []


Overfull \hbox (5.81607pt too wide) detected at line 4168
\OMS/cmsy/m/n/10 T[] \OT1/cmr/m/n/10 = 8\OML/cmm/m/it/10 ig[] N[] G[] []  G[] [
]  G[] []  G[] []  G[] []  G[] []  G[] []  G[] []
 []


Overfull \hbox (5.70032pt too wide) detected at line 4171
\OMS/cmsy/m/n/10 T[] \OT1/cmr/m/n/10 = 8\OML/cmm/m/it/10 ig[] N[] G[] []  G[] [
]  G[] []  G[] []  G[] []  G[] []  G[] []  G[] []
 []


Overfull \hbox (10.11305pt too wide) detected at line 4174
\OMS/cmsy/m/n/10 T[] \OT1/cmr/m/n/10 = 32\OML/cmm/m/it/10 ig[] N[] G[] []  G[] 
[]  G[] []  G[] []  G[] []  G[] []  G[] []  G[] []
 []


Overfull \hbox (10.11305pt too wide) detected at line 4177
\OMS/cmsy/m/n/10 T[] \OT1/cmr/m/n/10 = 32\OML/cmm/m/it/10 ig[] N[] G[] []  G[] 
[]  G[] []  G[] []  G[] []  G[] []  G[] []  G[] []
 []


Overfull \hbox (10.11305pt too wide) detected at line 4180
\OMS/cmsy/m/n/10 T[] \OT1/cmr/m/n/10 = 32\OML/cmm/m/it/10 ig[] N[] G[] []  G[] 
[]  G[] []  G[] []  G[] []  G[] []  G[] []  G[] []
 []


Overfull \hbox (9.9973pt too wide) detected at line 4183
\OMS/cmsy/m/n/10 T[] \OT1/cmr/m/n/10 = 32\OML/cmm/m/it/10 ig[] N[] G[] []  G[] 
[]  G[] []  G[] []  G[] []  G[] []  G[] []  G[] []
 []


Overfull \hbox (9.9973pt too wide) detected at line 4186
\OMS/cmsy/m/n/10 T[] \OT1/cmr/m/n/10 = 32\OML/cmm/m/it/10 ig[] N[] G[] []  G[] 
[]  G[] []  G[] []  G[] []  G[] []  G[] []  G[] []
 []


Overfull \hbox (9.9973pt too wide) detected at line 4189
\OMS/cmsy/m/n/10 T[] \OT1/cmr/m/n/10 = 32\OML/cmm/m/it/10 ig[] N[] G[] []  G[] 
[]  G[] []  G[] []  G[] []  G[] []  G[] []  G[] []
 []


Overfull \hbox (1.63484pt too wide) detected at line 4192
\OMS/cmsy/m/n/10 T[] \OT1/cmr/m/n/10 = \OML/cmm/m/it/10 ig[] N[] G[] []  G[] []
  G[] []  G[] []  G[] []  G[] []  G[] []  G[] []
 []


Overfull \hbox (6.04758pt too wide) detected at line 4195
\OMS/cmsy/m/n/10 T[] \OT1/cmr/m/n/10 = 4\OML/cmm/m/it/10 ig[] N[] G[] []  G[] [
]  G[] []  G[] []  G[] []  G[] []  G[] []  G[] []
 []


Overfull \hbox (6.63486pt too wide) detected at line 4198
\OMS/cmsy/m/n/10 T[] \OT1/cmr/m/n/10 = 2\OML/cmm/m/it/10 ig[] N[] G[] []  G[] [
]  G[] []  G[] []  G[] []  G[] []  G[] []  G[] []
 []


Overfull \hbox (5.93182pt too wide) detected at line 4201
\OMS/cmsy/m/n/10 T[] \OT1/cmr/m/n/10 = 8\OML/cmm/m/it/10 ig[] N[] G[] []  G[] [
]  G[] []  G[] []  G[] []  G[] []  G[] []  G[] []
 []


Overfull \hbox (5.93182pt too wide) detected at line 4204
\OMS/cmsy/m/n/10 T[] \OT1/cmr/m/n/10 = 8\OML/cmm/m/it/10 ig[] N[] G[] []  G[] [
]  G[] []  G[] []  G[] []  G[] []  G[] []  G[] []
 []


Overfull \hbox (5.81607pt too wide) detected at line 4207
\OMS/cmsy/m/n/10 T[] \OT1/cmr/m/n/10 = 4\OML/cmm/m/it/10 ig[] N[] G[] []  G[] [
]  G[] []  G[] []  G[] []  G[] []  G[] []  G[] []
 []


Overfull \hbox (10.2288pt too wide) detected at line 4210
\OMS/cmsy/m/n/10 T[] \OT1/cmr/m/n/10 = 16\OML/cmm/m/it/10 ig[] N[] G[] []  G[] 
[]  G[] []  G[] []  G[] []  G[] []  G[] []  G[] []
 []


Overfull \hbox (10.2288pt too wide) detected at line 4213
\OMS/cmsy/m/n/10 T[] \OT1/cmr/m/n/10 = 32\OML/cmm/m/it/10 ig[] N[] G[] []  G[] 
[]  G[] []  G[] []  G[] []  G[] []  G[] []  G[] []
 []


Overfull \hbox (5.81607pt too wide) detected at line 4216
\OMS/cmsy/m/n/10 T[] \OT1/cmr/m/n/10 = 4\OML/cmm/m/it/10 ig[] N[] G[] []  G[] [
]  G[] []  G[] []  G[] []  G[] []  G[] []  G[] []
 []


Overfull \hbox (10.2288pt too wide) detected at line 4219
\OMS/cmsy/m/n/10 T[] \OT1/cmr/m/n/10 = 16\OML/cmm/m/it/10 ig[] N[] G[] []  G[] 
[]  G[] []  G[] []  G[] []  G[] []  G[] []  G[] []
 []


Overfull \hbox (10.2288pt too wide) detected at line 4222
\OMS/cmsy/m/n/10 T[] \OT1/cmr/m/n/10 = 16\OML/cmm/m/it/10 ig[] N[] G[] []  G[] 
[]  G[] []  G[] []  G[] []  G[] []  G[] []  G[] []
 []


Overfull \hbox (9.64153pt too wide) detected at line 4225
\OMS/cmsy/m/n/10 T[] \OT1/cmr/m/n/10 = 64\OML/cmm/m/it/10 ig[] N[] G[] []  G[] 
[]  G[] []  G[] []  G[] []  G[] []  G[] []  G[] []
 []

[37]
Overfull \hbox (5.93182pt too wide) detected at line 4228
\OMS/cmsy/m/n/10 T[] \OT1/cmr/m/n/10 = 4\OML/cmm/m/it/10 ig[] N[] G[] []  G[] [
]  G[] []  G[] []  G[] []  G[] []  G[] []  G[] []
 []


Overfull \hbox (5.93182pt too wide) detected at line 4231
\OMS/cmsy/m/n/10 T[] \OT1/cmr/m/n/10 = 4\OML/cmm/m/it/10 ig[] N[] G[] []  G[] [
]  G[] []  G[] []  G[] []  G[] []  G[] []  G[] []
 []


Overfull \hbox (5.93182pt too wide) detected at line 4234
\OMS/cmsy/m/n/10 T[] \OT1/cmr/m/n/10 = 8\OML/cmm/m/it/10 ig[] N[] G[] []  G[] [
]  G[] []  G[] []  G[] []  G[] []  G[] []  G[] []
 []


Overfull \hbox (5.81607pt too wide) detected at line 4237
\OMS/cmsy/m/n/10 T[] \OT1/cmr/m/n/10 = 8\OML/cmm/m/it/10 ig[] N[] G[] []  G[] [
]  G[] []  G[] []  G[] []  G[] []  G[] []  G[] []
 []


Overfull \hbox (10.2288pt too wide) detected at line 4240
\OMS/cmsy/m/n/10 T[] \OT1/cmr/m/n/10 = 32\OML/cmm/m/it/10 ig[] N[] G[] []  G[] 
[]  G[] []  G[] []  G[] []  G[] []  G[] []  G[] []
 []


Overfull \hbox (10.11305pt too wide) detected at line 4243
\OMS/cmsy/m/n/10 T[] \OT1/cmr/m/n/10 = 16\OML/cmm/m/it/10 ig[] N[] G[] []  G[] 
[]  G[] []  G[] []  G[] []  G[] []  G[] []  G[] []
 []


Overfull \hbox (10.11305pt too wide) detected at line 4246
\OMS/cmsy/m/n/10 T[] \OT1/cmr/m/n/10 = 16\OML/cmm/m/it/10 ig[] N[] G[] []  G[] 
[]  G[] []  G[] []  G[] []  G[] []  G[] []  G[] []
 []


Overfull \hbox (10.11305pt too wide) detected at line 4249
\OMS/cmsy/m/n/10 T[] \OT1/cmr/m/n/10 = 32\OML/cmm/m/it/10 ig[] N[] G[] []  G[] 
[]  G[] []  G[] []  G[] []  G[] []  G[] []  G[] []
 []


Overfull \hbox (10.11305pt too wide) detected at line 4252
\OMS/cmsy/m/n/10 T[] \OT1/cmr/m/n/10 = 16\OML/cmm/m/it/10 ig[] N[] G[] []  G[] 
[]  G[] []  G[] []  G[] []  G[] []  G[] []  G[] []
 []


Overfull \hbox (9.52577pt too wide) detected at line 4255
\OMS/cmsy/m/n/10 T[] \OT1/cmr/m/n/10 = 64\OML/cmm/m/it/10 ig[] N[] G[] []  G[] 
[]  G[] []  G[] []  G[] []  G[] []  G[] []  G[] []
 []


Overfull \hbox (10.11305pt too wide) detected at line 4258
\OMS/cmsy/m/n/10 T[] \OT1/cmr/m/n/10 = 16\OML/cmm/m/it/10 ig[] N[] G[] []  G[] 
[]  G[] []  G[] []  G[] []  G[] []  G[] []  G[] []
 []


Overfull \hbox (9.52577pt too wide) detected at line 4261
\OMS/cmsy/m/n/10 T[] \OT1/cmr/m/n/10 = 64\OML/cmm/m/it/10 ig[] N[] G[] []  G[] 
[]  G[] []  G[] []  G[] []  G[] []  G[] []  G[] []
 []


Overfull \hbox (1.63484pt too wide) detected at line 4264
\OMS/cmsy/m/n/10 T[] \OT1/cmr/m/n/10 = \OML/cmm/m/it/10 ig[] N[] G[] []  G[] []
  G[] []  G[] []  G[] []  G[] []  G[] []  G[] []
 []


Overfull \hbox (5.93182pt too wide) detected at line 4267
\OMS/cmsy/m/n/10 T[] \OT1/cmr/m/n/10 = 4\OML/cmm/m/it/10 ig[] N[] G[] []  G[] [
]  G[] []  G[] []  G[] []  G[] []  G[] []  G[] []
 []


Overfull \hbox (5.81607pt too wide) detected at line 4270
\OMS/cmsy/m/n/10 T[] \OT1/cmr/m/n/10 = 8\OML/cmm/m/it/10 ig[] N[] G[] []  G[] [
]  G[] []  G[] []  G[] []  G[] []  G[] []  G[] []
 []


Overfull \hbox (10.2288pt too wide) detected at line 4273
\OMS/cmsy/m/n/10 T[] \OT1/cmr/m/n/10 = 32\OML/cmm/m/it/10 ig[] N[] G[] []  G[] 
[]  G[] []  G[] []  G[] []  G[] []  G[] []  G[] []
 []


Overfull \hbox (5.81607pt too wide) detected at line 4276
\OMS/cmsy/m/n/10 T[] \OT1/cmr/m/n/10 = 4\OML/cmm/m/it/10 ig[] N[] G[] []  G[] [
]  G[] []  G[] []  G[] []  G[] []  G[] []  G[] []
 []


Overfull \hbox (5.81607pt too wide) detected at line 4279
\OMS/cmsy/m/n/10 T[] \OT1/cmr/m/n/10 = 4\OML/cmm/m/it/10 ig[] N[] G[] []  G[] [
]  G[] []  G[] []  G[] []  G[] []  G[] []  G[] []
 []


Overfull \hbox (10.2288pt too wide) detected at line 4282
\OMS/cmsy/m/n/10 T[] \OT1/cmr/m/n/10 = 16\OML/cmm/m/it/10 ig[] N[] G[] []  G[] 
[]  G[] []  G[] []  G[] []  G[] []  G[] []  G[] []
 []


Overfull \hbox (10.11305pt too wide) detected at line 4285
\OMS/cmsy/m/n/10 T[] \OT1/cmr/m/n/10 = 16\OML/cmm/m/it/10 ig[] N[] G[] []  G[] 
[]  G[] []  G[] []  G[] []  G[] []  G[] []  G[] []
 []


Overfull \hbox (10.11305pt too wide) detected at line 4288
\OMS/cmsy/m/n/10 T[] \OT1/cmr/m/n/10 = 32\OML/cmm/m/it/10 ig[] N[] G[] []  G[] 
[]  G[] []  G[] []  G[] []  G[] []  G[] []  G[] []
 []


Overfull \hbox (14.52579pt too wide) detected at line 4291
\OMS/cmsy/m/n/10 T[] \OT1/cmr/m/n/10 = 128\OML/cmm/m/it/10 ig[] N[] G[] []  G[]
 []  G[] []  G[] []  G[] []  G[] []  G[] []  G[] []
 []


Overfull \hbox (10.11305pt too wide) detected at line 4294
\OMS/cmsy/m/n/10 T[] \OT1/cmr/m/n/10 = 16\OML/cmm/m/it/10 ig[] N[] G[] []  G[] 
[]  G[] []  G[] []  G[] []  G[] []  G[] []  G[] []
 []


Overfull \hbox (9.52577pt too wide) detected at line 4297
\OMS/cmsy/m/n/10 T[] \OT1/cmr/m/n/10 = 64\OML/cmm/m/it/10 ig[] N[] G[] []  G[] 
[]  G[] []  G[] []  G[] []  G[] []  G[] []  G[] []
 []


Overfull \hbox (5.93182pt too wide) detected at line 4300
\OMS/cmsy/m/n/10 T[] \OT1/cmr/m/n/10 = 4\OML/cmm/m/it/10 ig[] N[] G[] []  G[] [
]  G[] []  G[] []  G[] []  G[] []  G[] []  G[] []
 []


Overfull \hbox (5.81607pt too wide) detected at line 4303
\OMS/cmsy/m/n/10 T[] \OT1/cmr/m/n/10 = 4\OML/cmm/m/it/10 ig[] N[] G[] []  G[] [
]  G[] []  G[] []  G[] []  G[] []  G[] []  G[] []
 []


Overfull \hbox (10.11305pt too wide) detected at line 4306
\OMS/cmsy/m/n/10 T[] \OT1/cmr/m/n/10 = 32\OML/cmm/m/it/10 ig[] N[] G[] []  G[] 
[]  G[] []  G[] []  G[] []  G[] []  G[] []  G[] []
 []


Overfull \hbox (10.11305pt too wide) detected at line 4309
\OMS/cmsy/m/n/10 T[] \OT1/cmr/m/n/10 = 32\OML/cmm/m/it/10 ig[] N[] G[] []  G[] 
[]  G[] []  G[] []  G[] []  G[] []  G[] []  G[] []
 []


Overfull \hbox (10.11305pt too wide) detected at line 4312
\OMS/cmsy/m/n/10 T[] \OT1/cmr/m/n/10 = 16\OML/cmm/m/it/10 ig[] N[] G[] []  G[] 
[]  G[] []  G[] []  G[] []  G[] []  G[] []  G[] []
 []


Overfull \hbox (10.11305pt too wide) detected at line 4315
\OMS/cmsy/m/n/10 T[] \OT1/cmr/m/n/10 = 16\OML/cmm/m/it/10 ig[] N[] G[] []  G[] 
[]  G[] []  G[] []  G[] []  G[] []  G[] []  G[] []
 []


Overfull \hbox (9.52577pt too wide) detected at line 4318
\OMS/cmsy/m/n/10 T[] \OT1/cmr/m/n/10 = 64\OML/cmm/m/it/10 ig[] N[] G[] []  G[] 
[]  G[] []  G[] []  G[] []  G[] []  G[] []  G[] []
 []


Overfull \hbox (9.9973pt too wide) detected at line 4321
\OMS/cmsy/m/n/10 T[] \OT1/cmr/m/n/10 = 16\OML/cmm/m/it/10 ig[] N[] G[] []  G[] 
[]  G[] []  G[] []  G[] []  G[] []  G[] []  G[] []
 []


Overfull \hbox (14.41003pt too wide) detected at line 4324
\OMS/cmsy/m/n/10 T[] \OT1/cmr/m/n/10 = 128\OML/cmm/m/it/10 ig[] N[] G[] []  G[]
 []  G[] []  G[] []  G[] []  G[] []  G[] []  G[] []
 []


Overfull \hbox (14.41003pt too wide) detected at line 4327
\OMS/cmsy/m/n/10 T[] \OT1/cmr/m/n/10 = 128\OML/cmm/m/it/10 ig[] N[] G[] []  G[]
 []  G[] []  G[] []  G[] []  G[] []  G[] []  G[] []
 []


Overfull \hbox (9.9973pt too wide) detected at line 4330
\OMS/cmsy/m/n/10 T[] \OT1/cmr/m/n/10 = 16\OML/cmm/m/it/10 ig[] N[] G[] []  G[] 
[]  G[] []  G[] []  G[] []  G[] []  G[] []  G[] []
 []


Overfull \hbox (9.41002pt too wide) detected at line 4333
\OMS/cmsy/m/n/10 T[] \OT1/cmr/m/n/10 = 64\OML/cmm/m/it/10 ig[] N[] G[] []  G[] 
[]  G[] []  G[] []  G[] []  G[] []  G[] []  G[] []
 []


Overfull \hbox (1.63484pt too wide) detected at line 4336
\OMS/cmsy/m/n/10 T[] \OT1/cmr/m/n/10 = \OML/cmm/m/it/10 ig[] N[] G[] []  G[] []
  G[] []  G[] []  G[] []  G[] []  G[] []  G[] []
 []


Overfull \hbox (1.63484pt too wide) detected at line 4339
\OMS/cmsy/m/n/10 T[] \OT1/cmr/m/n/10 = \OML/cmm/m/it/10 ig[] N[] G[] []  G[] []
  G[] []  G[] []  G[] []  G[] []  G[] []  G[] []
 []

[38]
Overfull \hbox (6.63486pt too wide) detected at line 4342
\OMS/cmsy/m/n/10 T[] \OT1/cmr/m/n/10 = 2\OML/cmm/m/it/10 ig[] N[] G[] []  G[] [
]  G[] []  G[] []  G[] []  G[] []  G[] []  G[] []
 []


Overfull \hbox (6.5191pt too wide) detected at line 4345
\OMS/cmsy/m/n/10 T[] \OT1/cmr/m/n/10 = 2\OML/cmm/m/it/10 ig[] N[] G[] []  G[] [
]  G[] []  G[] []  G[] []  G[] []  G[] []  G[] []
 []


Overfull \hbox (5.93182pt too wide) detected at line 4348
\OMS/cmsy/m/n/10 T[] \OT1/cmr/m/n/10 = 8\OML/cmm/m/it/10 ig[] N[] G[] []  G[] [
]  G[] []  G[] []  G[] []  G[] []  G[] []  G[] []
 []


Overfull \hbox (5.81607pt too wide) detected at line 4351
\OMS/cmsy/m/n/10 T[] \OT1/cmr/m/n/10 = 4\OML/cmm/m/it/10 ig[] N[] G[] []  G[] [
]  G[] []  G[] []  G[] []  G[] []  G[] []  G[] []
 []


Overfull \hbox (5.81607pt too wide) detected at line 4354
\OMS/cmsy/m/n/10 T[] \OT1/cmr/m/n/10 = 4\OML/cmm/m/it/10 ig[] N[] G[] []  G[] [
]  G[] []  G[] []  G[] []  G[] []  G[] []  G[] []
 []


Overfull \hbox (5.81607pt too wide) detected at line 4357
\OMS/cmsy/m/n/10 T[] \OT1/cmr/m/n/10 = 8\OML/cmm/m/it/10 ig[] N[] G[] []  G[] [
]  G[] []  G[] []  G[] []  G[] []  G[] []  G[] []
 []


Overfull \hbox (5.81607pt too wide) detected at line 4360
\OMS/cmsy/m/n/10 T[] \OT1/cmr/m/n/10 = 4\OML/cmm/m/it/10 ig[] N[] G[] []  G[] [
]  G[] []  G[] []  G[] []  G[] []  G[] []  G[] []
 []


Overfull \hbox (10.2288pt too wide) detected at line 4363
\OMS/cmsy/m/n/10 T[] \OT1/cmr/m/n/10 = 16\OML/cmm/m/it/10 ig[] N[] G[] []  G[] 
[]  G[] []  G[] []  G[] []  G[] []  G[] []  G[] []
 []


Overfull \hbox (5.81607pt too wide) detected at line 4366
\OMS/cmsy/m/n/10 T[] \OT1/cmr/m/n/10 = 4\OML/cmm/m/it/10 ig[] N[] G[] []  G[] [
]  G[] []  G[] []  G[] []  G[] []  G[] []  G[] []
 []


Overfull \hbox (10.2288pt too wide) detected at line 4369
\OMS/cmsy/m/n/10 T[] \OT1/cmr/m/n/10 = 16\OML/cmm/m/it/10 ig[] N[] G[] []  G[] 
[]  G[] []  G[] []  G[] []  G[] []  G[] []  G[] []
 []


Overfull \hbox (1.51909pt too wide) detected at line 4372
\OMS/cmsy/m/n/10 T[] \OT1/cmr/m/n/10 = \OML/cmm/m/it/10 ig[] N[] G[] []  G[] []
  G[] []  G[] []  G[] []  G[] []  G[] []  G[] []
 []


Overfull \hbox (5.93182pt too wide) detected at line 4375
\OMS/cmsy/m/n/10 T[] \OT1/cmr/m/n/10 = 4\OML/cmm/m/it/10 ig[] N[] G[] []  G[] [
]  G[] []  G[] []  G[] []  G[] []  G[] []  G[] []
 []


Overfull \hbox (6.5191pt too wide) detected at line 4378
\OMS/cmsy/m/n/10 T[] \OT1/cmr/m/n/10 = 2\OML/cmm/m/it/10 ig[] N[] G[] []  G[] [
]  G[] []  G[] []  G[] []  G[] []  G[] []  G[] []
 []


Overfull \hbox (5.81607pt too wide) detected at line 4381
\OMS/cmsy/m/n/10 T[] \OT1/cmr/m/n/10 = 8\OML/cmm/m/it/10 ig[] N[] G[] []  G[] [
]  G[] []  G[] []  G[] []  G[] []  G[] []  G[] []
 []


Overfull \hbox (5.81607pt too wide) detected at line 4384
\OMS/cmsy/m/n/10 T[] \OT1/cmr/m/n/10 = 8\OML/cmm/m/it/10 ig[] N[] G[] []  G[] [
]  G[] []  G[] []  G[] []  G[] []  G[] []  G[] []
 []


Overfull \hbox (5.70032pt too wide) detected at line 4387
\OMS/cmsy/m/n/10 T[] \OT1/cmr/m/n/10 = 4\OML/cmm/m/it/10 ig[] N[] G[] []  G[] [
]  G[] []  G[] []  G[] []  G[] []  G[] []  G[] []
 []


Overfull \hbox (10.11305pt too wide) detected at line 4390
\OMS/cmsy/m/n/10 T[] \OT1/cmr/m/n/10 = 16\OML/cmm/m/it/10 ig[] N[] G[] []  G[] 
[]  G[] []  G[] []  G[] []  G[] []  G[] []  G[] []
 []


Overfull \hbox (10.11305pt too wide) detected at line 4393
\OMS/cmsy/m/n/10 T[] \OT1/cmr/m/n/10 = 32\OML/cmm/m/it/10 ig[] N[] G[] []  G[] 
[]  G[] []  G[] []  G[] []  G[] []  G[] []  G[] []
 []


Overfull \hbox (5.70032pt too wide) detected at line 4396
\OMS/cmsy/m/n/10 T[] \OT1/cmr/m/n/10 = 4\OML/cmm/m/it/10 ig[] N[] G[] []  G[] [
]  G[] []  G[] []  G[] []  G[] []  G[] []  G[] []
 []


Overfull \hbox (10.11305pt too wide) detected at line 4399
\OMS/cmsy/m/n/10 T[] \OT1/cmr/m/n/10 = 16\OML/cmm/m/it/10 ig[] N[] G[] []  G[] 
[]  G[] []  G[] []  G[] []  G[] []  G[] []  G[] []
 []


Overfull \hbox (10.11305pt too wide) detected at line 4402
\OMS/cmsy/m/n/10 T[] \OT1/cmr/m/n/10 = 16\OML/cmm/m/it/10 ig[] N[] G[] []  G[] 
[]  G[] []  G[] []  G[] []  G[] []  G[] []  G[] []
 []


Overfull \hbox (9.52577pt too wide) detected at line 4405
\OMS/cmsy/m/n/10 T[] \OT1/cmr/m/n/10 = 64\OML/cmm/m/it/10 ig[] N[] G[] []  G[] 
[]  G[] []  G[] []  G[] []  G[] []  G[] []  G[] []
 []


Overfull \hbox (1.63484pt too wide) detected at line 4408
\OMS/cmsy/m/n/10 T[] \OT1/cmr/m/n/10 = \OML/cmm/m/it/10 ig[] N[] G[] []  G[] []
  G[] []  G[] []  G[] []  G[] []  G[] []  G[] []
 []


Overfull \hbox (1.51909pt too wide) detected at line 4411
\OMS/cmsy/m/n/10 T[] \OT1/cmr/m/n/10 = \OML/cmm/m/it/10 ig[] N[] G[] []  G[] []
  G[] []  G[] []  G[] []  G[] []  G[] []  G[] []
 []


Overfull \hbox (5.81607pt too wide) detected at line 4414
\OMS/cmsy/m/n/10 T[] \OT1/cmr/m/n/10 = 8\OML/cmm/m/it/10 ig[] N[] G[] []  G[] [
]  G[] []  G[] []  G[] []  G[] []  G[] []  G[] []
 []


Overfull \hbox (5.81607pt too wide) detected at line 4417
\OMS/cmsy/m/n/10 T[] \OT1/cmr/m/n/10 = 8\OML/cmm/m/it/10 ig[] N[] G[] []  G[] [
]  G[] []  G[] []  G[] []  G[] []  G[] []  G[] []
 []


Overfull \hbox (5.81607pt too wide) detected at line 4420
\OMS/cmsy/m/n/10 T[] \OT1/cmr/m/n/10 = 4\OML/cmm/m/it/10 ig[] N[] G[] []  G[] [
]  G[] []  G[] []  G[] []  G[] []  G[] []  G[] []
 []


Overfull \hbox (5.81607pt too wide) detected at line 4423
\OMS/cmsy/m/n/10 T[] \OT1/cmr/m/n/10 = 4\OML/cmm/m/it/10 ig[] N[] G[] []  G[] [
]  G[] []  G[] []  G[] []  G[] []  G[] []  G[] []
 []


Overfull \hbox (10.2288pt too wide) detected at line 4426
\OMS/cmsy/m/n/10 T[] \OT1/cmr/m/n/10 = 16\OML/cmm/m/it/10 ig[] N[] G[] []  G[] 
[]  G[] []  G[] []  G[] []  G[] []  G[] []  G[] []
 []


Overfull \hbox (5.70032pt too wide) detected at line 4429
\OMS/cmsy/m/n/10 T[] \OT1/cmr/m/n/10 = 4\OML/cmm/m/it/10 ig[] N[] G[] []  G[] [
]  G[] []  G[] []  G[] []  G[] []  G[] []  G[] []
 []


Overfull \hbox (10.11305pt too wide) detected at line 4432
\OMS/cmsy/m/n/10 T[] \OT1/cmr/m/n/10 = 32\OML/cmm/m/it/10 ig[] N[] G[] []  G[] 
[]  G[] []  G[] []  G[] []  G[] []  G[] []  G[] []
 []


Overfull \hbox (10.11305pt too wide) detected at line 4435
\OMS/cmsy/m/n/10 T[] \OT1/cmr/m/n/10 = 32\OML/cmm/m/it/10 ig[] N[] G[] []  G[] 
[]  G[] []  G[] []  G[] []  G[] []  G[] []  G[] []
 []


Overfull \hbox (5.70032pt too wide) detected at line 4438
\OMS/cmsy/m/n/10 T[] \OT1/cmr/m/n/10 = 4\OML/cmm/m/it/10 ig[] N[] G[] []  G[] [
]  G[] []  G[] []  G[] []  G[] []  G[] []  G[] []
 []


Overfull \hbox (10.11305pt too wide) detected at line 4441
\OMS/cmsy/m/n/10 T[] \OT1/cmr/m/n/10 = 16\OML/cmm/m/it/10 ig[] N[] G[] []  G[] 
[]  G[] []  G[] []  G[] []  G[] []  G[] []  G[] []
 []


Overfull \hbox (1.51909pt too wide) detected at line 4444
\OMS/cmsy/m/n/10 T[] \OT1/cmr/m/n/10 = \OML/cmm/m/it/10 ig[] N[] G[] []  G[] []
  G[] []  G[] []  G[] []  G[] []  G[] []  G[] []
 []


Overfull \hbox (5.81607pt too wide) detected at line 4447
\OMS/cmsy/m/n/10 T[] \OT1/cmr/m/n/10 = 4\OML/cmm/m/it/10 ig[] N[] G[] []  G[] [
]  G[] []  G[] []  G[] []  G[] []  G[] []  G[] []
 []


Overfull \hbox (5.70032pt too wide) detected at line 4450
\OMS/cmsy/m/n/10 T[] \OT1/cmr/m/n/10 = 8\OML/cmm/m/it/10 ig[] N[] G[] []  G[] [
]  G[] []  G[] []  G[] []  G[] []  G[] []  G[] []
 []


Overfull \hbox (10.11305pt too wide) detected at line 4453
\OMS/cmsy/m/n/10 T[] \OT1/cmr/m/n/10 = 32\OML/cmm/m/it/10 ig[] N[] G[] []  G[] 
[]  G[] []  G[] []  G[] []  G[] []  G[] []  G[] []
 []

[39]
Overfull \hbox (5.70032pt too wide) detected at line 4456
\OMS/cmsy/m/n/10 T[] \OT1/cmr/m/n/10 = 4\OML/cmm/m/it/10 ig[] N[] G[] []  G[] [
]  G[] []  G[] []  G[] []  G[] []  G[] []  G[] []
 []


Overfull \hbox (5.70032pt too wide) detected at line 4459
\OMS/cmsy/m/n/10 T[] \OT1/cmr/m/n/10 = 4\OML/cmm/m/it/10 ig[] N[] G[] []  G[] [
]  G[] []  G[] []  G[] []  G[] []  G[] []  G[] []
 []


Overfull \hbox (10.11305pt too wide) detected at line 4462
\OMS/cmsy/m/n/10 T[] \OT1/cmr/m/n/10 = 16\OML/cmm/m/it/10 ig[] N[] G[] []  G[] 
[]  G[] []  G[] []  G[] []  G[] []  G[] []  G[] []
 []


Overfull \hbox (9.9973pt too wide) detected at line 4465
\OMS/cmsy/m/n/10 T[] \OT1/cmr/m/n/10 = 16\OML/cmm/m/it/10 ig[] N[] G[] []  G[] 
[]  G[] []  G[] []  G[] []  G[] []  G[] []  G[] []
 []


Overfull \hbox (9.9973pt too wide) detected at line 4468
\OMS/cmsy/m/n/10 T[] \OT1/cmr/m/n/10 = 32\OML/cmm/m/it/10 ig[] N[] G[] []  G[] 
[]  G[] []  G[] []  G[] []  G[] []  G[] []  G[] []
 []


Overfull \hbox (14.41003pt too wide) detected at line 4471
\OMS/cmsy/m/n/10 T[] \OT1/cmr/m/n/10 = 128\OML/cmm/m/it/10 ig[] N[] G[] []  G[]
 []  G[] []  G[] []  G[] []  G[] []  G[] []  G[] []
 []


Overfull \hbox (9.9973pt too wide) detected at line 4474
\OMS/cmsy/m/n/10 T[] \OT1/cmr/m/n/10 = 16\OML/cmm/m/it/10 ig[] N[] G[] []  G[] 
[]  G[] []  G[] []  G[] []  G[] []  G[] []  G[] []
 []


Overfull \hbox (9.41002pt too wide) detected at line 4477
\OMS/cmsy/m/n/10 T[] \OT1/cmr/m/n/10 = 64\OML/cmm/m/it/10 ig[] N[] G[] []  G[] 
[]  G[] []  G[] []  G[] []  G[] []  G[] []  G[] []
 []


Overfull \hbox (1.63484pt too wide) detected at line 4480
\OMS/cmsy/m/n/10 T[] \OT1/cmr/m/n/10 = \OML/cmm/m/it/10 ig[] N[] G[] []  G[] []
  G[] []  G[] []  G[] []  G[] []  G[] []  G[] []
 []


Overfull \hbox (6.04758pt too wide) detected at line 4483
\OMS/cmsy/m/n/10 T[] \OT1/cmr/m/n/10 = 4\OML/cmm/m/it/10 ig[] N[] G[] []  G[] [
]  G[] []  G[] []  G[] []  G[] []  G[] []  G[] []
 []


Overfull \hbox (6.63486pt too wide) detected at line 4486
\OMS/cmsy/m/n/10 T[] \OT1/cmr/m/n/10 = 2\OML/cmm/m/it/10 ig[] N[] G[] []  G[] [
]  G[] []  G[] []  G[] []  G[] []  G[] []  G[] []
 []


Overfull \hbox (5.93182pt too wide) detected at line 4489
\OMS/cmsy/m/n/10 T[] \OT1/cmr/m/n/10 = 8\OML/cmm/m/it/10 ig[] N[] G[] []  G[] [
]  G[] []  G[] []  G[] []  G[] []  G[] []  G[] []
 []


Overfull \hbox (5.93182pt too wide) detected at line 4492
\OMS/cmsy/m/n/10 T[] \OT1/cmr/m/n/10 = 8\OML/cmm/m/it/10 ig[] N[] G[] []  G[] [
]  G[] []  G[] []  G[] []  G[] []  G[] []  G[] []
 []


Overfull \hbox (5.81607pt too wide) detected at line 4495
\OMS/cmsy/m/n/10 T[] \OT1/cmr/m/n/10 = 4\OML/cmm/m/it/10 ig[] N[] G[] []  G[] [
]  G[] []  G[] []  G[] []  G[] []  G[] []  G[] []
 []


Overfull \hbox (10.2288pt too wide) detected at line 4498
\OMS/cmsy/m/n/10 T[] \OT1/cmr/m/n/10 = 16\OML/cmm/m/it/10 ig[] N[] G[] []  G[] 
[]  G[] []  G[] []  G[] []  G[] []  G[] []  G[] []
 []


Overfull \hbox (10.2288pt too wide) detected at line 4501
\OMS/cmsy/m/n/10 T[] \OT1/cmr/m/n/10 = 32\OML/cmm/m/it/10 ig[] N[] G[] []  G[] 
[]  G[] []  G[] []  G[] []  G[] []  G[] []  G[] []
 []


Overfull \hbox (5.81607pt too wide) detected at line 4504
\OMS/cmsy/m/n/10 T[] \OT1/cmr/m/n/10 = 4\OML/cmm/m/it/10 ig[] N[] G[] []  G[] [
]  G[] []  G[] []  G[] []  G[] []  G[] []  G[] []
 []


Overfull \hbox (10.2288pt too wide) detected at line 4507
\OMS/cmsy/m/n/10 T[] \OT1/cmr/m/n/10 = 16\OML/cmm/m/it/10 ig[] N[] G[] []  G[] 
[]  G[] []  G[] []  G[] []  G[] []  G[] []  G[] []
 []


Overfull \hbox (10.2288pt too wide) detected at line 4510
\OMS/cmsy/m/n/10 T[] \OT1/cmr/m/n/10 = 16\OML/cmm/m/it/10 ig[] N[] G[] []  G[] 
[]  G[] []  G[] []  G[] []  G[] []  G[] []  G[] []
 []


Overfull \hbox (9.64153pt too wide) detected at line 4513
\OMS/cmsy/m/n/10 T[] \OT1/cmr/m/n/10 = 64\OML/cmm/m/it/10 ig[] N[] G[] []  G[] 
[]  G[] []  G[] []  G[] []  G[] []  G[] []  G[] []
 []


Overfull \hbox (5.93182pt too wide) detected at line 4516
\OMS/cmsy/m/n/10 T[] \OT1/cmr/m/n/10 = 4\OML/cmm/m/it/10 ig[] N[] G[] []  G[] [
]  G[] []  G[] []  G[] []  G[] []  G[] []  G[] []
 []


Overfull \hbox (5.93182pt too wide) detected at line 4519
\OMS/cmsy/m/n/10 T[] \OT1/cmr/m/n/10 = 4\OML/cmm/m/it/10 ig[] N[] G[] []  G[] [
]  G[] []  G[] []  G[] []  G[] []  G[] []  G[] []
 []


Overfull \hbox (5.93182pt too wide) detected at line 4522
\OMS/cmsy/m/n/10 T[] \OT1/cmr/m/n/10 = 8\OML/cmm/m/it/10 ig[] N[] G[] []  G[] [
]  G[] []  G[] []  G[] []  G[] []  G[] []  G[] []
 []


Overfull \hbox (5.81607pt too wide) detected at line 4525
\OMS/cmsy/m/n/10 T[] \OT1/cmr/m/n/10 = 8\OML/cmm/m/it/10 ig[] N[] G[] []  G[] [
]  G[] []  G[] []  G[] []  G[] []  G[] []  G[] []
 []


Overfull \hbox (10.2288pt too wide) detected at line 4528
\OMS/cmsy/m/n/10 T[] \OT1/cmr/m/n/10 = 32\OML/cmm/m/it/10 ig[] N[] G[] []  G[] 
[]  G[] []  G[] []  G[] []  G[] []  G[] []  G[] []
 []


Overfull \hbox (10.11305pt too wide) detected at line 4531
\OMS/cmsy/m/n/10 T[] \OT1/cmr/m/n/10 = 16\OML/cmm/m/it/10 ig[] N[] G[] []  G[] 
[]  G[] []  G[] []  G[] []  G[] []  G[] []  G[] []
 []


Overfull \hbox (10.11305pt too wide) detected at line 4534
\OMS/cmsy/m/n/10 T[] \OT1/cmr/m/n/10 = 16\OML/cmm/m/it/10 ig[] N[] G[] []  G[] 
[]  G[] []  G[] []  G[] []  G[] []  G[] []  G[] []
 []


Overfull \hbox (10.11305pt too wide) detected at line 4537
\OMS/cmsy/m/n/10 T[] \OT1/cmr/m/n/10 = 32\OML/cmm/m/it/10 ig[] N[] G[] []  G[] 
[]  G[] []  G[] []  G[] []  G[] []  G[] []  G[] []
 []


Overfull \hbox (10.11305pt too wide) detected at line 4540
\OMS/cmsy/m/n/10 T[] \OT1/cmr/m/n/10 = 16\OML/cmm/m/it/10 ig[] N[] G[] []  G[] 
[]  G[] []  G[] []  G[] []  G[] []  G[] []  G[] []
 []


Overfull \hbox (9.52577pt too wide) detected at line 4543
\OMS/cmsy/m/n/10 T[] \OT1/cmr/m/n/10 = 64\OML/cmm/m/it/10 ig[] N[] G[] []  G[] 
[]  G[] []  G[] []  G[] []  G[] []  G[] []  G[] []
 []


Overfull \hbox (10.11305pt too wide) detected at line 4546
\OMS/cmsy/m/n/10 T[] \OT1/cmr/m/n/10 = 16\OML/cmm/m/it/10 ig[] N[] G[] []  G[] 
[]  G[] []  G[] []  G[] []  G[] []  G[] []  G[] []
 []


Overfull \hbox (9.52577pt too wide) detected at line 4549
\OMS/cmsy/m/n/10 T[] \OT1/cmr/m/n/10 = 64\OML/cmm/m/it/10 ig[] N[] G[] []  G[] 
[]  G[] []  G[] []  G[] []  G[] []  G[] []  G[] []
 []


Overfull \hbox (1.63484pt too wide) detected at line 4552
\OMS/cmsy/m/n/10 T[] \OT1/cmr/m/n/10 = \OML/cmm/m/it/10 ig[] N[] G[] []  G[] []
  G[] []  G[] []  G[] []  G[] []  G[] []  G[] []
 []


Overfull \hbox (5.93182pt too wide) detected at line 4555
\OMS/cmsy/m/n/10 T[] \OT1/cmr/m/n/10 = 4\OML/cmm/m/it/10 ig[] N[] G[] []  G[] [
]  G[] []  G[] []  G[] []  G[] []  G[] []  G[] []
 []


Overfull \hbox (5.81607pt too wide) detected at line 4558
\OMS/cmsy/m/n/10 T[] \OT1/cmr/m/n/10 = 8\OML/cmm/m/it/10 ig[] N[] G[] []  G[] [
]  G[] []  G[] []  G[] []  G[] []  G[] []  G[] []
 []


Overfull \hbox (10.2288pt too wide) detected at line 4561
\OMS/cmsy/m/n/10 T[] \OT1/cmr/m/n/10 = 32\OML/cmm/m/it/10 ig[] N[] G[] []  G[] 
[]  G[] []  G[] []  G[] []  G[] []  G[] []  G[] []
 []


Overfull \hbox (5.81607pt too wide) detected at line 4564
\OMS/cmsy/m/n/10 T[] \OT1/cmr/m/n/10 = 4\OML/cmm/m/it/10 ig[] N[] G[] []  G[] [
]  G[] []  G[] []  G[] []  G[] []  G[] []  G[] []
 []


Overfull \hbox (5.81607pt too wide) detected at line 4567
\OMS/cmsy/m/n/10 T[] \OT1/cmr/m/n/10 = 4\OML/cmm/m/it/10 ig[] N[] G[] []  G[] [
]  G[] []  G[] []  G[] []  G[] []  G[] []  G[] []
 []

[40]
Overfull \hbox (10.2288pt too wide) detected at line 4570
\OMS/cmsy/m/n/10 T[] \OT1/cmr/m/n/10 = 16\OML/cmm/m/it/10 ig[] N[] G[] []  G[] 
[]  G[] []  G[] []  G[] []  G[] []  G[] []  G[] []
 []


Overfull \hbox (10.11305pt too wide) detected at line 4573
\OMS/cmsy/m/n/10 T[] \OT1/cmr/m/n/10 = 16\OML/cmm/m/it/10 ig[] N[] G[] []  G[] 
[]  G[] []  G[] []  G[] []  G[] []  G[] []  G[] []
 []


Overfull \hbox (10.11305pt too wide) detected at line 4576
\OMS/cmsy/m/n/10 T[] \OT1/cmr/m/n/10 = 32\OML/cmm/m/it/10 ig[] N[] G[] []  G[] 
[]  G[] []  G[] []  G[] []  G[] []  G[] []  G[] []
 []


Overfull \hbox (14.52579pt too wide) detected at line 4579
\OMS/cmsy/m/n/10 T[] \OT1/cmr/m/n/10 = 128\OML/cmm/m/it/10 ig[] N[] G[] []  G[]
 []  G[] []  G[] []  G[] []  G[] []  G[] []  G[] []
 []


Overfull \hbox (10.11305pt too wide) detected at line 4582
\OMS/cmsy/m/n/10 T[] \OT1/cmr/m/n/10 = 16\OML/cmm/m/it/10 ig[] N[] G[] []  G[] 
[]  G[] []  G[] []  G[] []  G[] []  G[] []  G[] []
 []


Overfull \hbox (9.52577pt too wide) detected at line 4585
\OMS/cmsy/m/n/10 T[] \OT1/cmr/m/n/10 = 64\OML/cmm/m/it/10 ig[] N[] G[] []  G[] 
[]  G[] []  G[] []  G[] []  G[] []  G[] []  G[] []
 []


Overfull \hbox (5.93182pt too wide) detected at line 4588
\OMS/cmsy/m/n/10 T[] \OT1/cmr/m/n/10 = 4\OML/cmm/m/it/10 ig[] N[] G[] []  G[] [
]  G[] []  G[] []  G[] []  G[] []  G[] []  G[] []
 []


Overfull \hbox (5.81607pt too wide) detected at line 4591
\OMS/cmsy/m/n/10 T[] \OT1/cmr/m/n/10 = 4\OML/cmm/m/it/10 ig[] N[] G[] []  G[] [
]  G[] []  G[] []  G[] []  G[] []  G[] []  G[] []
 []


Overfull \hbox (10.11305pt too wide) detected at line 4594
\OMS/cmsy/m/n/10 T[] \OT1/cmr/m/n/10 = 32\OML/cmm/m/it/10 ig[] N[] G[] []  G[] 
[]  G[] []  G[] []  G[] []  G[] []  G[] []  G[] []
 []


Overfull \hbox (10.11305pt too wide) detected at line 4597
\OMS/cmsy/m/n/10 T[] \OT1/cmr/m/n/10 = 32\OML/cmm/m/it/10 ig[] N[] G[] []  G[] 
[]  G[] []  G[] []  G[] []  G[] []  G[] []  G[] []
 []


Overfull \hbox (10.11305pt too wide) detected at line 4600
\OMS/cmsy/m/n/10 T[] \OT1/cmr/m/n/10 = 16\OML/cmm/m/it/10 ig[] N[] G[] []  G[] 
[]  G[] []  G[] []  G[] []  G[] []  G[] []  G[] []
 []


Overfull \hbox (10.11305pt too wide) detected at line 4603
\OMS/cmsy/m/n/10 T[] \OT1/cmr/m/n/10 = 16\OML/cmm/m/it/10 ig[] N[] G[] []  G[] 
[]  G[] []  G[] []  G[] []  G[] []  G[] []  G[] []
 []


Overfull \hbox (9.52577pt too wide) detected at line 4606
\OMS/cmsy/m/n/10 T[] \OT1/cmr/m/n/10 = 64\OML/cmm/m/it/10 ig[] N[] G[] []  G[] 
[]  G[] []  G[] []  G[] []  G[] []  G[] []  G[] []
 []


Overfull \hbox (9.9973pt too wide) detected at line 4609
\OMS/cmsy/m/n/10 T[] \OT1/cmr/m/n/10 = 16\OML/cmm/m/it/10 ig[] N[] G[] []  G[] 
[]  G[] []  G[] []  G[] []  G[] []  G[] []  G[] []
 []


Overfull \hbox (14.41003pt too wide) detected at line 4612
\OMS/cmsy/m/n/10 T[] \OT1/cmr/m/n/10 = 128\OML/cmm/m/it/10 ig[] N[] G[] []  G[]
 []  G[] []  G[] []  G[] []  G[] []  G[] []  G[] []
 []


Overfull \hbox (14.41003pt too wide) detected at line 4615
\OMS/cmsy/m/n/10 T[] \OT1/cmr/m/n/10 = 128\OML/cmm/m/it/10 ig[] N[] G[] []  G[]
 []  G[] []  G[] []  G[] []  G[] []  G[] []  G[] []
 []


Overfull \hbox (9.9973pt too wide) detected at line 4618
\OMS/cmsy/m/n/10 T[] \OT1/cmr/m/n/10 = 16\OML/cmm/m/it/10 ig[] N[] G[] []  G[] 
[]  G[] []  G[] []  G[] []  G[] []  G[] []  G[] []
 []


Overfull \hbox (9.41002pt too wide) detected at line 4621
\OMS/cmsy/m/n/10 T[] \OT1/cmr/m/n/10 = 64\OML/cmm/m/it/10 ig[] N[] G[] []  G[] 
[]  G[] []  G[] []  G[] []  G[] []  G[] []  G[] []
 []


Overfull \hbox (6.63486pt too wide) detected at line 4624
\OMS/cmsy/m/n/10 T[] \OT1/cmr/m/n/10 = 2\OML/cmm/m/it/10 ig[] N[] G[] []  G[] [
]  G[] []  G[] []  G[] []  G[] []  G[] []  G[] []
 []


Overfull \hbox (6.63486pt too wide) detected at line 4627
\OMS/cmsy/m/n/10 T[] \OT1/cmr/m/n/10 = 2\OML/cmm/m/it/10 ig[] N[] G[] []  G[] [
]  G[] []  G[] []  G[] []  G[] []  G[] []  G[] []
 []


Overfull \hbox (6.5191pt too wide) detected at line 4630
\OMS/cmsy/m/n/10 T[] \OT1/cmr/m/n/10 = 2\OML/cmm/m/it/10 ig[] N[] G[] []  G[] [
]  G[] []  G[] []  G[] []  G[] []  G[] []  G[] []
 []


Overfull \hbox (5.93182pt too wide) detected at line 4633
\OMS/cmsy/m/n/10 T[] \OT1/cmr/m/n/10 = 8\OML/cmm/m/it/10 ig[] N[] G[] []  G[] [
]  G[] []  G[] []  G[] []  G[] []  G[] []  G[] []
 []


Overfull \hbox (6.75061pt too wide) detected at line 4636
\OMS/cmsy/m/n/10 T[] \OT1/cmr/m/n/10 = 2\OML/cmm/m/it/10 ig[] N[] G[] []  G[] [
]  G[] []  G[] []  G[] []  G[] []  G[] []  G[] []
 []


Overfull \hbox (6.63486pt too wide) detected at line 4639
\OMS/cmsy/m/n/10 T[] \OT1/cmr/m/n/10 = 2\OML/cmm/m/it/10 ig[] N[] G[] []  G[] [
]  G[] []  G[] []  G[] []  G[] []  G[] []  G[] []
 []


Overfull \hbox (6.63486pt too wide) detected at line 4642
\OMS/cmsy/m/n/10 T[] \OT1/cmr/m/n/10 = 2\OML/cmm/m/it/10 ig[] N[] G[] []  G[] [
]  G[] []  G[] []  G[] []  G[] []  G[] []  G[] []
 []


Overfull \hbox (5.93182pt too wide) detected at line 4645
\OMS/cmsy/m/n/10 T[] \OT1/cmr/m/n/10 = 8\OML/cmm/m/it/10 ig[] N[] G[] []  G[] [
]  G[] []  G[] []  G[] []  G[] []  G[] []  G[] []
 []


Overfull \hbox (6.63486pt too wide) detected at line 4648
\OMS/cmsy/m/n/10 T[] \OT1/cmr/m/n/10 = 2\OML/cmm/m/it/10 ig[] N[] G[] []  G[] [
]  G[] []  G[] []  G[] []  G[] []  G[] []  G[] []
 []


Overfull \hbox (6.5191pt too wide) detected at line 4651
\OMS/cmsy/m/n/10 T[] \OT1/cmr/m/n/10 = 2\OML/cmm/m/it/10 ig[] N[] G[] []  G[] [
]  G[] []  G[] []  G[] []  G[] []  G[] []  G[] []
 []


Overfull \hbox (6.5191pt too wide) detected at line 4654
\OMS/cmsy/m/n/10 T[] \OT1/cmr/m/n/10 = 2\OML/cmm/m/it/10 ig[] N[] G[] []  G[] [
]  G[] []  G[] []  G[] []  G[] []  G[] []  G[] []
 []


Overfull \hbox (5.81607pt too wide) detected at line 4657
\OMS/cmsy/m/n/10 T[] \OT1/cmr/m/n/10 = 8\OML/cmm/m/it/10 ig[] N[] G[] []  G[] [
]  G[] []  G[] []  G[] []  G[] []  G[] []  G[] []
 []


Overfull \hbox (5.93182pt too wide) detected at line 4660
\OMS/cmsy/m/n/10 T[] \OT1/cmr/m/n/10 = 8\OML/cmm/m/it/10 ig[] N[] G[] []  G[] [
]  G[] []  G[] []  G[] []  G[] []  G[] []  G[] []
 []


Overfull \hbox (5.93182pt too wide) detected at line 4663
\OMS/cmsy/m/n/10 T[] \OT1/cmr/m/n/10 = 8\OML/cmm/m/it/10 ig[] N[] G[] []  G[] [
]  G[] []  G[] []  G[] []  G[] []  G[] []  G[] []
 []


Overfull \hbox (5.81607pt too wide) detected at line 4666
\OMS/cmsy/m/n/10 T[] \OT1/cmr/m/n/10 = 8\OML/cmm/m/it/10 ig[] N[] G[] []  G[] [
]  G[] []  G[] []  G[] []  G[] []  G[] []  G[] []
 []


Overfull \hbox (10.2288pt too wide) detected at line 4669
\OMS/cmsy/m/n/10 T[] \OT1/cmr/m/n/10 = 32\OML/cmm/m/it/10 ig[] N[] G[] []  G[] 
[]  G[] []  G[] []  G[] []  G[] []  G[] []  G[] []
 []


Overfull \hbox (6.5191pt too wide) detected at line 4672
\OMS/cmsy/m/n/10 T[] \OT1/cmr/m/n/10 = 2\OML/cmm/m/it/10 ig[] N[] G[] []  G[] [
]  G[] []  G[] []  G[] []  G[] []  G[] []  G[] []
 []


Overfull \hbox (5.93182pt too wide) detected at line 4675
\OMS/cmsy/m/n/10 T[] \OT1/cmr/m/n/10 = 8\OML/cmm/m/it/10 ig[] N[] G[] []  G[] [
]  G[] []  G[] []  G[] []  G[] []  G[] []  G[] []
 []


Overfull \hbox (5.81607pt too wide) detected at line 4678
\OMS/cmsy/m/n/10 T[] \OT1/cmr/m/n/10 = 8\OML/cmm/m/it/10 ig[] N[] G[] []  G[] [
]  G[] []  G[] []  G[] []  G[] []  G[] []  G[] []
 []


Overfull \hbox (5.81607pt too wide) detected at line 4681
\OMS/cmsy/m/n/10 T[] \OT1/cmr/m/n/10 = 8\OML/cmm/m/it/10 ig[] N[] G[] []  G[] [
]  G[] []  G[] []  G[] []  G[] []  G[] []  G[] []
 []

[41]
Overfull \hbox (6.63486pt too wide) detected at line 4684
\OMS/cmsy/m/n/10 T[] \OT1/cmr/m/n/10 = 2\OML/cmm/m/it/10 ig[] N[] G[] []  G[] [
]  G[] []  G[] []  G[] []  G[] []  G[] []  G[] []
 []


Overfull \hbox (5.93182pt too wide) detected at line 4687
\OMS/cmsy/m/n/10 T[] \OT1/cmr/m/n/10 = 8\OML/cmm/m/it/10 ig[] N[] G[] []  G[] [
]  G[] []  G[] []  G[] []  G[] []  G[] []  G[] []
 []


Overfull \hbox (5.93182pt too wide) detected at line 4690
\OMS/cmsy/m/n/10 T[] \OT1/cmr/m/n/10 = 8\OML/cmm/m/it/10 ig[] N[] G[] []  G[] [
]  G[] []  G[] []  G[] []  G[] []  G[] []  G[] []
 []


Overfull \hbox (5.81607pt too wide) detected at line 4693
\OMS/cmsy/m/n/10 T[] \OT1/cmr/m/n/10 = 8\OML/cmm/m/it/10 ig[] N[] G[] []  G[] [
]  G[] []  G[] []  G[] []  G[] []  G[] []  G[] []
 []


Overfull \hbox (6.5191pt too wide) detected at line 4696
\OMS/cmsy/m/n/10 T[] \OT1/cmr/m/n/10 = 2\OML/cmm/m/it/10 ig[] N[] G[] []  G[] [
]  G[] []  G[] []  G[] []  G[] []  G[] []  G[] []
 []


Overfull \hbox (5.81607pt too wide) detected at line 4699
\OMS/cmsy/m/n/10 T[] \OT1/cmr/m/n/10 = 8\OML/cmm/m/it/10 ig[] N[] G[] []  G[] [
]  G[] []  G[] []  G[] []  G[] []  G[] []  G[] []
 []


Overfull \hbox (5.81607pt too wide) detected at line 4702
\OMS/cmsy/m/n/10 T[] \OT1/cmr/m/n/10 = 8\OML/cmm/m/it/10 ig[] N[] G[] []  G[] [
]  G[] []  G[] []  G[] []  G[] []  G[] []  G[] []
 []


Overfull \hbox (5.70032pt too wide) detected at line 4705
\OMS/cmsy/m/n/10 T[] \OT1/cmr/m/n/10 = 8\OML/cmm/m/it/10 ig[] N[] G[] []  G[] [
]  G[] []  G[] []  G[] []  G[] []  G[] []  G[] []
 []


Overfull \hbox (5.81607pt too wide) detected at line 4708
\OMS/cmsy/m/n/10 T[] \OT1/cmr/m/n/10 = 8\OML/cmm/m/it/10 ig[] N[] G[] []  G[] [
]  G[] []  G[] []  G[] []  G[] []  G[] []  G[] []
 []


Overfull \hbox (10.2288pt too wide) detected at line 4711
\OMS/cmsy/m/n/10 T[] \OT1/cmr/m/n/10 = 32\OML/cmm/m/it/10 ig[] N[] G[] []  G[] 
[]  G[] []  G[] []  G[] []  G[] []  G[] []  G[] []
 []


Overfull \hbox (10.11305pt too wide) detected at line 4714
\OMS/cmsy/m/n/10 T[] \OT1/cmr/m/n/10 = 32\OML/cmm/m/it/10 ig[] N[] G[] []  G[] 
[]  G[] []  G[] []  G[] []  G[] []  G[] []  G[] []
 []


Overfull \hbox (10.11305pt too wide) detected at line 4717
\OMS/cmsy/m/n/10 T[] \OT1/cmr/m/n/10 = 32\OML/cmm/m/it/10 ig[] N[] G[] []  G[] 
[]  G[] []  G[] []  G[] []  G[] []  G[] []  G[] []
 []


Overfull \hbox (1.63484pt too wide) detected at line 4720
\OMS/cmsy/m/n/10 T[] \OT1/cmr/m/n/10 = \OML/cmm/m/it/10 ig[] N[] G[] []  G[] []
  G[] []  G[] []  G[] []  G[] []  G[] []  G[] []
 []


Overfull \hbox (1.63484pt too wide) detected at line 4723
\OMS/cmsy/m/n/10 T[] \OT1/cmr/m/n/10 = \OML/cmm/m/it/10 ig[] N[] G[] []  G[] []
  G[] []  G[] []  G[] []  G[] []  G[] []  G[] []
 []


Overfull \hbox (1.51909pt too wide) detected at line 4726
\OMS/cmsy/m/n/10 T[] \OT1/cmr/m/n/10 = \OML/cmm/m/it/10 ig[] N[] G[] []  G[] []
  G[] []  G[] []  G[] []  G[] []  G[] []  G[] []
 []


Overfull \hbox (5.93182pt too wide) detected at line 4729
\OMS/cmsy/m/n/10 T[] \OT1/cmr/m/n/10 = 4\OML/cmm/m/it/10 ig[] N[] G[] []  G[] [
]  G[] []  G[] []  G[] []  G[] []  G[] []  G[] []
 []


Overfull \hbox (6.63486pt too wide) detected at line 4732
\OMS/cmsy/m/n/10 T[] \OT1/cmr/m/n/10 = 2\OML/cmm/m/it/10 ig[] N[] G[] []  G[] [
]  G[] []  G[] []  G[] []  G[] []  G[] []  G[] []
 []


Overfull \hbox (6.5191pt too wide) detected at line 4735
\OMS/cmsy/m/n/10 T[] \OT1/cmr/m/n/10 = 2\OML/cmm/m/it/10 ig[] N[] G[] []  G[] [
]  G[] []  G[] []  G[] []  G[] []  G[] []  G[] []
 []


Overfull \hbox (6.5191pt too wide) detected at line 4738
\OMS/cmsy/m/n/10 T[] \OT1/cmr/m/n/10 = 2\OML/cmm/m/it/10 ig[] N[] G[] []  G[] [
]  G[] []  G[] []  G[] []  G[] []  G[] []  G[] []
 []


Overfull \hbox (5.81607pt too wide) detected at line 4741
\OMS/cmsy/m/n/10 T[] \OT1/cmr/m/n/10 = 8\OML/cmm/m/it/10 ig[] N[] G[] []  G[] [
]  G[] []  G[] []  G[] []  G[] []  G[] []  G[] []
 []


Overfull \hbox (5.81607pt too wide) detected at line 4744
\OMS/cmsy/m/n/10 T[] \OT1/cmr/m/n/10 = 4\OML/cmm/m/it/10 ig[] N[] G[] []  G[] [
]  G[] []  G[] []  G[] []  G[] []  G[] []  G[] []
 []


Overfull \hbox (5.81607pt too wide) detected at line 4747
\OMS/cmsy/m/n/10 T[] \OT1/cmr/m/n/10 = 4\OML/cmm/m/it/10 ig[] N[] G[] []  G[] [
]  G[] []  G[] []  G[] []  G[] []  G[] []  G[] []
 []


Overfull \hbox (5.70032pt too wide) detected at line 4750
\OMS/cmsy/m/n/10 T[] \OT1/cmr/m/n/10 = 4\OML/cmm/m/it/10 ig[] N[] G[] []  G[] [
]  G[] []  G[] []  G[] []  G[] []  G[] []  G[] []
 []


Overfull \hbox (10.11305pt too wide) detected at line 4753
\OMS/cmsy/m/n/10 T[] \OT1/cmr/m/n/10 = 16\OML/cmm/m/it/10 ig[] N[] G[] []  G[] 
[]  G[] []  G[] []  G[] []  G[] []  G[] []  G[] []
 []


Overfull \hbox (5.93182pt too wide) detected at line 4756
\OMS/cmsy/m/n/10 T[] \OT1/cmr/m/n/10 = 8\OML/cmm/m/it/10 ig[] N[] G[] []  G[] [
]  G[] []  G[] []  G[] []  G[] []  G[] []  G[] []
 []


Overfull \hbox (5.81607pt too wide) detected at line 4759
\OMS/cmsy/m/n/10 T[] \OT1/cmr/m/n/10 = 8\OML/cmm/m/it/10 ig[] N[] G[] []  G[] [
]  G[] []  G[] []  G[] []  G[] []  G[] []  G[] []
 []


Overfull \hbox (5.81607pt too wide) detected at line 4762
\OMS/cmsy/m/n/10 T[] \OT1/cmr/m/n/10 = 8\OML/cmm/m/it/10 ig[] N[] G[] []  G[] [
]  G[] []  G[] []  G[] []  G[] []  G[] []  G[] []
 []


Overfull \hbox (10.11305pt too wide) detected at line 4765
\OMS/cmsy/m/n/10 T[] \OT1/cmr/m/n/10 = 32\OML/cmm/m/it/10 ig[] N[] G[] []  G[] 
[]  G[] []  G[] []  G[] []  G[] []  G[] []  G[] []
 []


Overfull \hbox (5.81607pt too wide) detected at line 4768
\OMS/cmsy/m/n/10 T[] \OT1/cmr/m/n/10 = 4\OML/cmm/m/it/10 ig[] N[] G[] []  G[] [
]  G[] []  G[] []  G[] []  G[] []  G[] []  G[] []
 []


Overfull \hbox (5.81607pt too wide) detected at line 4771
\OMS/cmsy/m/n/10 T[] \OT1/cmr/m/n/10 = 4\OML/cmm/m/it/10 ig[] N[] G[] []  G[] [
]  G[] []  G[] []  G[] []  G[] []  G[] []  G[] []
 []


Overfull \hbox (5.70032pt too wide) detected at line 4774
\OMS/cmsy/m/n/10 T[] \OT1/cmr/m/n/10 = 4\OML/cmm/m/it/10 ig[] N[] G[] []  G[] [
]  G[] []  G[] []  G[] []  G[] []  G[] []  G[] []
 []


Overfull \hbox (10.11305pt too wide) detected at line 4777
\OMS/cmsy/m/n/10 T[] \OT1/cmr/m/n/10 = 16\OML/cmm/m/it/10 ig[] N[] G[] []  G[] 
[]  G[] []  G[] []  G[] []  G[] []  G[] []  G[] []
 []


Overfull \hbox (10.2288pt too wide) detected at line 4780
\OMS/cmsy/m/n/10 T[] \OT1/cmr/m/n/10 = 16\OML/cmm/m/it/10 ig[] N[] G[] []  G[] 
[]  G[] []  G[] []  G[] []  G[] []  G[] []  G[] []
 []


Overfull \hbox (10.2288pt too wide) detected at line 4783
\OMS/cmsy/m/n/10 T[] \OT1/cmr/m/n/10 = 16\OML/cmm/m/it/10 ig[] N[] G[] []  G[] 
[]  G[] []  G[] []  G[] []  G[] []  G[] []  G[] []
 []


Overfull \hbox (10.11305pt too wide) detected at line 4786
\OMS/cmsy/m/n/10 T[] \OT1/cmr/m/n/10 = 16\OML/cmm/m/it/10 ig[] N[] G[] []  G[] 
[]  G[] []  G[] []  G[] []  G[] []  G[] []  G[] []
 []


Overfull \hbox (9.52577pt too wide) detected at line 4789
\OMS/cmsy/m/n/10 T[] \OT1/cmr/m/n/10 = 64\OML/cmm/m/it/10 ig[] N[] G[] []  G[] 
[]  G[] []  G[] []  G[] []  G[] []  G[] []  G[] []
 []


Overfull \hbox (1.63484pt too wide) detected at line 4792
\OMS/cmsy/m/n/10 T[] \OT1/cmr/m/n/10 = \OML/cmm/m/it/10 ig[] N[] G[] []  G[] []
  G[] []  G[] []  G[] []  G[] []  G[] []  G[] []
 []


Overfull \hbox (6.04758pt too wide) detected at line 4795
\OMS/cmsy/m/n/10 T[] \OT1/cmr/m/n/10 = 4\OML/cmm/m/it/10 ig[] N[] G[] []  G[] [
]  G[] []  G[] []  G[] []  G[] []  G[] []  G[] []
 []

[42]
Overfull \hbox (5.93182pt too wide) detected at line 4798
\OMS/cmsy/m/n/10 T[] \OT1/cmr/m/n/10 = 4\OML/cmm/m/it/10 ig[] N[] G[] []  G[] [
]  G[] []  G[] []  G[] []  G[] []  G[] []  G[] []
 []


Overfull \hbox (5.93182pt too wide) detected at line 4801
\OMS/cmsy/m/n/10 T[] \OT1/cmr/m/n/10 = 4\OML/cmm/m/it/10 ig[] N[] G[] []  G[] [
]  G[] []  G[] []  G[] []  G[] []  G[] []  G[] []
 []


Overfull \hbox (6.63486pt too wide) detected at line 4804
\OMS/cmsy/m/n/10 T[] \OT1/cmr/m/n/10 = 2\OML/cmm/m/it/10 ig[] N[] G[] []  G[] [
]  G[] []  G[] []  G[] []  G[] []  G[] []  G[] []
 []


Overfull \hbox (5.93182pt too wide) detected at line 4807
\OMS/cmsy/m/n/10 T[] \OT1/cmr/m/n/10 = 8\OML/cmm/m/it/10 ig[] N[] G[] []  G[] [
]  G[] []  G[] []  G[] []  G[] []  G[] []  G[] []
 []


Overfull \hbox (5.93182pt too wide) detected at line 4810
\OMS/cmsy/m/n/10 T[] \OT1/cmr/m/n/10 = 8\OML/cmm/m/it/10 ig[] N[] G[] []  G[] [
]  G[] []  G[] []  G[] []  G[] []  G[] []  G[] []
 []


Overfull \hbox (5.81607pt too wide) detected at line 4813
\OMS/cmsy/m/n/10 T[] \OT1/cmr/m/n/10 = 8\OML/cmm/m/it/10 ig[] N[] G[] []  G[] [
]  G[] []  G[] []  G[] []  G[] []  G[] []  G[] []
 []


Overfull \hbox (5.81607pt too wide) detected at line 4816
\OMS/cmsy/m/n/10 T[] \OT1/cmr/m/n/10 = 4\OML/cmm/m/it/10 ig[] N[] G[] []  G[] [
]  G[] []  G[] []  G[] []  G[] []  G[] []  G[] []
 []


Overfull \hbox (10.2288pt too wide) detected at line 4819
\OMS/cmsy/m/n/10 T[] \OT1/cmr/m/n/10 = 16\OML/cmm/m/it/10 ig[] N[] G[] []  G[] 
[]  G[] []  G[] []  G[] []  G[] []  G[] []  G[] []
 []


Overfull \hbox (10.11305pt too wide) detected at line 4822
\OMS/cmsy/m/n/10 T[] \OT1/cmr/m/n/10 = 16\OML/cmm/m/it/10 ig[] N[] G[] []  G[] 
[]  G[] []  G[] []  G[] []  G[] []  G[] []  G[] []
 []


Overfull \hbox (10.11305pt too wide) detected at line 4825
\OMS/cmsy/m/n/10 T[] \OT1/cmr/m/n/10 = 16\OML/cmm/m/it/10 ig[] N[] G[] []  G[] 
[]  G[] []  G[] []  G[] []  G[] []  G[] []  G[] []
 []


Overfull \hbox (5.93182pt too wide) detected at line 4828
\OMS/cmsy/m/n/10 T[] \OT1/cmr/m/n/10 = 8\OML/cmm/m/it/10 ig[] N[] G[] []  G[] [
]  G[] []  G[] []  G[] []  G[] []  G[] []  G[] []
 []


Overfull \hbox (10.2288pt too wide) detected at line 4831
\OMS/cmsy/m/n/10 T[] \OT1/cmr/m/n/10 = 32\OML/cmm/m/it/10 ig[] N[] G[] []  G[] 
[]  G[] []  G[] []  G[] []  G[] []  G[] []  G[] []
 []


Overfull \hbox (10.2288pt too wide) detected at line 4834
\OMS/cmsy/m/n/10 T[] \OT1/cmr/m/n/10 = 32\OML/cmm/m/it/10 ig[] N[] G[] []  G[] 
[]  G[] []  G[] []  G[] []  G[] []  G[] []  G[] []
 []


Overfull \hbox (10.11305pt too wide) detected at line 4837
\OMS/cmsy/m/n/10 T[] \OT1/cmr/m/n/10 = 32\OML/cmm/m/it/10 ig[] N[] G[] []  G[] 
[]  G[] []  G[] []  G[] []  G[] []  G[] []  G[] []
 []


Overfull \hbox (5.81607pt too wide) detected at line 4840
\OMS/cmsy/m/n/10 T[] \OT1/cmr/m/n/10 = 4\OML/cmm/m/it/10 ig[] N[] G[] []  G[] [
]  G[] []  G[] []  G[] []  G[] []  G[] []  G[] []
 []


Overfull \hbox (10.2288pt too wide) detected at line 4843
\OMS/cmsy/m/n/10 T[] \OT1/cmr/m/n/10 = 16\OML/cmm/m/it/10 ig[] N[] G[] []  G[] 
[]  G[] []  G[] []  G[] []  G[] []  G[] []  G[] []
 []


Overfull \hbox (10.11305pt too wide) detected at line 4846
\OMS/cmsy/m/n/10 T[] \OT1/cmr/m/n/10 = 16\OML/cmm/m/it/10 ig[] N[] G[] []  G[] 
[]  G[] []  G[] []  G[] []  G[] []  G[] []  G[] []
 []


Overfull \hbox (10.11305pt too wide) detected at line 4849
\OMS/cmsy/m/n/10 T[] \OT1/cmr/m/n/10 = 16\OML/cmm/m/it/10 ig[] N[] G[] []  G[] 
[]  G[] []  G[] []  G[] []  G[] []  G[] []  G[] []
 []


Overfull \hbox (10.2288pt too wide) detected at line 4852
\OMS/cmsy/m/n/10 T[] \OT1/cmr/m/n/10 = 16\OML/cmm/m/it/10 ig[] N[] G[] []  G[] 
[]  G[] []  G[] []  G[] []  G[] []  G[] []  G[] []
 []


Overfull \hbox (9.64153pt too wide) detected at line 4855
\OMS/cmsy/m/n/10 T[] \OT1/cmr/m/n/10 = 64\OML/cmm/m/it/10 ig[] N[] G[] []  G[] 
[]  G[] []  G[] []  G[] []  G[] []  G[] []  G[] []
 []


Overfull \hbox (9.52577pt too wide) detected at line 4858
\OMS/cmsy/m/n/10 T[] \OT1/cmr/m/n/10 = 64\OML/cmm/m/it/10 ig[] N[] G[] []  G[] 
[]  G[] []  G[] []  G[] []  G[] []  G[] []  G[] []
 []


Overfull \hbox (9.52577pt too wide) detected at line 4861
\OMS/cmsy/m/n/10 T[] \OT1/cmr/m/n/10 = 64\OML/cmm/m/it/10 ig[] N[] G[] []  G[] 
[]  G[] []  G[] []  G[] []  G[] []  G[] []  G[] []
 []


Overfull \hbox (6.63486pt too wide) detected at line 4864
\OMS/cmsy/m/n/10 T[] \OT1/cmr/m/n/10 = 2\OML/cmm/m/it/10 ig[] N[] G[] []  G[] [
]  G[] []  G[] []  G[] []  G[] []  G[] []  G[] []
 []


Overfull \hbox (6.5191pt too wide) detected at line 4867
\OMS/cmsy/m/n/10 T[] \OT1/cmr/m/n/10 = 2\OML/cmm/m/it/10 ig[] N[] G[] []  G[] [
]  G[] []  G[] []  G[] []  G[] []  G[] []  G[] []
 []


Overfull \hbox (6.5191pt too wide) detected at line 4870
\OMS/cmsy/m/n/10 T[] \OT1/cmr/m/n/10 = 2\OML/cmm/m/it/10 ig[] N[] G[] []  G[] [
]  G[] []  G[] []  G[] []  G[] []  G[] []  G[] []
 []


Overfull \hbox (5.81607pt too wide) detected at line 4873
\OMS/cmsy/m/n/10 T[] \OT1/cmr/m/n/10 = 8\OML/cmm/m/it/10 ig[] N[] G[] []  G[] [
]  G[] []  G[] []  G[] []  G[] []  G[] []  G[] []
 []


Overfull \hbox (5.93182pt too wide) detected at line 4876
\OMS/cmsy/m/n/10 T[] \OT1/cmr/m/n/10 = 8\OML/cmm/m/it/10 ig[] N[] G[] []  G[] [
]  G[] []  G[] []  G[] []  G[] []  G[] []  G[] []
 []


Overfull \hbox (5.93182pt too wide) detected at line 4879
\OMS/cmsy/m/n/10 T[] \OT1/cmr/m/n/10 = 8\OML/cmm/m/it/10 ig[] N[] G[] []  G[] [
]  G[] []  G[] []  G[] []  G[] []  G[] []  G[] []
 []


Overfull \hbox (5.81607pt too wide) detected at line 4882
\OMS/cmsy/m/n/10 T[] \OT1/cmr/m/n/10 = 8\OML/cmm/m/it/10 ig[] N[] G[] []  G[] [
]  G[] []  G[] []  G[] []  G[] []  G[] []  G[] []
 []


Overfull \hbox (10.2288pt too wide) detected at line 4885
\OMS/cmsy/m/n/10 T[] \OT1/cmr/m/n/10 = 32\OML/cmm/m/it/10 ig[] N[] G[] []  G[] 
[]  G[] []  G[] []  G[] []  G[] []  G[] []  G[] []
 []


Overfull \hbox (5.81607pt too wide) detected at line 4888
\OMS/cmsy/m/n/10 T[] \OT1/cmr/m/n/10 = 8\OML/cmm/m/it/10 ig[] N[] G[] []  G[] [
]  G[] []  G[] []  G[] []  G[] []  G[] []  G[] []
 []


Overfull \hbox (5.81607pt too wide) detected at line 4891
\OMS/cmsy/m/n/10 T[] \OT1/cmr/m/n/10 = 8\OML/cmm/m/it/10 ig[] N[] G[] []  G[] [
]  G[] []  G[] []  G[] []  G[] []  G[] []  G[] []
 []


Overfull \hbox (5.70032pt too wide) detected at line 4894
\OMS/cmsy/m/n/10 T[] \OT1/cmr/m/n/10 = 8\OML/cmm/m/it/10 ig[] N[] G[] []  G[] [
]  G[] []  G[] []  G[] []  G[] []  G[] []  G[] []
 []


Overfull \hbox (10.11305pt too wide) detected at line 4897
\OMS/cmsy/m/n/10 T[] \OT1/cmr/m/n/10 = 32\OML/cmm/m/it/10 ig[] N[] G[] []  G[] 
[]  G[] []  G[] []  G[] []  G[] []  G[] []  G[] []
 []


Overfull \hbox (5.93182pt too wide) detected at line 4900
\OMS/cmsy/m/n/10 T[] \OT1/cmr/m/n/10 = 8\OML/cmm/m/it/10 ig[] N[] G[] []  G[] [
]  G[] []  G[] []  G[] []  G[] []  G[] []  G[] []
 []


Overfull \hbox (5.81607pt too wide) detected at line 4903
\OMS/cmsy/m/n/10 T[] \OT1/cmr/m/n/10 = 8\OML/cmm/m/it/10 ig[] N[] G[] []  G[] [
]  G[] []  G[] []  G[] []  G[] []  G[] []  G[] []
 []


Overfull \hbox (5.81607pt too wide) detected at line 4906
\OMS/cmsy/m/n/10 T[] \OT1/cmr/m/n/10 = 8\OML/cmm/m/it/10 ig[] N[] G[] []  G[] [
]  G[] []  G[] []  G[] []  G[] []  G[] []  G[] []
 []


Overfull \hbox (10.11305pt too wide) detected at line 4909
\OMS/cmsy/m/n/10 T[] \OT1/cmr/m/n/10 = 32\OML/cmm/m/it/10 ig[] N[] G[] []  G[] 
[]  G[] []  G[] []  G[] []  G[] []  G[] []  G[] []
 []

[43]
Overfull \hbox (6.5191pt too wide) detected at line 4912
\OMS/cmsy/m/n/10 T[] \OT1/cmr/m/n/10 = 2\OML/cmm/m/it/10 ig[] N[] G[] []  G[] [
]  G[] []  G[] []  G[] []  G[] []  G[] []  G[] []
 []


Overfull \hbox (5.81607pt too wide) detected at line 4915
\OMS/cmsy/m/n/10 T[] \OT1/cmr/m/n/10 = 8\OML/cmm/m/it/10 ig[] N[] G[] []  G[] [
]  G[] []  G[] []  G[] []  G[] []  G[] []  G[] []
 []


Overfull \hbox (5.81607pt too wide) detected at line 4918
\OMS/cmsy/m/n/10 T[] \OT1/cmr/m/n/10 = 8\OML/cmm/m/it/10 ig[] N[] G[] []  G[] [
]  G[] []  G[] []  G[] []  G[] []  G[] []  G[] []
 []


Overfull \hbox (5.70032pt too wide) detected at line 4921
\OMS/cmsy/m/n/10 T[] \OT1/cmr/m/n/10 = 8\OML/cmm/m/it/10 ig[] N[] G[] []  G[] [
]  G[] []  G[] []  G[] []  G[] []  G[] []  G[] []
 []


Overfull \hbox (5.81607pt too wide) detected at line 4924
\OMS/cmsy/m/n/10 T[] \OT1/cmr/m/n/10 = 8\OML/cmm/m/it/10 ig[] N[] G[] []  G[] [
]  G[] []  G[] []  G[] []  G[] []  G[] []  G[] []
 []


Overfull \hbox (10.2288pt too wide) detected at line 4927
\OMS/cmsy/m/n/10 T[] \OT1/cmr/m/n/10 = 32\OML/cmm/m/it/10 ig[] N[] G[] []  G[] 
[]  G[] []  G[] []  G[] []  G[] []  G[] []  G[] []
 []


Overfull \hbox (10.11305pt too wide) detected at line 4930
\OMS/cmsy/m/n/10 T[] \OT1/cmr/m/n/10 = 32\OML/cmm/m/it/10 ig[] N[] G[] []  G[] 
[]  G[] []  G[] []  G[] []  G[] []  G[] []  G[] []
 []


Overfull \hbox (10.11305pt too wide) detected at line 4933
\OMS/cmsy/m/n/10 T[] \OT1/cmr/m/n/10 = 32\OML/cmm/m/it/10 ig[] N[] G[] []  G[] 
[]  G[] []  G[] []  G[] []  G[] []  G[] []  G[] []
 []


Overfull \hbox (5.70032pt too wide) detected at line 4936
\OMS/cmsy/m/n/10 T[] \OT1/cmr/m/n/10 = 8\OML/cmm/m/it/10 ig[] N[] G[] []  G[] [
]  G[] []  G[] []  G[] []  G[] []  G[] []  G[] []
 []


Overfull \hbox (10.11305pt too wide) detected at line 4939
\OMS/cmsy/m/n/10 T[] \OT1/cmr/m/n/10 = 32\OML/cmm/m/it/10 ig[] N[] G[] []  G[] 
[]  G[] []  G[] []  G[] []  G[] []  G[] []  G[] []
 []


Overfull \hbox (9.9973pt too wide) detected at line 4942
\OMS/cmsy/m/n/10 T[] \OT1/cmr/m/n/10 = 32\OML/cmm/m/it/10 ig[] N[] G[] []  G[] 
[]  G[] []  G[] []  G[] []  G[] []  G[] []  G[] []
 []


Overfull \hbox (9.9973pt too wide) detected at line 4945
\OMS/cmsy/m/n/10 T[] \OT1/cmr/m/n/10 = 32\OML/cmm/m/it/10 ig[] N[] G[] []  G[] 
[]  G[] []  G[] []  G[] []  G[] []  G[] []  G[] []
 []


Overfull \hbox (5.81607pt too wide) detected at line 4948
\OMS/cmsy/m/n/10 T[] \OT1/cmr/m/n/10 = 8\OML/cmm/m/it/10 ig[] N[] G[] []  G[] [
]  G[] []  G[] []  G[] []  G[] []  G[] []  G[] []
 []


Overfull \hbox (10.11305pt too wide) detected at line 4951
\OMS/cmsy/m/n/10 T[] \OT1/cmr/m/n/10 = 32\OML/cmm/m/it/10 ig[] N[] G[] []  G[] 
[]  G[] []  G[] []  G[] []  G[] []  G[] []  G[] []
 []


Overfull \hbox (10.11305pt too wide) detected at line 4954
\OMS/cmsy/m/n/10 T[] \OT1/cmr/m/n/10 = 32\OML/cmm/m/it/10 ig[] N[] G[] []  G[] 
[]  G[] []  G[] []  G[] []  G[] []  G[] []  G[] []
 []


Overfull \hbox (9.9973pt too wide) detected at line 4957
\OMS/cmsy/m/n/10 T[] \OT1/cmr/m/n/10 = 32\OML/cmm/m/it/10 ig[] N[] G[] []  G[] 
[]  G[] []  G[] []  G[] []  G[] []  G[] []  G[] []
 []


Overfull \hbox (1.63484pt too wide) detected at line 4960
\OMS/cmsy/m/n/10 T[] \OT1/cmr/m/n/10 = \OML/cmm/m/it/10 ig[] N[] G[] []  G[] []
  G[] []  G[] []  G[] []  G[] []  G[] []  G[] []
 []


Overfull \hbox (1.51909pt too wide) detected at line 4963
\OMS/cmsy/m/n/10 T[] \OT1/cmr/m/n/10 = \OML/cmm/m/it/10 ig[] N[] G[] []  G[] []
  G[] []  G[] []  G[] []  G[] []  G[] []  G[] []
 []


Overfull \hbox (1.51909pt too wide) detected at line 4966
\OMS/cmsy/m/n/10 T[] \OT1/cmr/m/n/10 = \OML/cmm/m/it/10 ig[] N[] G[] []  G[] []
  G[] []  G[] []  G[] []  G[] []  G[] []  G[] []
 []


Overfull \hbox (5.81607pt too wide) detected at line 4969
\OMS/cmsy/m/n/10 T[] \OT1/cmr/m/n/10 = 4\OML/cmm/m/it/10 ig[] N[] G[] []  G[] [
]  G[] []  G[] []  G[] []  G[] []  G[] []  G[] []
 []


Overfull \hbox (5.81607pt too wide) detected at line 4972
\OMS/cmsy/m/n/10 T[] \OT1/cmr/m/n/10 = 8\OML/cmm/m/it/10 ig[] N[] G[] []  G[] [
]  G[] []  G[] []  G[] []  G[] []  G[] []  G[] []
 []


Overfull \hbox (5.81607pt too wide) detected at line 4975
\OMS/cmsy/m/n/10 T[] \OT1/cmr/m/n/10 = 8\OML/cmm/m/it/10 ig[] N[] G[] []  G[] [
]  G[] []  G[] []  G[] []  G[] []  G[] []  G[] []
 []


Overfull \hbox (5.70032pt too wide) detected at line 4978
\OMS/cmsy/m/n/10 T[] \OT1/cmr/m/n/10 = 8\OML/cmm/m/it/10 ig[] N[] G[] []  G[] [
]  G[] []  G[] []  G[] []  G[] []  G[] []  G[] []
 []


Overfull \hbox (10.11305pt too wide) detected at line 4981
\OMS/cmsy/m/n/10 T[] \OT1/cmr/m/n/10 = 32\OML/cmm/m/it/10 ig[] N[] G[] []  G[] 
[]  G[] []  G[] []  G[] []  G[] []  G[] []  G[] []
 []


Overfull \hbox (5.81607pt too wide) detected at line 4984
\OMS/cmsy/m/n/10 T[] \OT1/cmr/m/n/10 = 4\OML/cmm/m/it/10 ig[] N[] G[] []  G[] [
]  G[] []  G[] []  G[] []  G[] []  G[] []  G[] []
 []


Overfull \hbox (5.70032pt too wide) detected at line 4987
\OMS/cmsy/m/n/10 T[] \OT1/cmr/m/n/10 = 4\OML/cmm/m/it/10 ig[] N[] G[] []  G[] [
]  G[] []  G[] []  G[] []  G[] []  G[] []  G[] []
 []


Overfull \hbox (5.70032pt too wide) detected at line 4990
\OMS/cmsy/m/n/10 T[] \OT1/cmr/m/n/10 = 4\OML/cmm/m/it/10 ig[] N[] G[] []  G[] [
]  G[] []  G[] []  G[] []  G[] []  G[] []  G[] []
 []


Overfull \hbox (9.9973pt too wide) detected at line 4993
\OMS/cmsy/m/n/10 T[] \OT1/cmr/m/n/10 = 16\OML/cmm/m/it/10 ig[] N[] G[] []  G[] 
[]  G[] []  G[] []  G[] []  G[] []  G[] []  G[] []
 []


Overfull \hbox (10.11305pt too wide) detected at line 4996
\OMS/cmsy/m/n/10 T[] \OT1/cmr/m/n/10 = 32\OML/cmm/m/it/10 ig[] N[] G[] []  G[] 
[]  G[] []  G[] []  G[] []  G[] []  G[] []  G[] []
 []


Overfull \hbox (10.11305pt too wide) detected at line 4999
\OMS/cmsy/m/n/10 T[] \OT1/cmr/m/n/10 = 32\OML/cmm/m/it/10 ig[] N[] G[] []  G[] 
[]  G[] []  G[] []  G[] []  G[] []  G[] []  G[] []
 []


Overfull \hbox (9.9973pt too wide) detected at line 5002
\OMS/cmsy/m/n/10 T[] \OT1/cmr/m/n/10 = 32\OML/cmm/m/it/10 ig[] N[] G[] []  G[] 
[]  G[] []  G[] []  G[] []  G[] []  G[] []  G[] []
 []


Overfull \hbox (14.41003pt too wide) detected at line 5005
\OMS/cmsy/m/n/10 T[] \OT1/cmr/m/n/10 = 128\OML/cmm/m/it/10 ig[] N[] G[] []  G[]
 []  G[] []  G[] []  G[] []  G[] []  G[] []  G[] []
 []


Overfull \hbox (5.81607pt too wide) detected at line 5008
\OMS/cmsy/m/n/10 T[] \OT1/cmr/m/n/10 = 4\OML/cmm/m/it/10 ig[] N[] G[] []  G[] [
]  G[] []  G[] []  G[] []  G[] []  G[] []  G[] []
 []


Overfull \hbox (5.70032pt too wide) detected at line 5011
\OMS/cmsy/m/n/10 T[] \OT1/cmr/m/n/10 = 4\OML/cmm/m/it/10 ig[] N[] G[] []  G[] [
]  G[] []  G[] []  G[] []  G[] []  G[] []  G[] []
 []


Overfull \hbox (5.70032pt too wide) detected at line 5014
\OMS/cmsy/m/n/10 T[] \OT1/cmr/m/n/10 = 4\OML/cmm/m/it/10 ig[] N[] G[] []  G[] [
]  G[] []  G[] []  G[] []  G[] []  G[] []  G[] []
 []


Overfull \hbox (9.9973pt too wide) detected at line 5017
\OMS/cmsy/m/n/10 T[] \OT1/cmr/m/n/10 = 16\OML/cmm/m/it/10 ig[] N[] G[] []  G[] 
[]  G[] []  G[] []  G[] []  G[] []  G[] []  G[] []
 []


Overfull \hbox (10.2288pt too wide) detected at line 5020
\OMS/cmsy/m/n/10 T[] \OT1/cmr/m/n/10 = 16\OML/cmm/m/it/10 ig[] N[] G[] []  G[] 
[]  G[] []  G[] []  G[] []  G[] []  G[] []  G[] []
 []


Overfull \hbox (10.11305pt too wide) detected at line 5023
\OMS/cmsy/m/n/10 T[] \OT1/cmr/m/n/10 = 16\OML/cmm/m/it/10 ig[] N[] G[] []  G[] 
[]  G[] []  G[] []  G[] []  G[] []  G[] []  G[] []
 []

[44]
Overfull \hbox (10.11305pt too wide) detected at line 5026
\OMS/cmsy/m/n/10 T[] \OT1/cmr/m/n/10 = 16\OML/cmm/m/it/10 ig[] N[] G[] []  G[] 
[]  G[] []  G[] []  G[] []  G[] []  G[] []  G[] []
 []


Overfull \hbox (9.41002pt too wide) detected at line 5029
\OMS/cmsy/m/n/10 T[] \OT1/cmr/m/n/10 = 64\OML/cmm/m/it/10 ig[] N[] G[] []  G[] 
[]  G[] []  G[] []  G[] []  G[] []  G[] []  G[] []
 []


Overfull \hbox (1.63484pt too wide) detected at line 5032
\OMS/cmsy/m/n/10 T[] \OT1/cmr/m/n/10 = \OML/cmm/m/it/10 ig[] N[] G[] []  G[] []
  G[] []  G[] []  G[] []  G[] []  G[] []  G[] []
 []


Overfull \hbox (5.93182pt too wide) detected at line 5035
\OMS/cmsy/m/n/10 T[] \OT1/cmr/m/n/10 = 4\OML/cmm/m/it/10 ig[] N[] G[] []  G[] [
]  G[] []  G[] []  G[] []  G[] []  G[] []  G[] []
 []


Overfull \hbox (5.93182pt too wide) detected at line 5038
\OMS/cmsy/m/n/10 T[] \OT1/cmr/m/n/10 = 4\OML/cmm/m/it/10 ig[] N[] G[] []  G[] [
]  G[] []  G[] []  G[] []  G[] []  G[] []  G[] []
 []


Overfull \hbox (5.81607pt too wide) detected at line 5041
\OMS/cmsy/m/n/10 T[] \OT1/cmr/m/n/10 = 4\OML/cmm/m/it/10 ig[] N[] G[] []  G[] [
]  G[] []  G[] []  G[] []  G[] []  G[] []  G[] []
 []


Overfull \hbox (5.81607pt too wide) detected at line 5044
\OMS/cmsy/m/n/10 T[] \OT1/cmr/m/n/10 = 8\OML/cmm/m/it/10 ig[] N[] G[] []  G[] [
]  G[] []  G[] []  G[] []  G[] []  G[] []  G[] []
 []


Overfull \hbox (10.2288pt too wide) detected at line 5047
\OMS/cmsy/m/n/10 T[] \OT1/cmr/m/n/10 = 32\OML/cmm/m/it/10 ig[] N[] G[] []  G[] 
[]  G[] []  G[] []  G[] []  G[] []  G[] []  G[] []
 []


Overfull \hbox (10.11305pt too wide) detected at line 5050
\OMS/cmsy/m/n/10 T[] \OT1/cmr/m/n/10 = 32\OML/cmm/m/it/10 ig[] N[] G[] []  G[] 
[]  G[] []  G[] []  G[] []  G[] []  G[] []  G[] []
 []


Overfull \hbox (10.11305pt too wide) detected at line 5053
\OMS/cmsy/m/n/10 T[] \OT1/cmr/m/n/10 = 32\OML/cmm/m/it/10 ig[] N[] G[] []  G[] 
[]  G[] []  G[] []  G[] []  G[] []  G[] []  G[] []
 []


Overfull \hbox (5.81607pt too wide) detected at line 5056
\OMS/cmsy/m/n/10 T[] \OT1/cmr/m/n/10 = 4\OML/cmm/m/it/10 ig[] N[] G[] []  G[] [
]  G[] []  G[] []  G[] []  G[] []  G[] []  G[] []
 []


Overfull \hbox (10.11305pt too wide) detected at line 5059
\OMS/cmsy/m/n/10 T[] \OT1/cmr/m/n/10 = 16\OML/cmm/m/it/10 ig[] N[] G[] []  G[] 
[]  G[] []  G[] []  G[] []  G[] []  G[] []  G[] []
 []


Overfull \hbox (10.11305pt too wide) detected at line 5062
\OMS/cmsy/m/n/10 T[] \OT1/cmr/m/n/10 = 16\OML/cmm/m/it/10 ig[] N[] G[] []  G[] 
[]  G[] []  G[] []  G[] []  G[] []  G[] []  G[] []
 []


Overfull \hbox (9.9973pt too wide) detected at line 5065
\OMS/cmsy/m/n/10 T[] \OT1/cmr/m/n/10 = 16\OML/cmm/m/it/10 ig[] N[] G[] []  G[] 
[]  G[] []  G[] []  G[] []  G[] []  G[] []  G[] []
 []


Overfull \hbox (10.11305pt too wide) detected at line 5068
\OMS/cmsy/m/n/10 T[] \OT1/cmr/m/n/10 = 32\OML/cmm/m/it/10 ig[] N[] G[] []  G[] 
[]  G[] []  G[] []  G[] []  G[] []  G[] []  G[] []
 []


Overfull \hbox (14.52579pt too wide) detected at line 5071
\OMS/cmsy/m/n/10 T[] \OT1/cmr/m/n/10 = 128\OML/cmm/m/it/10 ig[] N[] G[] []  G[]
 []  G[] []  G[] []  G[] []  G[] []  G[] []  G[] []
 []


Overfull \hbox (14.41003pt too wide) detected at line 5074
\OMS/cmsy/m/n/10 T[] \OT1/cmr/m/n/10 = 128\OML/cmm/m/it/10 ig[] N[] G[] []  G[]
 []  G[] []  G[] []  G[] []  G[] []  G[] []  G[] []
 []


Overfull \hbox (14.41003pt too wide) detected at line 5077
\OMS/cmsy/m/n/10 T[] \OT1/cmr/m/n/10 = 128\OML/cmm/m/it/10 ig[] N[] G[] []  G[]
 []  G[] []  G[] []  G[] []  G[] []  G[] []  G[] []
 []


Overfull \hbox (5.81607pt too wide) detected at line 5080
\OMS/cmsy/m/n/10 T[] \OT1/cmr/m/n/10 = 4\OML/cmm/m/it/10 ig[] N[] G[] []  G[] [
]  G[] []  G[] []  G[] []  G[] []  G[] []  G[] []
 []


Overfull \hbox (10.11305pt too wide) detected at line 5083
\OMS/cmsy/m/n/10 T[] \OT1/cmr/m/n/10 = 16\OML/cmm/m/it/10 ig[] N[] G[] []  G[] 
[]  G[] []  G[] []  G[] []  G[] []  G[] []  G[] []
 []


Overfull \hbox (10.11305pt too wide) detected at line 5086
\OMS/cmsy/m/n/10 T[] \OT1/cmr/m/n/10 = 16\OML/cmm/m/it/10 ig[] N[] G[] []  G[] 
[]  G[] []  G[] []  G[] []  G[] []  G[] []  G[] []
 []


Overfull \hbox (9.9973pt too wide) detected at line 5089
\OMS/cmsy/m/n/10 T[] \OT1/cmr/m/n/10 = 16\OML/cmm/m/it/10 ig[] N[] G[] []  G[] 
[]  G[] []  G[] []  G[] []  G[] []  G[] []  G[] []
 []


Overfull \hbox (10.2288pt too wide) detected at line 5092
\OMS/cmsy/m/n/10 T[] \OT1/cmr/m/n/10 = 16\OML/cmm/m/it/10 ig[] N[] G[] []  G[] 
[]  G[] []  G[] []  G[] []  G[] []  G[] []  G[] []
 []


Overfull \hbox (9.52577pt too wide) detected at line 5095
\OMS/cmsy/m/n/10 T[] \OT1/cmr/m/n/10 = 64\OML/cmm/m/it/10 ig[] N[] G[] []  G[] 
[]  G[] []  G[] []  G[] []  G[] []  G[] []  G[] []
 []


Overfull \hbox (9.52577pt too wide) detected at line 5098
\OMS/cmsy/m/n/10 T[] \OT1/cmr/m/n/10 = 64\OML/cmm/m/it/10 ig[] N[] G[] []  G[] 
[]  G[] []  G[] []  G[] []  G[] []  G[] []  G[] []
 []


Overfull \hbox (9.41002pt too wide) detected at line 5101
\OMS/cmsy/m/n/10 T[] \OT1/cmr/m/n/10 = 64\OML/cmm/m/it/10 ig[] N[] G[] []  G[] 
[]  G[] []  G[] []  G[] []  G[] []  G[] []  G[] []
 []


Overfull \hbox (6.04758pt too wide) detected at line 5104
\OMS/cmsy/m/n/10 T[] \OT1/cmr/m/n/10 = 8\OML/cmm/m/it/10 ig[] N[] G[] []  G[] [
]  G[] []  G[] []  G[] []  G[] []  G[] []  G[] []
 []


Overfull \hbox (5.93182pt too wide) detected at line 5107
\OMS/cmsy/m/n/10 T[] \OT1/cmr/m/n/10 = 8\OML/cmm/m/it/10 ig[] N[] G[] []  G[] [
]  G[] []  G[] []  G[] []  G[] []  G[] []  G[] []
 []


Overfull \hbox (5.93182pt too wide) detected at line 5110
\OMS/cmsy/m/n/10 T[] \OT1/cmr/m/n/10 = 8\OML/cmm/m/it/10 ig[] N[] G[] []  G[] [
]  G[] []  G[] []  G[] []  G[] []  G[] []  G[] []
 []


Overfull \hbox (5.93182pt too wide) detected at line 5113
\OMS/cmsy/m/n/10 T[] \OT1/cmr/m/n/10 = 8\OML/cmm/m/it/10 ig[] N[] G[] []  G[] [
]  G[] []  G[] []  G[] []  G[] []  G[] []  G[] []
 []


Overfull \hbox (5.93182pt too wide) detected at line 5116
\OMS/cmsy/m/n/10 T[] \OT1/cmr/m/n/10 = 8\OML/cmm/m/it/10 ig[] N[] G[] []  G[] [
]  G[] []  G[] []  G[] []  G[] []  G[] []  G[] []
 []


Overfull \hbox (5.81607pt too wide) detected at line 5119
\OMS/cmsy/m/n/10 T[] \OT1/cmr/m/n/10 = 8\OML/cmm/m/it/10 ig[] N[] G[] []  G[] [
]  G[] []  G[] []  G[] []  G[] []  G[] []  G[] []
 []


Overfull \hbox (10.2288pt too wide) detected at line 5122
\OMS/cmsy/m/n/10 T[] \OT1/cmr/m/n/10 = 32\OML/cmm/m/it/10 ig[] N[] G[] []  G[] 
[]  G[] []  G[] []  G[] []  G[] []  G[] []  G[] []
 []


Overfull \hbox (10.2288pt too wide) detected at line 5125
\OMS/cmsy/m/n/10 T[] \OT1/cmr/m/n/10 = 32\OML/cmm/m/it/10 ig[] N[] G[] []  G[] 
[]  G[] []  G[] []  G[] []  G[] []  G[] []  G[] []
 []


Overfull \hbox (5.93182pt too wide) detected at line 5128
\OMS/cmsy/m/n/10 T[] \OT1/cmr/m/n/10 = 8\OML/cmm/m/it/10 ig[] N[] G[] []  G[] [
]  G[] []  G[] []  G[] []  G[] []  G[] []  G[] []
 []


Overfull \hbox (5.81607pt too wide) detected at line 5131
\OMS/cmsy/m/n/10 T[] \OT1/cmr/m/n/10 = 8\OML/cmm/m/it/10 ig[] N[] G[] []  G[] [
]  G[] []  G[] []  G[] []  G[] []  G[] []  G[] []
 []


Overfull \hbox (10.2288pt too wide) detected at line 5134
\OMS/cmsy/m/n/10 T[] \OT1/cmr/m/n/10 = 32\OML/cmm/m/it/10 ig[] N[] G[] []  G[] 
[]  G[] []  G[] []  G[] []  G[] []  G[] []  G[] []
 []


Overfull \hbox (10.2288pt too wide) detected at line 5137
\OMS/cmsy/m/n/10 T[] \OT1/cmr/m/n/10 = 32\OML/cmm/m/it/10 ig[] N[] G[] []  G[] 
[]  G[] []  G[] []  G[] []  G[] []  G[] []  G[] []
 []

[45]
Overfull \hbox (5.81607pt too wide) detected at line 5140
\OMS/cmsy/m/n/10 T[] \OT1/cmr/m/n/10 = 8\OML/cmm/m/it/10 ig[] N[] G[] []  G[] [
]  G[] []  G[] []  G[] []  G[] []  G[] []  G[] []
 []


Overfull \hbox (10.11305pt too wide) detected at line 5143
\OMS/cmsy/m/n/10 T[] \OT1/cmr/m/n/10 = 32\OML/cmm/m/it/10 ig[] N[] G[] []  G[] 
[]  G[] []  G[] []  G[] []  G[] []  G[] []  G[] []
 []


Overfull \hbox (10.11305pt too wide) detected at line 5146
\OMS/cmsy/m/n/10 T[] \OT1/cmr/m/n/10 = 32\OML/cmm/m/it/10 ig[] N[] G[] []  G[] 
[]  G[] []  G[] []  G[] []  G[] []  G[] []  G[] []
 []


Overfull \hbox (14.52579pt too wide) detected at line 5149
\OMS/cmsy/m/n/10 T[] \OT1/cmr/m/n/10 = 128\OML/cmm/m/it/10 ig[] N[] G[] []  G[]
 []  G[] []  G[] []  G[] []  G[] []  G[] []  G[] []
 []


Overfull \hbox (5.93182pt too wide) detected at line 5152
\OMS/cmsy/m/n/10 T[] \OT1/cmr/m/n/10 = 8\OML/cmm/m/it/10 ig[] N[] G[] []  G[] [
]  G[] []  G[] []  G[] []  G[] []  G[] []  G[] []
 []


Overfull \hbox (5.81607pt too wide) detected at line 5155
\OMS/cmsy/m/n/10 T[] \OT1/cmr/m/n/10 = 8\OML/cmm/m/it/10 ig[] N[] G[] []  G[] [
]  G[] []  G[] []  G[] []  G[] []  G[] []  G[] []
 []


Overfull \hbox (10.2288pt too wide) detected at line 5158
\OMS/cmsy/m/n/10 T[] \OT1/cmr/m/n/10 = 32\OML/cmm/m/it/10 ig[] N[] G[] []  G[] 
[]  G[] []  G[] []  G[] []  G[] []  G[] []  G[] []
 []


Overfull \hbox (10.2288pt too wide) detected at line 5161
\OMS/cmsy/m/n/10 T[] \OT1/cmr/m/n/10 = 32\OML/cmm/m/it/10 ig[] N[] G[] []  G[] 
[]  G[] []  G[] []  G[] []  G[] []  G[] []  G[] []
 []


Overfull \hbox (10.2288pt too wide) detected at line 5164
\OMS/cmsy/m/n/10 T[] \OT1/cmr/m/n/10 = 32\OML/cmm/m/it/10 ig[] N[] G[] []  G[] 
[]  G[] []  G[] []  G[] []  G[] []  G[] []  G[] []
 []


Overfull \hbox (10.11305pt too wide) detected at line 5167
\OMS/cmsy/m/n/10 T[] \OT1/cmr/m/n/10 = 32\OML/cmm/m/it/10 ig[] N[] G[] []  G[] 
[]  G[] []  G[] []  G[] []  G[] []  G[] []  G[] []
 []


Overfull \hbox (10.11305pt too wide) detected at line 5170
\OMS/cmsy/m/n/10 T[] \OT1/cmr/m/n/10 = 32\OML/cmm/m/it/10 ig[] N[] G[] []  G[] 
[]  G[] []  G[] []  G[] []  G[] []  G[] []  G[] []
 []


Overfull \hbox (10.11305pt too wide) detected at line 5173
\OMS/cmsy/m/n/10 T[] \OT1/cmr/m/n/10 = 32\OML/cmm/m/it/10 ig[] N[] G[] []  G[] 
[]  G[] []  G[] []  G[] []  G[] []  G[] []  G[] []
 []


Overfull \hbox (5.81607pt too wide) detected at line 5176
\OMS/cmsy/m/n/10 T[] \OT1/cmr/m/n/10 = 8\OML/cmm/m/it/10 ig[] N[] G[] []  G[] [
]  G[] []  G[] []  G[] []  G[] []  G[] []  G[] []
 []


Overfull \hbox (10.11305pt too wide) detected at line 5179
\OMS/cmsy/m/n/10 T[] \OT1/cmr/m/n/10 = 32\OML/cmm/m/it/10 ig[] N[] G[] []  G[] 
[]  G[] []  G[] []  G[] []  G[] []  G[] []  G[] []
 []


Overfull \hbox (10.11305pt too wide) detected at line 5182
\OMS/cmsy/m/n/10 T[] \OT1/cmr/m/n/10 = 32\OML/cmm/m/it/10 ig[] N[] G[] []  G[] 
[]  G[] []  G[] []  G[] []  G[] []  G[] []  G[] []
 []


Overfull \hbox (14.52579pt too wide) detected at line 5185
\OMS/cmsy/m/n/10 T[] \OT1/cmr/m/n/10 = 128\OML/cmm/m/it/10 ig[] N[] G[] []  G[]
 []  G[] []  G[] []  G[] []  G[] []  G[] []  G[] []
 []


Overfull \hbox (10.11305pt too wide) detected at line 5188
\OMS/cmsy/m/n/10 T[] \OT1/cmr/m/n/10 = 32\OML/cmm/m/it/10 ig[] N[] G[] []  G[] 
[]  G[] []  G[] []  G[] []  G[] []  G[] []  G[] []
 []


Overfull \hbox (9.9973pt too wide) detected at line 5191
\OMS/cmsy/m/n/10 T[] \OT1/cmr/m/n/10 = 32\OML/cmm/m/it/10 ig[] N[] G[] []  G[] 
[]  G[] []  G[] []  G[] []  G[] []  G[] []  G[] []
 []


Overfull \hbox (14.41003pt too wide) detected at line 5194
\OMS/cmsy/m/n/10 T[] \OT1/cmr/m/n/10 = 128\OML/cmm/m/it/10 ig[] N[] G[] []  G[]
 []  G[] []  G[] []  G[] []  G[] []  G[] []  G[] []
 []


Overfull \hbox (14.41003pt too wide) detected at line 5197
\OMS/cmsy/m/n/10 T[] \OT1/cmr/m/n/10 = 128\OML/cmm/m/it/10 ig[] N[] G[] []  G[]
 []  G[] []  G[] []  G[] []  G[] []  G[] []  G[] []
 []


Overfull \hbox (6.04758pt too wide) detected at line 5200
\OMS/cmsy/m/n/10 T[] \OT1/cmr/m/n/10 = 8\OML/cmm/m/it/10 ig[] N[] G[] []  G[] [
]  G[] []  G[] []  G[] []  G[] []  G[] []  G[] []
 []


Overfull \hbox (5.93182pt too wide) detected at line 5203
\OMS/cmsy/m/n/10 T[] \OT1/cmr/m/n/10 = 8\OML/cmm/m/it/10 ig[] N[] G[] []  G[] [
]  G[] []  G[] []  G[] []  G[] []  G[] []  G[] []
 []


Overfull \hbox (10.34456pt too wide) detected at line 5206
\OMS/cmsy/m/n/10 T[] \OT1/cmr/m/n/10 = 32\OML/cmm/m/it/10 ig[] N[] G[] []  G[] 
[]  G[] []  G[] []  G[] []  G[] []  G[] []  G[] []
 []


Overfull \hbox (10.34456pt too wide) detected at line 5209
\OMS/cmsy/m/n/10 T[] \OT1/cmr/m/n/10 = 32\OML/cmm/m/it/10 ig[] N[] G[] []  G[] 
[]  G[] []  G[] []  G[] []  G[] []  G[] []  G[] []
 []


Overfull \hbox (5.93182pt too wide) detected at line 5212
\OMS/cmsy/m/n/10 T[] \OT1/cmr/m/n/10 = 8\OML/cmm/m/it/10 ig[] N[] G[] []  G[] [
]  G[] []  G[] []  G[] []  G[] []  G[] []  G[] []
 []


Overfull \hbox (10.2288pt too wide) detected at line 5215
\OMS/cmsy/m/n/10 T[] \OT1/cmr/m/n/10 = 32\OML/cmm/m/it/10 ig[] N[] G[] []  G[] 
[]  G[] []  G[] []  G[] []  G[] []  G[] []  G[] []
 []


Overfull \hbox (10.2288pt too wide) detected at line 5218
\OMS/cmsy/m/n/10 T[] \OT1/cmr/m/n/10 = 32\OML/cmm/m/it/10 ig[] N[] G[] []  G[] 
[]  G[] []  G[] []  G[] []  G[] []  G[] []  G[] []
 []


Overfull \hbox (14.64154pt too wide) detected at line 5221
\OMS/cmsy/m/n/10 T[] \OT1/cmr/m/n/10 = 128\OML/cmm/m/it/10 ig[] N[] G[] []  G[]
 []  G[] []  G[] []  G[] []  G[] []  G[] []  G[] []
 []


Overfull \hbox (10.34456pt too wide) detected at line 5224
\OMS/cmsy/m/n/10 T[] \OT1/cmr/m/n/10 = 32\OML/cmm/m/it/10 ig[] N[] G[] []  G[] 
[]  G[] []  G[] []  G[] []  G[] []  G[] []  G[] []
 []


Overfull \hbox (10.2288pt too wide) detected at line 5227
\OMS/cmsy/m/n/10 T[] \OT1/cmr/m/n/10 = 32\OML/cmm/m/it/10 ig[] N[] G[] []  G[] 
[]  G[] []  G[] []  G[] []  G[] []  G[] []  G[] []
 []


Overfull \hbox (10.2288pt too wide) detected at line 5230
\OMS/cmsy/m/n/10 T[] \OT1/cmr/m/n/10 = 32\OML/cmm/m/it/10 ig[] N[] G[] []  G[] 
[]  G[] []  G[] []  G[] []  G[] []  G[] []  G[] []
 []


Overfull \hbox (10.2288pt too wide) detected at line 5233
\OMS/cmsy/m/n/10 T[] \OT1/cmr/m/n/10 = 32\OML/cmm/m/it/10 ig[] N[] G[] []  G[] 
[]  G[] []  G[] []  G[] []  G[] []  G[] []  G[] []
 []


Overfull \hbox (10.2288pt too wide) detected at line 5236
\OMS/cmsy/m/n/10 T[] \OT1/cmr/m/n/10 = 32\OML/cmm/m/it/10 ig[] N[] G[] []  G[] 
[]  G[] []  G[] []  G[] []  G[] []  G[] []  G[] []
 []


Overfull \hbox (10.11305pt too wide) detected at line 5239
\OMS/cmsy/m/n/10 T[] \OT1/cmr/m/n/10 = 32\OML/cmm/m/it/10 ig[] N[] G[] []  G[] 
[]  G[] []  G[] []  G[] []  G[] []  G[] []  G[] []
 []


Overfull \hbox (14.52579pt too wide) detected at line 5242
\OMS/cmsy/m/n/10 T[] \OT1/cmr/m/n/10 = 128\OML/cmm/m/it/10 ig[] N[] G[] []  G[]
 []  G[] []  G[] []  G[] []  G[] []  G[] []  G[] []
 []


Overfull \hbox (14.52579pt too wide) detected at line 5245
\OMS/cmsy/m/n/10 T[] \OT1/cmr/m/n/10 = 128\OML/cmm/m/it/10 ig[] N[] G[] []  G[]
 []  G[] []  G[] []  G[] []  G[] []  G[] []  G[] []
 []


Overfull \hbox (5.93182pt too wide) detected at line 5248
\OMS/cmsy/m/n/10 T[] \OT1/cmr/m/n/10 = 8\OML/cmm/m/it/10 ig[] N[] G[] []  G[] [
]  G[] []  G[] []  G[] []  G[] []  G[] []  G[] []
 []


Overfull \hbox (10.2288pt too wide) detected at line 5251
\OMS/cmsy/m/n/10 T[] \OT1/cmr/m/n/10 = 32\OML/cmm/m/it/10 ig[] N[] G[] []  G[] 
[]  G[] []  G[] []  G[] []  G[] []  G[] []  G[] []
 []

[46]
Overfull \hbox (10.2288pt too wide) detected at line 5254
\OMS/cmsy/m/n/10 T[] \OT1/cmr/m/n/10 = 32\OML/cmm/m/it/10 ig[] N[] G[] []  G[] 
[]  G[] []  G[] []  G[] []  G[] []  G[] []  G[] []
 []


Overfull \hbox (14.64154pt too wide) detected at line 5257
\OMS/cmsy/m/n/10 T[] \OT1/cmr/m/n/10 = 128\OML/cmm/m/it/10 ig[] N[] G[] []  G[]
 []  G[] []  G[] []  G[] []  G[] []  G[] []  G[] []
 []


Overfull \hbox (10.2288pt too wide) detected at line 5260
\OMS/cmsy/m/n/10 T[] \OT1/cmr/m/n/10 = 32\OML/cmm/m/it/10 ig[] N[] G[] []  G[] 
[]  G[] []  G[] []  G[] []  G[] []  G[] []  G[] []
 []


Overfull \hbox (10.11305pt too wide) detected at line 5263
\OMS/cmsy/m/n/10 T[] \OT1/cmr/m/n/10 = 32\OML/cmm/m/it/10 ig[] N[] G[] []  G[] 
[]  G[] []  G[] []  G[] []  G[] []  G[] []  G[] []
 []


Overfull \hbox (14.52579pt too wide) detected at line 5266
\OMS/cmsy/m/n/10 T[] \OT1/cmr/m/n/10 = 128\OML/cmm/m/it/10 ig[] N[] G[] []  G[]
 []  G[] []  G[] []  G[] []  G[] []  G[] []  G[] []
 []


Overfull \hbox (14.52579pt too wide) detected at line 5269
\OMS/cmsy/m/n/10 T[] \OT1/cmr/m/n/10 = 128\OML/cmm/m/it/10 ig[] N[] G[] []  G[]
 []  G[] []  G[] []  G[] []  G[] []  G[] []  G[] []
 []


Overfull \hbox (10.2288pt too wide) detected at line 5272
\OMS/cmsy/m/n/10 T[] \OT1/cmr/m/n/10 = 32\OML/cmm/m/it/10 ig[] N[] G[] []  G[] 
[]  G[] []  G[] []  G[] []  G[] []  G[] []  G[] []
 []


Overfull \hbox (10.11305pt too wide) detected at line 5275
\OMS/cmsy/m/n/10 T[] \OT1/cmr/m/n/10 = 32\OML/cmm/m/it/10 ig[] N[] G[] []  G[] 
[]  G[] []  G[] []  G[] []  G[] []  G[] []  G[] []
 []


Overfull \hbox (14.52579pt too wide) detected at line 5278
\OMS/cmsy/m/n/10 T[] \OT1/cmr/m/n/10 = 128\OML/cmm/m/it/10 ig[] N[] G[] []  G[]
 []  G[] []  G[] []  G[] []  G[] []  G[] []  G[] []
 []


Overfull \hbox (14.52579pt too wide) detected at line 5281
\OMS/cmsy/m/n/10 T[] \OT1/cmr/m/n/10 = 128\OML/cmm/m/it/10 ig[] N[] G[] []  G[]
 []  G[] []  G[] []  G[] []  G[] []  G[] []  G[] []
 []


Overfull \hbox (14.52579pt too wide) detected at line 5284
\OMS/cmsy/m/n/10 T[] \OT1/cmr/m/n/10 = 128\OML/cmm/m/it/10 ig[] N[] G[] []  G[]
 []  G[] []  G[] []  G[] []  G[] []  G[] []  G[] []
 []


Overfull \hbox (14.41003pt too wide) detected at line 5287
\OMS/cmsy/m/n/10 T[] \OT1/cmr/m/n/10 = 128\OML/cmm/m/it/10 ig[] N[] G[] []  G[]
 []  G[] []  G[] []  G[] []  G[] []  G[] []  G[] []
 []


Overfull \hbox (14.41003pt too wide) detected at line 5290
\OMS/cmsy/m/n/10 T[] \OT1/cmr/m/n/10 = 128\OML/cmm/m/it/10 ig[] N[] G[] []  G[]
 []  G[] []  G[] []  G[] []  G[] []  G[] []  G[] []
 []


Overfull \hbox (14.41003pt too wide) detected at line 5293
\OMS/cmsy/m/n/10 T[] \OT1/cmr/m/n/10 = 128\OML/cmm/m/it/10 ig[] N[] G[] []  G[]
 []  G[] []  G[] []  G[] []  G[] []  G[] []  G[] []
 []


Overfull \hbox (1.7506pt too wide) detected at line 5296
\OMS/cmsy/m/n/10 T[] \OT1/cmr/m/n/10 = \OML/cmm/m/it/10 ig[] N[] G[] []  G[] []
  G[] []  G[] []  G[] []  G[] []  G[] []  G[] []
 []


Overfull \hbox (1.7506pt too wide) detected at line 5299
\OMS/cmsy/m/n/10 T[] \OT1/cmr/m/n/10 = \OML/cmm/m/it/10 ig[] N[] G[] []  G[] []
  G[] []  G[] []  G[] []  G[] []  G[] []  G[] []
 []


Overfull \hbox (1.63484pt too wide) detected at line 5302
\OMS/cmsy/m/n/10 T[] \OT1/cmr/m/n/10 = \OML/cmm/m/it/10 ig[] N[] G[] []  G[] []
  G[] []  G[] []  G[] []  G[] []  G[] []  G[] []
 []


Overfull \hbox (6.04758pt too wide) detected at line 5305
\OMS/cmsy/m/n/10 T[] \OT1/cmr/m/n/10 = 4\OML/cmm/m/it/10 ig[] N[] G[] []  G[] [
]  G[] []  G[] []  G[] []  G[] []  G[] []  G[] []
 []


Overfull \hbox (6.75061pt too wide) detected at line 5308
\OMS/cmsy/m/n/10 T[] \OT1/cmr/m/n/10 = 2\OML/cmm/m/it/10 ig[] N[] G[] []  G[] [
]  G[] []  G[] []  G[] []  G[] []  G[] []  G[] []
 []


Overfull \hbox (6.63486pt too wide) detected at line 5311
\OMS/cmsy/m/n/10 T[] \OT1/cmr/m/n/10 = 2\OML/cmm/m/it/10 ig[] N[] G[] []  G[] [
]  G[] []  G[] []  G[] []  G[] []  G[] []  G[] []
 []


Overfull \hbox (6.63486pt too wide) detected at line 5314
\OMS/cmsy/m/n/10 T[] \OT1/cmr/m/n/10 = 2\OML/cmm/m/it/10 ig[] N[] G[] []  G[] [
]  G[] []  G[] []  G[] []  G[] []  G[] []  G[] []
 []


Overfull \hbox (5.93182pt too wide) detected at line 5317
\OMS/cmsy/m/n/10 T[] \OT1/cmr/m/n/10 = 8\OML/cmm/m/it/10 ig[] N[] G[] []  G[] [
]  G[] []  G[] []  G[] []  G[] []  G[] []  G[] []
 []


Overfull \hbox (5.93182pt too wide) detected at line 5320
\OMS/cmsy/m/n/10 T[] \OT1/cmr/m/n/10 = 4\OML/cmm/m/it/10 ig[] N[] G[] []  G[] [
]  G[] []  G[] []  G[] []  G[] []  G[] []  G[] []
 []


Overfull \hbox (5.93182pt too wide) detected at line 5323
\OMS/cmsy/m/n/10 T[] \OT1/cmr/m/n/10 = 4\OML/cmm/m/it/10 ig[] N[] G[] []  G[] [
]  G[] []  G[] []  G[] []  G[] []  G[] []  G[] []
 []


Overfull \hbox (5.81607pt too wide) detected at line 5326
\OMS/cmsy/m/n/10 T[] \OT1/cmr/m/n/10 = 4\OML/cmm/m/it/10 ig[] N[] G[] []  G[] [
]  G[] []  G[] []  G[] []  G[] []  G[] []  G[] []
 []


Overfull \hbox (10.2288pt too wide) detected at line 5329
\OMS/cmsy/m/n/10 T[] \OT1/cmr/m/n/10 = 16\OML/cmm/m/it/10 ig[] N[] G[] []  G[] 
[]  G[] []  G[] []  G[] []  G[] []  G[] []  G[] []
 []


Overfull \hbox (6.04758pt too wide) detected at line 5332
\OMS/cmsy/m/n/10 T[] \OT1/cmr/m/n/10 = 8\OML/cmm/m/it/10 ig[] N[] G[] []  G[] [
]  G[] []  G[] []  G[] []  G[] []  G[] []  G[] []
 []


Overfull \hbox (5.93182pt too wide) detected at line 5335
\OMS/cmsy/m/n/10 T[] \OT1/cmr/m/n/10 = 8\OML/cmm/m/it/10 ig[] N[] G[] []  G[] [
]  G[] []  G[] []  G[] []  G[] []  G[] []  G[] []
 []


Overfull \hbox (5.93182pt too wide) detected at line 5338
\OMS/cmsy/m/n/10 T[] \OT1/cmr/m/n/10 = 8\OML/cmm/m/it/10 ig[] N[] G[] []  G[] [
]  G[] []  G[] []  G[] []  G[] []  G[] []  G[] []
 []


Overfull \hbox (10.2288pt too wide) detected at line 5341
\OMS/cmsy/m/n/10 T[] \OT1/cmr/m/n/10 = 32\OML/cmm/m/it/10 ig[] N[] G[] []  G[] 
[]  G[] []  G[] []  G[] []  G[] []  G[] []  G[] []
 []


Overfull \hbox (5.93182pt too wide) detected at line 5344
\OMS/cmsy/m/n/10 T[] \OT1/cmr/m/n/10 = 4\OML/cmm/m/it/10 ig[] N[] G[] []  G[] [
]  G[] []  G[] []  G[] []  G[] []  G[] []  G[] []
 []


Overfull \hbox (5.93182pt too wide) detected at line 5347
\OMS/cmsy/m/n/10 T[] \OT1/cmr/m/n/10 = 4\OML/cmm/m/it/10 ig[] N[] G[] []  G[] [
]  G[] []  G[] []  G[] []  G[] []  G[] []  G[] []
 []


Overfull \hbox (5.81607pt too wide) detected at line 5350
\OMS/cmsy/m/n/10 T[] \OT1/cmr/m/n/10 = 4\OML/cmm/m/it/10 ig[] N[] G[] []  G[] [
]  G[] []  G[] []  G[] []  G[] []  G[] []  G[] []
 []


Overfull \hbox (10.2288pt too wide) detected at line 5353
\OMS/cmsy/m/n/10 T[] \OT1/cmr/m/n/10 = 16\OML/cmm/m/it/10 ig[] N[] G[] []  G[] 
[]  G[] []  G[] []  G[] []  G[] []  G[] []  G[] []
 []


Overfull \hbox (10.34456pt too wide) detected at line 5356
\OMS/cmsy/m/n/10 T[] \OT1/cmr/m/n/10 = 16\OML/cmm/m/it/10 ig[] N[] G[] []  G[] 
[]  G[] []  G[] []  G[] []  G[] []  G[] []  G[] []
 []


Overfull \hbox (10.34456pt too wide) detected at line 5359
\OMS/cmsy/m/n/10 T[] \OT1/cmr/m/n/10 = 16\OML/cmm/m/it/10 ig[] N[] G[] []  G[] 
[]  G[] []  G[] []  G[] []  G[] []  G[] []  G[] []
 []


Overfull \hbox (10.2288pt too wide) detected at line 5362
\OMS/cmsy/m/n/10 T[] \OT1/cmr/m/n/10 = 16\OML/cmm/m/it/10 ig[] N[] G[] []  G[] 
[]  G[] []  G[] []  G[] []  G[] []  G[] []  G[] []
 []


Overfull \hbox (9.64153pt too wide) detected at line 5365
\OMS/cmsy/m/n/10 T[] \OT1/cmr/m/n/10 = 64\OML/cmm/m/it/10 ig[] N[] G[] []  G[] 
[]  G[] []  G[] []  G[] []  G[] []  G[] []  G[] []
 []

[47]
Overfull \hbox (1.63484pt too wide) detected at line 5368
\OMS/cmsy/m/n/10 T[] \OT1/cmr/m/n/10 = \OML/cmm/m/it/10 ig[] N[] G[] []  G[] []
  G[] []  G[] []  G[] []  G[] []  G[] []  G[] []
 []


Overfull \hbox (6.04758pt too wide) detected at line 5371
\OMS/cmsy/m/n/10 T[] \OT1/cmr/m/n/10 = 4\OML/cmm/m/it/10 ig[] N[] G[] []  G[] [
]  G[] []  G[] []  G[] []  G[] []  G[] []  G[] []
 []


Overfull \hbox (5.93182pt too wide) detected at line 5374
\OMS/cmsy/m/n/10 T[] \OT1/cmr/m/n/10 = 4\OML/cmm/m/it/10 ig[] N[] G[] []  G[] [
]  G[] []  G[] []  G[] []  G[] []  G[] []  G[] []
 []


Overfull \hbox (5.93182pt too wide) detected at line 5377
\OMS/cmsy/m/n/10 T[] \OT1/cmr/m/n/10 = 4\OML/cmm/m/it/10 ig[] N[] G[] []  G[] [
]  G[] []  G[] []  G[] []  G[] []  G[] []  G[] []
 []


Overfull \hbox (6.63486pt too wide) detected at line 5380
\OMS/cmsy/m/n/10 T[] \OT1/cmr/m/n/10 = 2\OML/cmm/m/it/10 ig[] N[] G[] []  G[] [
]  G[] []  G[] []  G[] []  G[] []  G[] []  G[] []
 []


Overfull \hbox (5.93182pt too wide) detected at line 5383
\OMS/cmsy/m/n/10 T[] \OT1/cmr/m/n/10 = 8\OML/cmm/m/it/10 ig[] N[] G[] []  G[] [
]  G[] []  G[] []  G[] []  G[] []  G[] []  G[] []
 []


Overfull \hbox (5.93182pt too wide) detected at line 5386
\OMS/cmsy/m/n/10 T[] \OT1/cmr/m/n/10 = 8\OML/cmm/m/it/10 ig[] N[] G[] []  G[] [
]  G[] []  G[] []  G[] []  G[] []  G[] []  G[] []
 []


Overfull \hbox (5.81607pt too wide) detected at line 5389
\OMS/cmsy/m/n/10 T[] \OT1/cmr/m/n/10 = 8\OML/cmm/m/it/10 ig[] N[] G[] []  G[] [
]  G[] []  G[] []  G[] []  G[] []  G[] []  G[] []
 []


Overfull \hbox (5.81607pt too wide) detected at line 5392
\OMS/cmsy/m/n/10 T[] \OT1/cmr/m/n/10 = 4\OML/cmm/m/it/10 ig[] N[] G[] []  G[] [
]  G[] []  G[] []  G[] []  G[] []  G[] []  G[] []
 []


Overfull \hbox (10.2288pt too wide) detected at line 5395
\OMS/cmsy/m/n/10 T[] \OT1/cmr/m/n/10 = 16\OML/cmm/m/it/10 ig[] N[] G[] []  G[] 
[]  G[] []  G[] []  G[] []  G[] []  G[] []  G[] []
 []


Overfull \hbox (10.11305pt too wide) detected at line 5398
\OMS/cmsy/m/n/10 T[] \OT1/cmr/m/n/10 = 16\OML/cmm/m/it/10 ig[] N[] G[] []  G[] 
[]  G[] []  G[] []  G[] []  G[] []  G[] []  G[] []
 []


Overfull \hbox (10.11305pt too wide) detected at line 5401
\OMS/cmsy/m/n/10 T[] \OT1/cmr/m/n/10 = 16\OML/cmm/m/it/10 ig[] N[] G[] []  G[] 
[]  G[] []  G[] []  G[] []  G[] []  G[] []  G[] []
 []


Overfull \hbox (5.93182pt too wide) detected at line 5404
\OMS/cmsy/m/n/10 T[] \OT1/cmr/m/n/10 = 8\OML/cmm/m/it/10 ig[] N[] G[] []  G[] [
]  G[] []  G[] []  G[] []  G[] []  G[] []  G[] []
 []


Overfull \hbox (10.2288pt too wide) detected at line 5407
\OMS/cmsy/m/n/10 T[] \OT1/cmr/m/n/10 = 32\OML/cmm/m/it/10 ig[] N[] G[] []  G[] 
[]  G[] []  G[] []  G[] []  G[] []  G[] []  G[] []
 []


Overfull \hbox (10.2288pt too wide) detected at line 5410
\OMS/cmsy/m/n/10 T[] \OT1/cmr/m/n/10 = 32\OML/cmm/m/it/10 ig[] N[] G[] []  G[] 
[]  G[] []  G[] []  G[] []  G[] []  G[] []  G[] []
 []


Overfull \hbox (10.11305pt too wide) detected at line 5413
\OMS/cmsy/m/n/10 T[] \OT1/cmr/m/n/10 = 32\OML/cmm/m/it/10 ig[] N[] G[] []  G[] 
[]  G[] []  G[] []  G[] []  G[] []  G[] []  G[] []
 []


Overfull \hbox (5.81607pt too wide) detected at line 5416
\OMS/cmsy/m/n/10 T[] \OT1/cmr/m/n/10 = 4\OML/cmm/m/it/10 ig[] N[] G[] []  G[] [
]  G[] []  G[] []  G[] []  G[] []  G[] []  G[] []
 []


Overfull \hbox (10.2288pt too wide) detected at line 5419
\OMS/cmsy/m/n/10 T[] \OT1/cmr/m/n/10 = 16\OML/cmm/m/it/10 ig[] N[] G[] []  G[] 
[]  G[] []  G[] []  G[] []  G[] []  G[] []  G[] []
 []


Overfull \hbox (10.11305pt too wide) detected at line 5422
\OMS/cmsy/m/n/10 T[] \OT1/cmr/m/n/10 = 16\OML/cmm/m/it/10 ig[] N[] G[] []  G[] 
[]  G[] []  G[] []  G[] []  G[] []  G[] []  G[] []
 []


Overfull \hbox (10.11305pt too wide) detected at line 5425
\OMS/cmsy/m/n/10 T[] \OT1/cmr/m/n/10 = 16\OML/cmm/m/it/10 ig[] N[] G[] []  G[] 
[]  G[] []  G[] []  G[] []  G[] []  G[] []  G[] []
 []


Overfull \hbox (10.2288pt too wide) detected at line 5428
\OMS/cmsy/m/n/10 T[] \OT1/cmr/m/n/10 = 16\OML/cmm/m/it/10 ig[] N[] G[] []  G[] 
[]  G[] []  G[] []  G[] []  G[] []  G[] []  G[] []
 []


Overfull \hbox (9.64153pt too wide) detected at line 5431
\OMS/cmsy/m/n/10 T[] \OT1/cmr/m/n/10 = 64\OML/cmm/m/it/10 ig[] N[] G[] []  G[] 
[]  G[] []  G[] []  G[] []  G[] []  G[] []  G[] []
 []


Overfull \hbox (9.52577pt too wide) detected at line 5434
\OMS/cmsy/m/n/10 T[] \OT1/cmr/m/n/10 = 64\OML/cmm/m/it/10 ig[] N[] G[] []  G[] 
[]  G[] []  G[] []  G[] []  G[] []  G[] []  G[] []
 []


Overfull \hbox (9.52577pt too wide) detected at line 5437
\OMS/cmsy/m/n/10 T[] \OT1/cmr/m/n/10 = 64\OML/cmm/m/it/10 ig[] N[] G[] []  G[] 
[]  G[] []  G[] []  G[] []  G[] []  G[] []  G[] []
 []


Overfull \hbox (5.93182pt too wide) detected at line 5440
\OMS/cmsy/m/n/10 T[] \OT1/cmr/m/n/10 = 8\OML/cmm/m/it/10 ig[] N[] G[] []  G[] [
]  G[] []  G[] []  G[] []  G[] []  G[] []  G[] []
 []


Overfull \hbox (5.93182pt too wide) detected at line 5443
\OMS/cmsy/m/n/10 T[] \OT1/cmr/m/n/10 = 8\OML/cmm/m/it/10 ig[] N[] G[] []  G[] [
]  G[] []  G[] []  G[] []  G[] []  G[] []  G[] []
 []


Overfull \hbox (5.81607pt too wide) detected at line 5446
\OMS/cmsy/m/n/10 T[] \OT1/cmr/m/n/10 = 8\OML/cmm/m/it/10 ig[] N[] G[] []  G[] [
]  G[] []  G[] []  G[] []  G[] []  G[] []  G[] []
 []


Overfull \hbox (10.2288pt too wide) detected at line 5449
\OMS/cmsy/m/n/10 T[] \OT1/cmr/m/n/10 = 32\OML/cmm/m/it/10 ig[] N[] G[] []  G[] 
[]  G[] []  G[] []  G[] []  G[] []  G[] []  G[] []
 []


Overfull \hbox (6.04758pt too wide) detected at line 5452
\OMS/cmsy/m/n/10 T[] \OT1/cmr/m/n/10 = 8\OML/cmm/m/it/10 ig[] N[] G[] []  G[] [
]  G[] []  G[] []  G[] []  G[] []  G[] []  G[] []
 []


Overfull \hbox (5.93182pt too wide) detected at line 5455
\OMS/cmsy/m/n/10 T[] \OT1/cmr/m/n/10 = 8\OML/cmm/m/it/10 ig[] N[] G[] []  G[] [
]  G[] []  G[] []  G[] []  G[] []  G[] []  G[] []
 []


Overfull \hbox (5.93182pt too wide) detected at line 5458
\OMS/cmsy/m/n/10 T[] \OT1/cmr/m/n/10 = 8\OML/cmm/m/it/10 ig[] N[] G[] []  G[] [
]  G[] []  G[] []  G[] []  G[] []  G[] []  G[] []
 []


Overfull \hbox (10.2288pt too wide) detected at line 5461
\OMS/cmsy/m/n/10 T[] \OT1/cmr/m/n/10 = 32\OML/cmm/m/it/10 ig[] N[] G[] []  G[] 
[]  G[] []  G[] []  G[] []  G[] []  G[] []  G[] []
 []


Overfull \hbox (5.93182pt too wide) detected at line 5464
\OMS/cmsy/m/n/10 T[] \OT1/cmr/m/n/10 = 8\OML/cmm/m/it/10 ig[] N[] G[] []  G[] [
]  G[] []  G[] []  G[] []  G[] []  G[] []  G[] []
 []


Overfull \hbox (5.81607pt too wide) detected at line 5467
\OMS/cmsy/m/n/10 T[] \OT1/cmr/m/n/10 = 8\OML/cmm/m/it/10 ig[] N[] G[] []  G[] [
]  G[] []  G[] []  G[] []  G[] []  G[] []  G[] []
 []


Overfull \hbox (5.81607pt too wide) detected at line 5470
\OMS/cmsy/m/n/10 T[] \OT1/cmr/m/n/10 = 8\OML/cmm/m/it/10 ig[] N[] G[] []  G[] [
]  G[] []  G[] []  G[] []  G[] []  G[] []  G[] []
 []


Overfull \hbox (10.11305pt too wide) detected at line 5473
\OMS/cmsy/m/n/10 T[] \OT1/cmr/m/n/10 = 32\OML/cmm/m/it/10 ig[] N[] G[] []  G[] 
[]  G[] []  G[] []  G[] []  G[] []  G[] []  G[] []
 []


Overfull \hbox (10.2288pt too wide) detected at line 5476
\OMS/cmsy/m/n/10 T[] \OT1/cmr/m/n/10 = 32\OML/cmm/m/it/10 ig[] N[] G[] []  G[] 
[]  G[] []  G[] []  G[] []  G[] []  G[] []  G[] []
 []


Overfull \hbox (10.2288pt too wide) detected at line 5479
\OMS/cmsy/m/n/10 T[] \OT1/cmr/m/n/10 = 32\OML/cmm/m/it/10 ig[] N[] G[] []  G[] 
[]  G[] []  G[] []  G[] []  G[] []  G[] []  G[] []
 []

[48]
Overfull \hbox (10.11305pt too wide) detected at line 5482
\OMS/cmsy/m/n/10 T[] \OT1/cmr/m/n/10 = 32\OML/cmm/m/it/10 ig[] N[] G[] []  G[] 
[]  G[] []  G[] []  G[] []  G[] []  G[] []  G[] []
 []


Overfull \hbox (14.52579pt too wide) detected at line 5485
\OMS/cmsy/m/n/10 T[] \OT1/cmr/m/n/10 = 128\OML/cmm/m/it/10 ig[] N[] G[] []  G[]
 []  G[] []  G[] []  G[] []  G[] []  G[] []  G[] []
 []


Overfull \hbox (5.93182pt too wide) detected at line 5488
\OMS/cmsy/m/n/10 T[] \OT1/cmr/m/n/10 = 8\OML/cmm/m/it/10 ig[] N[] G[] []  G[] [
]  G[] []  G[] []  G[] []  G[] []  G[] []  G[] []
 []


Overfull \hbox (10.34456pt too wide) detected at line 5491
\OMS/cmsy/m/n/10 T[] \OT1/cmr/m/n/10 = 32\OML/cmm/m/it/10 ig[] N[] G[] []  G[] 
[]  G[] []  G[] []  G[] []  G[] []  G[] []  G[] []
 []


Overfull \hbox (10.2288pt too wide) detected at line 5494
\OMS/cmsy/m/n/10 T[] \OT1/cmr/m/n/10 = 32\OML/cmm/m/it/10 ig[] N[] G[] []  G[] 
[]  G[] []  G[] []  G[] []  G[] []  G[] []  G[] []
 []


Overfull \hbox (10.2288pt too wide) detected at line 5497
\OMS/cmsy/m/n/10 T[] \OT1/cmr/m/n/10 = 32\OML/cmm/m/it/10 ig[] N[] G[] []  G[] 
[]  G[] []  G[] []  G[] []  G[] []  G[] []  G[] []
 []


Overfull \hbox (6.04758pt too wide) detected at line 5500
\OMS/cmsy/m/n/10 T[] \OT1/cmr/m/n/10 = 8\OML/cmm/m/it/10 ig[] N[] G[] []  G[] [
]  G[] []  G[] []  G[] []  G[] []  G[] []  G[] []
 []


Overfull \hbox (10.34456pt too wide) detected at line 5503
\OMS/cmsy/m/n/10 T[] \OT1/cmr/m/n/10 = 32\OML/cmm/m/it/10 ig[] N[] G[] []  G[] 
[]  G[] []  G[] []  G[] []  G[] []  G[] []  G[] []
 []


Overfull \hbox (10.34456pt too wide) detected at line 5506
\OMS/cmsy/m/n/10 T[] \OT1/cmr/m/n/10 = 32\OML/cmm/m/it/10 ig[] N[] G[] []  G[] 
[]  G[] []  G[] []  G[] []  G[] []  G[] []  G[] []
 []


Overfull \hbox (10.2288pt too wide) detected at line 5509
\OMS/cmsy/m/n/10 T[] \OT1/cmr/m/n/10 = 32\OML/cmm/m/it/10 ig[] N[] G[] []  G[] 
[]  G[] []  G[] []  G[] []  G[] []  G[] []  G[] []
 []


Overfull \hbox (5.93182pt too wide) detected at line 5512
\OMS/cmsy/m/n/10 T[] \OT1/cmr/m/n/10 = 8\OML/cmm/m/it/10 ig[] N[] G[] []  G[] [
]  G[] []  G[] []  G[] []  G[] []  G[] []  G[] []
 []


Overfull \hbox (10.2288pt too wide) detected at line 5515
\OMS/cmsy/m/n/10 T[] \OT1/cmr/m/n/10 = 32\OML/cmm/m/it/10 ig[] N[] G[] []  G[] 
[]  G[] []  G[] []  G[] []  G[] []  G[] []  G[] []
 []


Overfull \hbox (10.2288pt too wide) detected at line 5518
\OMS/cmsy/m/n/10 T[] \OT1/cmr/m/n/10 = 32\OML/cmm/m/it/10 ig[] N[] G[] []  G[] 
[]  G[] []  G[] []  G[] []  G[] []  G[] []  G[] []
 []


Overfull \hbox (10.11305pt too wide) detected at line 5521
\OMS/cmsy/m/n/10 T[] \OT1/cmr/m/n/10 = 32\OML/cmm/m/it/10 ig[] N[] G[] []  G[] 
[]  G[] []  G[] []  G[] []  G[] []  G[] []  G[] []
 []


Overfull \hbox (10.2288pt too wide) detected at line 5524
\OMS/cmsy/m/n/10 T[] \OT1/cmr/m/n/10 = 32\OML/cmm/m/it/10 ig[] N[] G[] []  G[] 
[]  G[] []  G[] []  G[] []  G[] []  G[] []  G[] []
 []


Overfull \hbox (14.64154pt too wide) detected at line 5527
\OMS/cmsy/m/n/10 T[] \OT1/cmr/m/n/10 = 128\OML/cmm/m/it/10 ig[] N[] G[] []  G[]
 []  G[] []  G[] []  G[] []  G[] []  G[] []  G[] []
 []


Overfull \hbox (14.52579pt too wide) detected at line 5530
\OMS/cmsy/m/n/10 T[] \OT1/cmr/m/n/10 = 128\OML/cmm/m/it/10 ig[] N[] G[] []  G[]
 []  G[] []  G[] []  G[] []  G[] []  G[] []  G[] []
 []


Overfull \hbox (14.52579pt too wide) detected at line 5533
\OMS/cmsy/m/n/10 T[] \OT1/cmr/m/n/10 = 128\OML/cmm/m/it/10 ig[] N[] G[] []  G[]
 []  G[] []  G[] []  G[] []  G[] []  G[] []  G[] []
 []


Overfull \hbox (1.7506pt too wide) detected at line 5536
\OMS/cmsy/m/n/10 T[] \OT1/cmr/m/n/10 = \OML/cmm/m/it/10 ig[] N[] G[] []  G[] []
  G[] []  G[] []  G[] []  G[] []  G[] []  G[] []
 []


Overfull \hbox (1.63484pt too wide) detected at line 5539
\OMS/cmsy/m/n/10 T[] \OT1/cmr/m/n/10 = \OML/cmm/m/it/10 ig[] N[] G[] []  G[] []
  G[] []  G[] []  G[] []  G[] []  G[] []  G[] []
 []


Overfull \hbox (1.63484pt too wide) detected at line 5542
\OMS/cmsy/m/n/10 T[] \OT1/cmr/m/n/10 = \OML/cmm/m/it/10 ig[] N[] G[] []  G[] []
  G[] []  G[] []  G[] []  G[] []  G[] []  G[] []
 []


Overfull \hbox (5.93182pt too wide) detected at line 5545
\OMS/cmsy/m/n/10 T[] \OT1/cmr/m/n/10 = 4\OML/cmm/m/it/10 ig[] N[] G[] []  G[] [
]  G[] []  G[] []  G[] []  G[] []  G[] []  G[] []
 []


Overfull \hbox (5.93182pt too wide) detected at line 5548
\OMS/cmsy/m/n/10 T[] \OT1/cmr/m/n/10 = 8\OML/cmm/m/it/10 ig[] N[] G[] []  G[] [
]  G[] []  G[] []  G[] []  G[] []  G[] []  G[] []
 []


Overfull \hbox (5.93182pt too wide) detected at line 5551
\OMS/cmsy/m/n/10 T[] \OT1/cmr/m/n/10 = 8\OML/cmm/m/it/10 ig[] N[] G[] []  G[] [
]  G[] []  G[] []  G[] []  G[] []  G[] []  G[] []
 []


Overfull \hbox (5.81607pt too wide) detected at line 5554
\OMS/cmsy/m/n/10 T[] \OT1/cmr/m/n/10 = 8\OML/cmm/m/it/10 ig[] N[] G[] []  G[] [
]  G[] []  G[] []  G[] []  G[] []  G[] []  G[] []
 []


Overfull \hbox (10.2288pt too wide) detected at line 5557
\OMS/cmsy/m/n/10 T[] \OT1/cmr/m/n/10 = 32\OML/cmm/m/it/10 ig[] N[] G[] []  G[] 
[]  G[] []  G[] []  G[] []  G[] []  G[] []  G[] []
 []


Overfull \hbox (5.93182pt too wide) detected at line 5560
\OMS/cmsy/m/n/10 T[] \OT1/cmr/m/n/10 = 4\OML/cmm/m/it/10 ig[] N[] G[] []  G[] [
]  G[] []  G[] []  G[] []  G[] []  G[] []  G[] []
 []


Overfull \hbox (5.81607pt too wide) detected at line 5563
\OMS/cmsy/m/n/10 T[] \OT1/cmr/m/n/10 = 4\OML/cmm/m/it/10 ig[] N[] G[] []  G[] [
]  G[] []  G[] []  G[] []  G[] []  G[] []  G[] []
 []


Overfull \hbox (5.81607pt too wide) detected at line 5566
\OMS/cmsy/m/n/10 T[] \OT1/cmr/m/n/10 = 4\OML/cmm/m/it/10 ig[] N[] G[] []  G[] [
]  G[] []  G[] []  G[] []  G[] []  G[] []  G[] []
 []


Overfull \hbox (10.11305pt too wide) detected at line 5569
\OMS/cmsy/m/n/10 T[] \OT1/cmr/m/n/10 = 16\OML/cmm/m/it/10 ig[] N[] G[] []  G[] 
[]  G[] []  G[] []  G[] []  G[] []  G[] []  G[] []
 []


Overfull \hbox (10.2288pt too wide) detected at line 5572
\OMS/cmsy/m/n/10 T[] \OT1/cmr/m/n/10 = 32\OML/cmm/m/it/10 ig[] N[] G[] []  G[] 
[]  G[] []  G[] []  G[] []  G[] []  G[] []  G[] []
 []


Overfull \hbox (10.2288pt too wide) detected at line 5575
\OMS/cmsy/m/n/10 T[] \OT1/cmr/m/n/10 = 32\OML/cmm/m/it/10 ig[] N[] G[] []  G[] 
[]  G[] []  G[] []  G[] []  G[] []  G[] []  G[] []
 []


Overfull \hbox (10.11305pt too wide) detected at line 5578
\OMS/cmsy/m/n/10 T[] \OT1/cmr/m/n/10 = 32\OML/cmm/m/it/10 ig[] N[] G[] []  G[] 
[]  G[] []  G[] []  G[] []  G[] []  G[] []  G[] []
 []


Overfull \hbox (14.52579pt too wide) detected at line 5581
\OMS/cmsy/m/n/10 T[] \OT1/cmr/m/n/10 = 128\OML/cmm/m/it/10 ig[] N[] G[] []  G[]
 []  G[] []  G[] []  G[] []  G[] []  G[] []  G[] []
 []


Overfull \hbox (5.93182pt too wide) detected at line 5584
\OMS/cmsy/m/n/10 T[] \OT1/cmr/m/n/10 = 4\OML/cmm/m/it/10 ig[] N[] G[] []  G[] [
]  G[] []  G[] []  G[] []  G[] []  G[] []  G[] []
 []


Overfull \hbox (5.81607pt too wide) detected at line 5587
\OMS/cmsy/m/n/10 T[] \OT1/cmr/m/n/10 = 4\OML/cmm/m/it/10 ig[] N[] G[] []  G[] [
]  G[] []  G[] []  G[] []  G[] []  G[] []  G[] []
 []


Overfull \hbox (5.81607pt too wide) detected at line 5590
\OMS/cmsy/m/n/10 T[] \OT1/cmr/m/n/10 = 4\OML/cmm/m/it/10 ig[] N[] G[] []  G[] [
]  G[] []  G[] []  G[] []  G[] []  G[] []  G[] []
 []


Overfull \hbox (10.11305pt too wide) detected at line 5593
\OMS/cmsy/m/n/10 T[] \OT1/cmr/m/n/10 = 16\OML/cmm/m/it/10 ig[] N[] G[] []  G[] 
[]  G[] []  G[] []  G[] []  G[] []  G[] []  G[] []
 []

[49]
Overfull \hbox (10.34456pt too wide) detected at line 5596
\OMS/cmsy/m/n/10 T[] \OT1/cmr/m/n/10 = 16\OML/cmm/m/it/10 ig[] N[] G[] []  G[] 
[]  G[] []  G[] []  G[] []  G[] []  G[] []  G[] []
 []


Overfull \hbox (10.2288pt too wide) detected at line 5599
\OMS/cmsy/m/n/10 T[] \OT1/cmr/m/n/10 = 16\OML/cmm/m/it/10 ig[] N[] G[] []  G[] 
[]  G[] []  G[] []  G[] []  G[] []  G[] []  G[] []
 []


Overfull \hbox (10.2288pt too wide) detected at line 5602
\OMS/cmsy/m/n/10 T[] \OT1/cmr/m/n/10 = 16\OML/cmm/m/it/10 ig[] N[] G[] []  G[] 
[]  G[] []  G[] []  G[] []  G[] []  G[] []  G[] []
 []


Overfull \hbox (9.52577pt too wide) detected at line 5605
\OMS/cmsy/m/n/10 T[] \OT1/cmr/m/n/10 = 64\OML/cmm/m/it/10 ig[] N[] G[] []  G[] 
[]  G[] []  G[] []  G[] []  G[] []  G[] []  G[] []
 []


Overfull \hbox (1.63484pt too wide) detected at line 5608
\OMS/cmsy/m/n/10 T[] \OT1/cmr/m/n/10 = \OML/cmm/m/it/10 ig[] N[] G[] []  G[] []
  G[] []  G[] []  G[] []  G[] []  G[] []  G[] []
 []


Overfull \hbox (5.93182pt too wide) detected at line 5611
\OMS/cmsy/m/n/10 T[] \OT1/cmr/m/n/10 = 4\OML/cmm/m/it/10 ig[] N[] G[] []  G[] [
]  G[] []  G[] []  G[] []  G[] []  G[] []  G[] []
 []


Overfull \hbox (5.93182pt too wide) detected at line 5614
\OMS/cmsy/m/n/10 T[] \OT1/cmr/m/n/10 = 4\OML/cmm/m/it/10 ig[] N[] G[] []  G[] [
]  G[] []  G[] []  G[] []  G[] []  G[] []  G[] []
 []


Overfull \hbox (5.81607pt too wide) detected at line 5617
\OMS/cmsy/m/n/10 T[] \OT1/cmr/m/n/10 = 4\OML/cmm/m/it/10 ig[] N[] G[] []  G[] [
]  G[] []  G[] []  G[] []  G[] []  G[] []  G[] []
 []


Overfull \hbox (5.81607pt too wide) detected at line 5620
\OMS/cmsy/m/n/10 T[] \OT1/cmr/m/n/10 = 8\OML/cmm/m/it/10 ig[] N[] G[] []  G[] [
]  G[] []  G[] []  G[] []  G[] []  G[] []  G[] []
 []


Overfull \hbox (10.2288pt too wide) detected at line 5623
\OMS/cmsy/m/n/10 T[] \OT1/cmr/m/n/10 = 32\OML/cmm/m/it/10 ig[] N[] G[] []  G[] 
[]  G[] []  G[] []  G[] []  G[] []  G[] []  G[] []
 []


Overfull \hbox (10.11305pt too wide) detected at line 5626
\OMS/cmsy/m/n/10 T[] \OT1/cmr/m/n/10 = 32\OML/cmm/m/it/10 ig[] N[] G[] []  G[] 
[]  G[] []  G[] []  G[] []  G[] []  G[] []  G[] []
 []


Overfull \hbox (10.11305pt too wide) detected at line 5629
\OMS/cmsy/m/n/10 T[] \OT1/cmr/m/n/10 = 32\OML/cmm/m/it/10 ig[] N[] G[] []  G[] 
[]  G[] []  G[] []  G[] []  G[] []  G[] []  G[] []
 []


Overfull \hbox (5.81607pt too wide) detected at line 5632
\OMS/cmsy/m/n/10 T[] \OT1/cmr/m/n/10 = 4\OML/cmm/m/it/10 ig[] N[] G[] []  G[] [
]  G[] []  G[] []  G[] []  G[] []  G[] []  G[] []
 []


Overfull \hbox (10.11305pt too wide) detected at line 5635
\OMS/cmsy/m/n/10 T[] \OT1/cmr/m/n/10 = 16\OML/cmm/m/it/10 ig[] N[] G[] []  G[] 
[]  G[] []  G[] []  G[] []  G[] []  G[] []  G[] []
 []


Overfull \hbox (10.11305pt too wide) detected at line 5638
\OMS/cmsy/m/n/10 T[] \OT1/cmr/m/n/10 = 16\OML/cmm/m/it/10 ig[] N[] G[] []  G[] 
[]  G[] []  G[] []  G[] []  G[] []  G[] []  G[] []
 []


Overfull \hbox (9.9973pt too wide) detected at line 5641
\OMS/cmsy/m/n/10 T[] \OT1/cmr/m/n/10 = 16\OML/cmm/m/it/10 ig[] N[] G[] []  G[] 
[]  G[] []  G[] []  G[] []  G[] []  G[] []  G[] []
 []


Overfull \hbox (10.11305pt too wide) detected at line 5644
\OMS/cmsy/m/n/10 T[] \OT1/cmr/m/n/10 = 32\OML/cmm/m/it/10 ig[] N[] G[] []  G[] 
[]  G[] []  G[] []  G[] []  G[] []  G[] []  G[] []
 []


Overfull \hbox (14.52579pt too wide) detected at line 5647
\OMS/cmsy/m/n/10 T[] \OT1/cmr/m/n/10 = 128\OML/cmm/m/it/10 ig[] N[] G[] []  G[]
 []  G[] []  G[] []  G[] []  G[] []  G[] []  G[] []
 []


Overfull \hbox (14.41003pt too wide) detected at line 5650
\OMS/cmsy/m/n/10 T[] \OT1/cmr/m/n/10 = 128\OML/cmm/m/it/10 ig[] N[] G[] []  G[]
 []  G[] []  G[] []  G[] []  G[] []  G[] []  G[] []
 []


Overfull \hbox (14.41003pt too wide) detected at line 5653
\OMS/cmsy/m/n/10 T[] \OT1/cmr/m/n/10 = 128\OML/cmm/m/it/10 ig[] N[] G[] []  G[]
 []  G[] []  G[] []  G[] []  G[] []  G[] []  G[] []
 []


Overfull \hbox (5.81607pt too wide) detected at line 5656
\OMS/cmsy/m/n/10 T[] \OT1/cmr/m/n/10 = 4\OML/cmm/m/it/10 ig[] N[] G[] []  G[] [
]  G[] []  G[] []  G[] []  G[] []  G[] []  G[] []
 []


Overfull \hbox (10.11305pt too wide) detected at line 5659
\OMS/cmsy/m/n/10 T[] \OT1/cmr/m/n/10 = 16\OML/cmm/m/it/10 ig[] N[] G[] []  G[] 
[]  G[] []  G[] []  G[] []  G[] []  G[] []  G[] []
 []


Overfull \hbox (10.11305pt too wide) detected at line 5662
\OMS/cmsy/m/n/10 T[] \OT1/cmr/m/n/10 = 16\OML/cmm/m/it/10 ig[] N[] G[] []  G[] 
[]  G[] []  G[] []  G[] []  G[] []  G[] []  G[] []
 []


Overfull \hbox (9.9973pt too wide) detected at line 5665
\OMS/cmsy/m/n/10 T[] \OT1/cmr/m/n/10 = 16\OML/cmm/m/it/10 ig[] N[] G[] []  G[] 
[]  G[] []  G[] []  G[] []  G[] []  G[] []  G[] []
 []


Overfull \hbox (10.2288pt too wide) detected at line 5668
\OMS/cmsy/m/n/10 T[] \OT1/cmr/m/n/10 = 16\OML/cmm/m/it/10 ig[] N[] G[] []  G[] 
[]  G[] []  G[] []  G[] []  G[] []  G[] []  G[] []
 []


Overfull \hbox (9.52577pt too wide) detected at line 5671
\OMS/cmsy/m/n/10 T[] \OT1/cmr/m/n/10 = 64\OML/cmm/m/it/10 ig[] N[] G[] []  G[] 
[]  G[] []  G[] []  G[] []  G[] []  G[] []  G[] []
 []


Overfull \hbox (9.52577pt too wide) detected at line 5674
\OMS/cmsy/m/n/10 T[] \OT1/cmr/m/n/10 = 64\OML/cmm/m/it/10 ig[] N[] G[] []  G[] 
[]  G[] []  G[] []  G[] []  G[] []  G[] []  G[] []
 []


Overfull \hbox (9.41002pt too wide) detected at line 5677
\OMS/cmsy/m/n/10 T[] \OT1/cmr/m/n/10 = 64\OML/cmm/m/it/10 ig[] N[] G[] []  G[] 
[]  G[] []  G[] []  G[] []  G[] []  G[] []  G[] []
 []


Overfull \hbox (5.93182pt too wide) detected at line 5680
\OMS/cmsy/m/n/10 T[] \OT1/cmr/m/n/10 = 8\OML/cmm/m/it/10 ig[] N[] G[] []  G[] [
]  G[] []  G[] []  G[] []  G[] []  G[] []  G[] []
 []


Overfull \hbox (5.81607pt too wide) detected at line 5683
\OMS/cmsy/m/n/10 T[] \OT1/cmr/m/n/10 = 8\OML/cmm/m/it/10 ig[] N[] G[] []  G[] [
]  G[] []  G[] []  G[] []  G[] []  G[] []  G[] []
 []


Overfull \hbox (5.81607pt too wide) detected at line 5686
\OMS/cmsy/m/n/10 T[] \OT1/cmr/m/n/10 = 8\OML/cmm/m/it/10 ig[] N[] G[] []  G[] [
]  G[] []  G[] []  G[] []  G[] []  G[] []  G[] []
 []


Overfull \hbox (10.11305pt too wide) detected at line 5689
\OMS/cmsy/m/n/10 T[] \OT1/cmr/m/n/10 = 32\OML/cmm/m/it/10 ig[] N[] G[] []  G[] 
[]  G[] []  G[] []  G[] []  G[] []  G[] []  G[] []
 []


Overfull \hbox (10.2288pt too wide) detected at line 5692
\OMS/cmsy/m/n/10 T[] \OT1/cmr/m/n/10 = 32\OML/cmm/m/it/10 ig[] N[] G[] []  G[] 
[]  G[] []  G[] []  G[] []  G[] []  G[] []  G[] []
 []


Overfull \hbox (10.2288pt too wide) detected at line 5695
\OMS/cmsy/m/n/10 T[] \OT1/cmr/m/n/10 = 32\OML/cmm/m/it/10 ig[] N[] G[] []  G[] 
[]  G[] []  G[] []  G[] []  G[] []  G[] []  G[] []
 []


Overfull \hbox (10.11305pt too wide) detected at line 5698
\OMS/cmsy/m/n/10 T[] \OT1/cmr/m/n/10 = 32\OML/cmm/m/it/10 ig[] N[] G[] []  G[] 
[]  G[] []  G[] []  G[] []  G[] []  G[] []  G[] []
 []


Overfull \hbox (14.52579pt too wide) detected at line 5701
\OMS/cmsy/m/n/10 T[] \OT1/cmr/m/n/10 = 128\OML/cmm/m/it/10 ig[] N[] G[] []  G[]
 []  G[] []  G[] []  G[] []  G[] []  G[] []  G[] []
 []


Overfull \hbox (10.11305pt too wide) detected at line 5704
\OMS/cmsy/m/n/10 T[] \OT1/cmr/m/n/10 = 32\OML/cmm/m/it/10 ig[] N[] G[] []  G[] 
[]  G[] []  G[] []  G[] []  G[] []  G[] []  G[] []
 []


Overfull \hbox (10.11305pt too wide) detected at line 5707
\OMS/cmsy/m/n/10 T[] \OT1/cmr/m/n/10 = 32\OML/cmm/m/it/10 ig[] N[] G[] []  G[] 
[]  G[] []  G[] []  G[] []  G[] []  G[] []  G[] []
 []

[50]
Overfull \hbox (9.9973pt too wide) detected at line 5710
\OMS/cmsy/m/n/10 T[] \OT1/cmr/m/n/10 = 32\OML/cmm/m/it/10 ig[] N[] G[] []  G[] 
[]  G[] []  G[] []  G[] []  G[] []  G[] []  G[] []
 []


Overfull \hbox (14.41003pt too wide) detected at line 5713
\OMS/cmsy/m/n/10 T[] \OT1/cmr/m/n/10 = 128\OML/cmm/m/it/10 ig[] N[] G[] []  G[]
 []  G[] []  G[] []  G[] []  G[] []  G[] []  G[] []
 []


Overfull \hbox (10.2288pt too wide) detected at line 5716
\OMS/cmsy/m/n/10 T[] \OT1/cmr/m/n/10 = 32\OML/cmm/m/it/10 ig[] N[] G[] []  G[] 
[]  G[] []  G[] []  G[] []  G[] []  G[] []  G[] []
 []


Overfull \hbox (10.11305pt too wide) detected at line 5719
\OMS/cmsy/m/n/10 T[] \OT1/cmr/m/n/10 = 32\OML/cmm/m/it/10 ig[] N[] G[] []  G[] 
[]  G[] []  G[] []  G[] []  G[] []  G[] []  G[] []
 []


Overfull \hbox (10.11305pt too wide) detected at line 5722
\OMS/cmsy/m/n/10 T[] \OT1/cmr/m/n/10 = 32\OML/cmm/m/it/10 ig[] N[] G[] []  G[] 
[]  G[] []  G[] []  G[] []  G[] []  G[] []  G[] []
 []


Overfull \hbox (14.41003pt too wide) detected at line 5725
\OMS/cmsy/m/n/10 T[] \OT1/cmr/m/n/10 = 128\OML/cmm/m/it/10 ig[] N[] G[] []  G[]
 []  G[] []  G[] []  G[] []  G[] []  G[] []  G[] []
 []


Overfull \hbox (5.93182pt too wide) detected at line 5728
\OMS/cmsy/m/n/10 T[] \OT1/cmr/m/n/10 = 8\OML/cmm/m/it/10 ig[] N[] G[] []  G[] [
]  G[] []  G[] []  G[] []  G[] []  G[] []  G[] []
 []


Overfull \hbox (10.2288pt too wide) detected at line 5731
\OMS/cmsy/m/n/10 T[] \OT1/cmr/m/n/10 = 32\OML/cmm/m/it/10 ig[] N[] G[] []  G[] 
[]  G[] []  G[] []  G[] []  G[] []  G[] []  G[] []
 []


Overfull \hbox (10.2288pt too wide) detected at line 5734
\OMS/cmsy/m/n/10 T[] \OT1/cmr/m/n/10 = 32\OML/cmm/m/it/10 ig[] N[] G[] []  G[] 
[]  G[] []  G[] []  G[] []  G[] []  G[] []  G[] []
 []


Overfull \hbox (10.11305pt too wide) detected at line 5737
\OMS/cmsy/m/n/10 T[] \OT1/cmr/m/n/10 = 32\OML/cmm/m/it/10 ig[] N[] G[] []  G[] 
[]  G[] []  G[] []  G[] []  G[] []  G[] []  G[] []
 []


Overfull \hbox (10.2288pt too wide) detected at line 5740
\OMS/cmsy/m/n/10 T[] \OT1/cmr/m/n/10 = 32\OML/cmm/m/it/10 ig[] N[] G[] []  G[] 
[]  G[] []  G[] []  G[] []  G[] []  G[] []  G[] []
 []


Overfull \hbox (14.64154pt too wide) detected at line 5743
\OMS/cmsy/m/n/10 T[] \OT1/cmr/m/n/10 = 128\OML/cmm/m/it/10 ig[] N[] G[] []  G[]
 []  G[] []  G[] []  G[] []  G[] []  G[] []  G[] []
 []


Overfull \hbox (14.52579pt too wide) detected at line 5746
\OMS/cmsy/m/n/10 T[] \OT1/cmr/m/n/10 = 128\OML/cmm/m/it/10 ig[] N[] G[] []  G[]
 []  G[] []  G[] []  G[] []  G[] []  G[] []  G[] []
 []


Overfull \hbox (14.52579pt too wide) detected at line 5749
\OMS/cmsy/m/n/10 T[] \OT1/cmr/m/n/10 = 128\OML/cmm/m/it/10 ig[] N[] G[] []  G[]
 []  G[] []  G[] []  G[] []  G[] []  G[] []  G[] []
 []


Overfull \hbox (10.11305pt too wide) detected at line 5752
\OMS/cmsy/m/n/10 T[] \OT1/cmr/m/n/10 = 32\OML/cmm/m/it/10 ig[] N[] G[] []  G[] 
[]  G[] []  G[] []  G[] []  G[] []  G[] []  G[] []
 []


Overfull \hbox (14.52579pt too wide) detected at line 5755
\OMS/cmsy/m/n/10 T[] \OT1/cmr/m/n/10 = 128\OML/cmm/m/it/10 ig[] N[] G[] []  G[]
 []  G[] []  G[] []  G[] []  G[] []  G[] []  G[] []
 []


Overfull \hbox (14.41003pt too wide) detected at line 5758
\OMS/cmsy/m/n/10 T[] \OT1/cmr/m/n/10 = 128\OML/cmm/m/it/10 ig[] N[] G[] []  G[]
 []  G[] []  G[] []  G[] []  G[] []  G[] []  G[] []
 []


Overfull \hbox (14.41003pt too wide) detected at line 5761
\OMS/cmsy/m/n/10 T[] \OT1/cmr/m/n/10 = 128\OML/cmm/m/it/10 ig[] N[] G[] []  G[]
 []  G[] []  G[] []  G[] []  G[] []  G[] []  G[] []
 []


Overfull \hbox (10.2288pt too wide) detected at line 5764
\OMS/cmsy/m/n/10 T[] \OT1/cmr/m/n/10 = 32\OML/cmm/m/it/10 ig[] N[] G[] []  G[] 
[]  G[] []  G[] []  G[] []  G[] []  G[] []  G[] []
 []


Overfull \hbox (14.52579pt too wide) detected at line 5767
\OMS/cmsy/m/n/10 T[] \OT1/cmr/m/n/10 = 128\OML/cmm/m/it/10 ig[] N[] G[] []  G[]
 []  G[] []  G[] []  G[] []  G[] []  G[] []  G[] []
 []


Overfull \hbox (14.52579pt too wide) detected at line 5770
\OMS/cmsy/m/n/10 T[] \OT1/cmr/m/n/10 = 128\OML/cmm/m/it/10 ig[] N[] G[] []  G[]
 []  G[] []  G[] []  G[] []  G[] []  G[] []  G[] []
 []


Overfull \hbox (14.41003pt too wide) detected at line 5773
\OMS/cmsy/m/n/10 T[] \OT1/cmr/m/n/10 = 128\OML/cmm/m/it/10 ig[] N[] G[] []  G[]
 []  G[] []  G[] []  G[] []  G[] []  G[] []  G[] []
 []


Overfull \hbox (6.75061pt too wide) detected at line 5776
\OMS/cmsy/m/n/10 T[] \OT1/cmr/m/n/10 = 2\OML/cmm/m/it/10 ig[] N[] G[] []  G[] [
]  G[] []  G[] []  G[] []  G[] []  G[] []  G[] []
 []


Overfull \hbox (6.63486pt too wide) detected at line 5779
\OMS/cmsy/m/n/10 T[] \OT1/cmr/m/n/10 = 2\OML/cmm/m/it/10 ig[] N[] G[] []  G[] [
]  G[] []  G[] []  G[] []  G[] []  G[] []  G[] []
 []


Overfull \hbox (6.63486pt too wide) detected at line 5782
\OMS/cmsy/m/n/10 T[] \OT1/cmr/m/n/10 = 2\OML/cmm/m/it/10 ig[] N[] G[] []  G[] [
]  G[] []  G[] []  G[] []  G[] []  G[] []  G[] []
 []


Overfull \hbox (6.5191pt too wide) detected at line 5785
\OMS/cmsy/m/n/10 T[] \OT1/cmr/m/n/10 = 2\OML/cmm/m/it/10 ig[] N[] G[] []  G[] [
]  G[] []  G[] []  G[] []  G[] []  G[] []  G[] []
 []


Overfull \hbox (6.63486pt too wide) detected at line 5788
\OMS/cmsy/m/n/10 T[] \OT1/cmr/m/n/10 = 2\OML/cmm/m/it/10 ig[] N[] G[] []  G[] [
]  G[] []  G[] []  G[] []  G[] []  G[] []  G[] []
 []


Overfull \hbox (5.93182pt too wide) detected at line 5791
\OMS/cmsy/m/n/10 T[] \OT1/cmr/m/n/10 = 8\OML/cmm/m/it/10 ig[] N[] G[] []  G[] [
]  G[] []  G[] []  G[] []  G[] []  G[] []  G[] []
 []


Overfull \hbox (6.63486pt too wide) detected at line 5794
\OMS/cmsy/m/n/10 T[] \OT1/cmr/m/n/10 = 2\OML/cmm/m/it/10 ig[] N[] G[] []  G[] [
]  G[] []  G[] []  G[] []  G[] []  G[] []  G[] []
 []


Overfull \hbox (5.93182pt too wide) detected at line 5797
\OMS/cmsy/m/n/10 T[] \OT1/cmr/m/n/10 = 8\OML/cmm/m/it/10 ig[] N[] G[] []  G[] [
]  G[] []  G[] []  G[] []  G[] []  G[] []  G[] []
 []


Overfull \hbox (6.63486pt too wide) detected at line 5800
\OMS/cmsy/m/n/10 T[] \OT1/cmr/m/n/10 = 2\OML/cmm/m/it/10 ig[] N[] G[] []  G[] [
]  G[] []  G[] []  G[] []  G[] []  G[] []  G[] []
 []


Overfull \hbox (6.5191pt too wide) detected at line 5803
\OMS/cmsy/m/n/10 T[] \OT1/cmr/m/n/10 = 2\OML/cmm/m/it/10 ig[] N[] G[] []  G[] [
]  G[] []  G[] []  G[] []  G[] []  G[] []  G[] []
 []


Overfull \hbox (6.63486pt too wide) detected at line 5806
\OMS/cmsy/m/n/10 T[] \OT1/cmr/m/n/10 = 2\OML/cmm/m/it/10 ig[] N[] G[] []  G[] [
]  G[] []  G[] []  G[] []  G[] []  G[] []  G[] []
 []


Overfull \hbox (5.93182pt too wide) detected at line 5809
\OMS/cmsy/m/n/10 T[] \OT1/cmr/m/n/10 = 8\OML/cmm/m/it/10 ig[] N[] G[] []  G[] [
]  G[] []  G[] []  G[] []  G[] []  G[] []  G[] []
 []


Overfull \hbox (6.63486pt too wide) detected at line 5812
\OMS/cmsy/m/n/10 T[] \OT1/cmr/m/n/10 = 2\OML/cmm/m/it/10 ig[] N[] G[] []  G[] [
]  G[] []  G[] []  G[] []  G[] []  G[] []  G[] []
 []


Overfull \hbox (5.93182pt too wide) detected at line 5815
\OMS/cmsy/m/n/10 T[] \OT1/cmr/m/n/10 = 8\OML/cmm/m/it/10 ig[] N[] G[] []  G[] [
]  G[] []  G[] []  G[] []  G[] []  G[] []  G[] []
 []


Overfull \hbox (5.93182pt too wide) detected at line 5818
\OMS/cmsy/m/n/10 T[] \OT1/cmr/m/n/10 = 8\OML/cmm/m/it/10 ig[] N[] G[] []  G[] [
]  G[] []  G[] []  G[] []  G[] []  G[] []  G[] []
 []


Overfull \hbox (5.81607pt too wide) detected at line 5821
\OMS/cmsy/m/n/10 T[] \OT1/cmr/m/n/10 = 8\OML/cmm/m/it/10 ig[] N[] G[] []  G[] [
]  G[] []  G[] []  G[] []  G[] []  G[] []  G[] []
 []

[51]
Overfull \hbox (6.5191pt too wide) detected at line 5824
\OMS/cmsy/m/n/10 T[] \OT1/cmr/m/n/10 = 2\OML/cmm/m/it/10 ig[] N[] G[] []  G[] [
]  G[] []  G[] []  G[] []  G[] []  G[] []  G[] []
 []


Overfull \hbox (5.81607pt too wide) detected at line 5827
\OMS/cmsy/m/n/10 T[] \OT1/cmr/m/n/10 = 8\OML/cmm/m/it/10 ig[] N[] G[] []  G[] [
]  G[] []  G[] []  G[] []  G[] []  G[] []  G[] []
 []


Overfull \hbox (5.93182pt too wide) detected at line 5830
\OMS/cmsy/m/n/10 T[] \OT1/cmr/m/n/10 = 8\OML/cmm/m/it/10 ig[] N[] G[] []  G[] [
]  G[] []  G[] []  G[] []  G[] []  G[] []  G[] []
 []


Overfull \hbox (10.2288pt too wide) detected at line 5833
\OMS/cmsy/m/n/10 T[] \OT1/cmr/m/n/10 = 32\OML/cmm/m/it/10 ig[] N[] G[] []  G[] 
[]  G[] []  G[] []  G[] []  G[] []  G[] []  G[] []
 []


Overfull \hbox (6.5191pt too wide) detected at line 5836
\OMS/cmsy/m/n/10 T[] \OT1/cmr/m/n/10 = 2\OML/cmm/m/it/10 ig[] N[] G[] []  G[] [
]  G[] []  G[] []  G[] []  G[] []  G[] []  G[] []
 []


Overfull \hbox (5.81607pt too wide) detected at line 5839
\OMS/cmsy/m/n/10 T[] \OT1/cmr/m/n/10 = 8\OML/cmm/m/it/10 ig[] N[] G[] []  G[] [
]  G[] []  G[] []  G[] []  G[] []  G[] []  G[] []
 []


Overfull \hbox (5.93182pt too wide) detected at line 5842
\OMS/cmsy/m/n/10 T[] \OT1/cmr/m/n/10 = 8\OML/cmm/m/it/10 ig[] N[] G[] []  G[] [
]  G[] []  G[] []  G[] []  G[] []  G[] []  G[] []
 []


Overfull \hbox (10.2288pt too wide) detected at line 5845
\OMS/cmsy/m/n/10 T[] \OT1/cmr/m/n/10 = 32\OML/cmm/m/it/10 ig[] N[] G[] []  G[] 
[]  G[] []  G[] []  G[] []  G[] []  G[] []  G[] []
 []


Overfull \hbox (1.63484pt too wide) detected at line 5848
\OMS/cmsy/m/n/10 T[] \OT1/cmr/m/n/10 = \OML/cmm/m/it/10 ig[] N[] G[] []  G[] []
  G[] []  G[] []  G[] []  G[] []  G[] []  G[] []
 []


Overfull \hbox (5.81607pt too wide) detected at line 5851
\OMS/cmsy/m/n/10 T[] \OT1/cmr/m/n/10 = 4\OML/cmm/m/it/10 ig[] N[] G[] []  G[] [
]  G[] []  G[] []  G[] []  G[] []  G[] []  G[] []
 []


Overfull \hbox (5.81607pt too wide) detected at line 5854
\OMS/cmsy/m/n/10 T[] \OT1/cmr/m/n/10 = 4\OML/cmm/m/it/10 ig[] N[] G[] []  G[] [
]  G[] []  G[] []  G[] []  G[] []  G[] []  G[] []
 []


Overfull \hbox (10.2288pt too wide) detected at line 5857
\OMS/cmsy/m/n/10 T[] \OT1/cmr/m/n/10 = 16\OML/cmm/m/it/10 ig[] N[] G[] []  G[] 
[]  G[] []  G[] []  G[] []  G[] []  G[] []  G[] []
 []


Overfull \hbox (1.63484pt too wide) detected at line 5860
\OMS/cmsy/m/n/10 T[] \OT1/cmr/m/n/10 = \OML/cmm/m/it/10 ig[] N[] G[] []  G[] []
  G[] []  G[] []  G[] []  G[] []  G[] []  G[] []
 []


Overfull \hbox (5.81607pt too wide) detected at line 5863
\OMS/cmsy/m/n/10 T[] \OT1/cmr/m/n/10 = 4\OML/cmm/m/it/10 ig[] N[] G[] []  G[] [
]  G[] []  G[] []  G[] []  G[] []  G[] []  G[] []
 []


Overfull \hbox (5.81607pt too wide) detected at line 5866
\OMS/cmsy/m/n/10 T[] \OT1/cmr/m/n/10 = 4\OML/cmm/m/it/10 ig[] N[] G[] []  G[] [
]  G[] []  G[] []  G[] []  G[] []  G[] []  G[] []
 []


Overfull \hbox (10.2288pt too wide) detected at line 5869
\OMS/cmsy/m/n/10 T[] \OT1/cmr/m/n/10 = 16\OML/cmm/m/it/10 ig[] N[] G[] []  G[] 
[]  G[] []  G[] []  G[] []  G[] []  G[] []  G[] []
 []


Overfull \hbox (1.63484pt too wide) detected at line 5872
\OMS/cmsy/m/n/10 T[] \OT1/cmr/m/n/10 = \OML/cmm/m/it/10 ig[] N[] G[] []  G[] []
  G[] []  G[] []  G[] []  G[] []  G[] []  G[] []
 []


Overfull \hbox (5.81607pt too wide) detected at line 5875
\OMS/cmsy/m/n/10 T[] \OT1/cmr/m/n/10 = 4\OML/cmm/m/it/10 ig[] N[] G[] []  G[] [
]  G[] []  G[] []  G[] []  G[] []  G[] []  G[] []
 []


Overfull \hbox (5.81607pt too wide) detected at line 5878
\OMS/cmsy/m/n/10 T[] \OT1/cmr/m/n/10 = 4\OML/cmm/m/it/10 ig[] N[] G[] []  G[] [
]  G[] []  G[] []  G[] []  G[] []  G[] []  G[] []
 []


Overfull \hbox (10.2288pt too wide) detected at line 5881
\OMS/cmsy/m/n/10 T[] \OT1/cmr/m/n/10 = 16\OML/cmm/m/it/10 ig[] N[] G[] []  G[] 
[]  G[] []  G[] []  G[] []  G[] []  G[] []  G[] []
 []


Overfull \hbox (6.04758pt too wide) detected at line 5884
\OMS/cmsy/m/n/10 T[] \OT1/cmr/m/n/10 = 4\OML/cmm/m/it/10 ig[] N[] G[] []  G[] [
]  G[] []  G[] []  G[] []  G[] []  G[] []  G[] []
 []


Overfull \hbox (10.2288pt too wide) detected at line 5887
\OMS/cmsy/m/n/10 T[] \OT1/cmr/m/n/10 = 16\OML/cmm/m/it/10 ig[] N[] G[] []  G[] 
[]  G[] []  G[] []  G[] []  G[] []  G[] []  G[] []
 []


Overfull \hbox (10.2288pt too wide) detected at line 5890
\OMS/cmsy/m/n/10 T[] \OT1/cmr/m/n/10 = 16\OML/cmm/m/it/10 ig[] N[] G[] []  G[] 
[]  G[] []  G[] []  G[] []  G[] []  G[] []  G[] []
 []


Overfull \hbox (9.64153pt too wide) detected at line 5893
\OMS/cmsy/m/n/10 T[] \OT1/cmr/m/n/10 = 64\OML/cmm/m/it/10 ig[] N[] G[] []  G[] 
[]  G[] []  G[] []  G[] []  G[] []  G[] []  G[] []
 []


Overfull \hbox (6.63486pt too wide) detected at line 5896
\OMS/cmsy/m/n/10 T[] \OT1/cmr/m/n/10 = 2\OML/cmm/m/it/10 ig[] N[] G[] []  G[] [
]  G[] []  G[] []  G[] []  G[] []  G[] []  G[] []
 []


Overfull \hbox (6.5191pt too wide) detected at line 5899
\OMS/cmsy/m/n/10 T[] \OT1/cmr/m/n/10 = 2\OML/cmm/m/it/10 ig[] N[] G[] []  G[] [
]  G[] []  G[] []  G[] []  G[] []  G[] []  G[] []
 []


Overfull \hbox (5.93182pt too wide) detected at line 5902
\OMS/cmsy/m/n/10 T[] \OT1/cmr/m/n/10 = 8\OML/cmm/m/it/10 ig[] N[] G[] []  G[] [
]  G[] []  G[] []  G[] []  G[] []  G[] []  G[] []
 []


Overfull \hbox (5.81607pt too wide) detected at line 5905
\OMS/cmsy/m/n/10 T[] \OT1/cmr/m/n/10 = 8\OML/cmm/m/it/10 ig[] N[] G[] []  G[] [
]  G[] []  G[] []  G[] []  G[] []  G[] []  G[] []
 []


Overfull \hbox (6.5191pt too wide) detected at line 5908
\OMS/cmsy/m/n/10 T[] \OT1/cmr/m/n/10 = 2\OML/cmm/m/it/10 ig[] N[] G[] []  G[] [
]  G[] []  G[] []  G[] []  G[] []  G[] []  G[] []
 []


Overfull \hbox (5.81607pt too wide) detected at line 5911
\OMS/cmsy/m/n/10 T[] \OT1/cmr/m/n/10 = 8\OML/cmm/m/it/10 ig[] N[] G[] []  G[] [
]  G[] []  G[] []  G[] []  G[] []  G[] []  G[] []
 []


Overfull \hbox (5.93182pt too wide) detected at line 5914
\OMS/cmsy/m/n/10 T[] \OT1/cmr/m/n/10 = 8\OML/cmm/m/it/10 ig[] N[] G[] []  G[] [
]  G[] []  G[] []  G[] []  G[] []  G[] []  G[] []
 []


Overfull \hbox (10.2288pt too wide) detected at line 5917
\OMS/cmsy/m/n/10 T[] \OT1/cmr/m/n/10 = 32\OML/cmm/m/it/10 ig[] N[] G[] []  G[] 
[]  G[] []  G[] []  G[] []  G[] []  G[] []  G[] []
 []


Overfull \hbox (5.93182pt too wide) detected at line 5920
\OMS/cmsy/m/n/10 T[] \OT1/cmr/m/n/10 = 8\OML/cmm/m/it/10 ig[] N[] G[] []  G[] [
]  G[] []  G[] []  G[] []  G[] []  G[] []  G[] []
 []


Overfull \hbox (5.81607pt too wide) detected at line 5923
\OMS/cmsy/m/n/10 T[] \OT1/cmr/m/n/10 = 8\OML/cmm/m/it/10 ig[] N[] G[] []  G[] [
]  G[] []  G[] []  G[] []  G[] []  G[] []  G[] []
 []


Overfull \hbox (6.5191pt too wide) detected at line 5926
\OMS/cmsy/m/n/10 T[] \OT1/cmr/m/n/10 = 2\OML/cmm/m/it/10 ig[] N[] G[] []  G[] [
]  G[] []  G[] []  G[] []  G[] []  G[] []  G[] []
 []


Overfull \hbox (5.81607pt too wide) detected at line 5929
\OMS/cmsy/m/n/10 T[] \OT1/cmr/m/n/10 = 8\OML/cmm/m/it/10 ig[] N[] G[] []  G[] [
]  G[] []  G[] []  G[] []  G[] []  G[] []  G[] []
 []


Overfull \hbox (5.93182pt too wide) detected at line 5932
\OMS/cmsy/m/n/10 T[] \OT1/cmr/m/n/10 = 8\OML/cmm/m/it/10 ig[] N[] G[] []  G[] [
]  G[] []  G[] []  G[] []  G[] []  G[] []  G[] []
 []


Overfull \hbox (10.2288pt too wide) detected at line 5935
\OMS/cmsy/m/n/10 T[] \OT1/cmr/m/n/10 = 32\OML/cmm/m/it/10 ig[] N[] G[] []  G[] 
[]  G[] []  G[] []  G[] []  G[] []  G[] []  G[] []
 []

[52]
Overfull \hbox (5.81607pt too wide) detected at line 5938
\OMS/cmsy/m/n/10 T[] \OT1/cmr/m/n/10 = 8\OML/cmm/m/it/10 ig[] N[] G[] []  G[] [
]  G[] []  G[] []  G[] []  G[] []  G[] []  G[] []
 []


Overfull \hbox (5.70032pt too wide) detected at line 5941
\OMS/cmsy/m/n/10 T[] \OT1/cmr/m/n/10 = 8\OML/cmm/m/it/10 ig[] N[] G[] []  G[] [
]  G[] []  G[] []  G[] []  G[] []  G[] []  G[] []
 []


Overfull \hbox (5.81607pt too wide) detected at line 5944
\OMS/cmsy/m/n/10 T[] \OT1/cmr/m/n/10 = 8\OML/cmm/m/it/10 ig[] N[] G[] []  G[] [
]  G[] []  G[] []  G[] []  G[] []  G[] []  G[] []
 []


Overfull \hbox (10.11305pt too wide) detected at line 5947
\OMS/cmsy/m/n/10 T[] \OT1/cmr/m/n/10 = 32\OML/cmm/m/it/10 ig[] N[] G[] []  G[] 
[]  G[] []  G[] []  G[] []  G[] []  G[] []  G[] []
 []


Overfull \hbox (5.81607pt too wide) detected at line 5950
\OMS/cmsy/m/n/10 T[] \OT1/cmr/m/n/10 = 8\OML/cmm/m/it/10 ig[] N[] G[] []  G[] [
]  G[] []  G[] []  G[] []  G[] []  G[] []  G[] []
 []


Overfull \hbox (10.11305pt too wide) detected at line 5953
\OMS/cmsy/m/n/10 T[] \OT1/cmr/m/n/10 = 32\OML/cmm/m/it/10 ig[] N[] G[] []  G[] 
[]  G[] []  G[] []  G[] []  G[] []  G[] []  G[] []
 []


Overfull \hbox (5.81607pt too wide) detected at line 5956
\OMS/cmsy/m/n/10 T[] \OT1/cmr/m/n/10 = 8\OML/cmm/m/it/10 ig[] N[] G[] []  G[] [
]  G[] []  G[] []  G[] []  G[] []  G[] []  G[] []
 []


Overfull \hbox (10.11305pt too wide) detected at line 5959
\OMS/cmsy/m/n/10 T[] \OT1/cmr/m/n/10 = 32\OML/cmm/m/it/10 ig[] N[] G[] []  G[] 
[]  G[] []  G[] []  G[] []  G[] []  G[] []  G[] []
 []


Overfull \hbox (5.81607pt too wide) detected at line 5962
\OMS/cmsy/m/n/10 T[] \OT1/cmr/m/n/10 = 8\OML/cmm/m/it/10 ig[] N[] G[] []  G[] [
]  G[] []  G[] []  G[] []  G[] []  G[] []  G[] []
 []


Overfull \hbox (10.11305pt too wide) detected at line 5965
\OMS/cmsy/m/n/10 T[] \OT1/cmr/m/n/10 = 32\OML/cmm/m/it/10 ig[] N[] G[] []  G[] 
[]  G[] []  G[] []  G[] []  G[] []  G[] []  G[] []
 []


Overfull \hbox (1.51909pt too wide) detected at line 5968
\OMS/cmsy/m/n/10 T[] \OT1/cmr/m/n/10 = \OML/cmm/m/it/10 ig[] N[] G[] []  G[] []
  G[] []  G[] []  G[] []  G[] []  G[] []  G[] []
 []


Overfull \hbox (5.70032pt too wide) detected at line 5971
\OMS/cmsy/m/n/10 T[] \OT1/cmr/m/n/10 = 4\OML/cmm/m/it/10 ig[] N[] G[] []  G[] [
]  G[] []  G[] []  G[] []  G[] []  G[] []  G[] []
 []


Overfull \hbox (5.70032pt too wide) detected at line 5974
\OMS/cmsy/m/n/10 T[] \OT1/cmr/m/n/10 = 4\OML/cmm/m/it/10 ig[] N[] G[] []  G[] [
]  G[] []  G[] []  G[] []  G[] []  G[] []  G[] []
 []


Overfull \hbox (10.11305pt too wide) detected at line 5977
\OMS/cmsy/m/n/10 T[] \OT1/cmr/m/n/10 = 16\OML/cmm/m/it/10 ig[] N[] G[] []  G[] 
[]  G[] []  G[] []  G[] []  G[] []  G[] []  G[] []
 []


Overfull \hbox (5.93182pt too wide) detected at line 5980
\OMS/cmsy/m/n/10 T[] \OT1/cmr/m/n/10 = 4\OML/cmm/m/it/10 ig[] N[] G[] []  G[] [
]  G[] []  G[] []  G[] []  G[] []  G[] []  G[] []
 []


Overfull \hbox (10.11305pt too wide) detected at line 5983
\OMS/cmsy/m/n/10 T[] \OT1/cmr/m/n/10 = 16\OML/cmm/m/it/10 ig[] N[] G[] []  G[] 
[]  G[] []  G[] []  G[] []  G[] []  G[] []  G[] []
 []


Overfull \hbox (10.11305pt too wide) detected at line 5986
\OMS/cmsy/m/n/10 T[] \OT1/cmr/m/n/10 = 16\OML/cmm/m/it/10 ig[] N[] G[] []  G[] 
[]  G[] []  G[] []  G[] []  G[] []  G[] []  G[] []
 []


Overfull \hbox (9.52577pt too wide) detected at line 5989
\OMS/cmsy/m/n/10 T[] \OT1/cmr/m/n/10 = 64\OML/cmm/m/it/10 ig[] N[] G[] []  G[] 
[]  G[] []  G[] []  G[] []  G[] []  G[] []  G[] []
 []


Overfull \hbox (5.93182pt too wide) detected at line 5992
\OMS/cmsy/m/n/10 T[] \OT1/cmr/m/n/10 = 4\OML/cmm/m/it/10 ig[] N[] G[] []  G[] [
]  G[] []  G[] []  G[] []  G[] []  G[] []  G[] []
 []


Overfull \hbox (10.11305pt too wide) detected at line 5995
\OMS/cmsy/m/n/10 T[] \OT1/cmr/m/n/10 = 16\OML/cmm/m/it/10 ig[] N[] G[] []  G[] 
[]  G[] []  G[] []  G[] []  G[] []  G[] []  G[] []
 []


Overfull \hbox (10.11305pt too wide) detected at line 5998
\OMS/cmsy/m/n/10 T[] \OT1/cmr/m/n/10 = 16\OML/cmm/m/it/10 ig[] N[] G[] []  G[] 
[]  G[] []  G[] []  G[] []  G[] []  G[] []  G[] []
 []


Overfull \hbox (9.52577pt too wide) detected at line 6001
\OMS/cmsy/m/n/10 T[] \OT1/cmr/m/n/10 = 64\OML/cmm/m/it/10 ig[] N[] G[] []  G[] 
[]  G[] []  G[] []  G[] []  G[] []  G[] []  G[] []
 []


Overfull \hbox (5.93182pt too wide) detected at line 6004
\OMS/cmsy/m/n/10 T[] \OT1/cmr/m/n/10 = 4\OML/cmm/m/it/10 ig[] N[] G[] []  G[] [
]  G[] []  G[] []  G[] []  G[] []  G[] []  G[] []
 []


Overfull \hbox (10.11305pt too wide) detected at line 6007
\OMS/cmsy/m/n/10 T[] \OT1/cmr/m/n/10 = 16\OML/cmm/m/it/10 ig[] N[] G[] []  G[] 
[]  G[] []  G[] []  G[] []  G[] []  G[] []  G[] []
 []


Overfull \hbox (10.11305pt too wide) detected at line 6010
\OMS/cmsy/m/n/10 T[] \OT1/cmr/m/n/10 = 16\OML/cmm/m/it/10 ig[] N[] G[] []  G[] 
[]  G[] []  G[] []  G[] []  G[] []  G[] []  G[] []
 []


Overfull \hbox (9.52577pt too wide) detected at line 6013
\OMS/cmsy/m/n/10 T[] \OT1/cmr/m/n/10 = 64\OML/cmm/m/it/10 ig[] N[] G[] []  G[] 
[]  G[] []  G[] []  G[] []  G[] []  G[] []  G[] []
 []


Overfull \hbox (6.75061pt too wide) detected at line 6016
\OMS/cmsy/m/n/10 T[] \OT1/cmr/m/n/10 = 2\OML/cmm/m/it/10 ig[] N[] G[] []  G[] [
]  G[] []  G[] []  G[] []  G[] []  G[] []  G[] []
 []


Overfull \hbox (6.63486pt too wide) detected at line 6019
\OMS/cmsy/m/n/10 T[] \OT1/cmr/m/n/10 = 2\OML/cmm/m/it/10 ig[] N[] G[] []  G[] [
]  G[] []  G[] []  G[] []  G[] []  G[] []  G[] []
 []


Overfull \hbox (6.63486pt too wide) detected at line 6022
\OMS/cmsy/m/n/10 T[] \OT1/cmr/m/n/10 = 2\OML/cmm/m/it/10 ig[] N[] G[] []  G[] [
]  G[] []  G[] []  G[] []  G[] []  G[] []  G[] []
 []


Overfull \hbox (6.63486pt too wide) detected at line 6025
\OMS/cmsy/m/n/10 T[] \OT1/cmr/m/n/10 = 2\OML/cmm/m/it/10 ig[] N[] G[] []  G[] [
]  G[] []  G[] []  G[] []  G[] []  G[] []  G[] []
 []


Overfull \hbox (6.63486pt too wide) detected at line 6028
\OMS/cmsy/m/n/10 T[] \OT1/cmr/m/n/10 = 2\OML/cmm/m/it/10 ig[] N[] G[] []  G[] [
]  G[] []  G[] []  G[] []  G[] []  G[] []  G[] []
 []


Overfull \hbox (6.5191pt too wide) detected at line 6031
\OMS/cmsy/m/n/10 T[] \OT1/cmr/m/n/10 = 2\OML/cmm/m/it/10 ig[] N[] G[] []  G[] [
]  G[] []  G[] []  G[] []  G[] []  G[] []  G[] []
 []


Overfull \hbox (5.93182pt too wide) detected at line 6034
\OMS/cmsy/m/n/10 T[] \OT1/cmr/m/n/10 = 8\OML/cmm/m/it/10 ig[] N[] G[] []  G[] [
]  G[] []  G[] []  G[] []  G[] []  G[] []  G[] []
 []


Overfull \hbox (5.93182pt too wide) detected at line 6037
\OMS/cmsy/m/n/10 T[] \OT1/cmr/m/n/10 = 8\OML/cmm/m/it/10 ig[] N[] G[] []  G[] [
]  G[] []  G[] []  G[] []  G[] []  G[] []  G[] []
 []


Overfull \hbox (1.63484pt too wide) detected at line 6040
\OMS/cmsy/m/n/10 T[] \OT1/cmr/m/n/10 = \OML/cmm/m/it/10 ig[] N[] G[] []  G[] []
  G[] []  G[] []  G[] []  G[] []  G[] []  G[] []
 []


Overfull \hbox (1.63484pt too wide) detected at line 6043
\OMS/cmsy/m/n/10 T[] \OT1/cmr/m/n/10 = \OML/cmm/m/it/10 ig[] N[] G[] []  G[] []
  G[] []  G[] []  G[] []  G[] []  G[] []  G[] []
 []


Overfull \hbox (1.63484pt too wide) detected at line 6046
\OMS/cmsy/m/n/10 T[] \OT1/cmr/m/n/10 = \OML/cmm/m/it/10 ig[] N[] G[] []  G[] []
  G[] []  G[] []  G[] []  G[] []  G[] []  G[] []
 []


Overfull \hbox (6.04758pt too wide) detected at line 6049
\OMS/cmsy/m/n/10 T[] \OT1/cmr/m/n/10 = 4\OML/cmm/m/it/10 ig[] N[] G[] []  G[] [
]  G[] []  G[] []  G[] []  G[] []  G[] []  G[] []
 []

[53]
Overfull \hbox (6.63486pt too wide) detected at line 6052
\OMS/cmsy/m/n/10 T[] \OT1/cmr/m/n/10 = 2\OML/cmm/m/it/10 ig[] N[] G[] []  G[] [
]  G[] []  G[] []  G[] []  G[] []  G[] []  G[] []
 []


Overfull \hbox (6.63486pt too wide) detected at line 6055
\OMS/cmsy/m/n/10 T[] \OT1/cmr/m/n/10 = 2\OML/cmm/m/it/10 ig[] N[] G[] []  G[] [
]  G[] []  G[] []  G[] []  G[] []  G[] []  G[] []
 []


Overfull \hbox (6.63486pt too wide) detected at line 6058
\OMS/cmsy/m/n/10 T[] \OT1/cmr/m/n/10 = 2\OML/cmm/m/it/10 ig[] N[] G[] []  G[] [
]  G[] []  G[] []  G[] []  G[] []  G[] []  G[] []
 []


Overfull \hbox (6.5191pt too wide) detected at line 6061
\OMS/cmsy/m/n/10 T[] \OT1/cmr/m/n/10 = 2\OML/cmm/m/it/10 ig[] N[] G[] []  G[] [
]  G[] []  G[] []  G[] []  G[] []  G[] []  G[] []
 []


Overfull \hbox (5.93182pt too wide) detected at line 6064
\OMS/cmsy/m/n/10 T[] \OT1/cmr/m/n/10 = 8\OML/cmm/m/it/10 ig[] N[] G[] []  G[] [
]  G[] []  G[] []  G[] []  G[] []  G[] []  G[] []
 []


Overfull \hbox (5.93182pt too wide) detected at line 6067
\OMS/cmsy/m/n/10 T[] \OT1/cmr/m/n/10 = 8\OML/cmm/m/it/10 ig[] N[] G[] []  G[] [
]  G[] []  G[] []  G[] []  G[] []  G[] []  G[] []
 []


Overfull \hbox (6.5191pt too wide) detected at line 6070
\OMS/cmsy/m/n/10 T[] \OT1/cmr/m/n/10 = 2\OML/cmm/m/it/10 ig[] N[] G[] []  G[] [
]  G[] []  G[] []  G[] []  G[] []  G[] []  G[] []
 []


Overfull \hbox (5.93182pt too wide) detected at line 6073
\OMS/cmsy/m/n/10 T[] \OT1/cmr/m/n/10 = 8\OML/cmm/m/it/10 ig[] N[] G[] []  G[] [
]  G[] []  G[] []  G[] []  G[] []  G[] []  G[] []
 []


Overfull \hbox (6.5191pt too wide) detected at line 6076
\OMS/cmsy/m/n/10 T[] \OT1/cmr/m/n/10 = 2\OML/cmm/m/it/10 ig[] N[] G[] []  G[] [
]  G[] []  G[] []  G[] []  G[] []  G[] []  G[] []
 []


Overfull \hbox (5.93182pt too wide) detected at line 6079
\OMS/cmsy/m/n/10 T[] \OT1/cmr/m/n/10 = 8\OML/cmm/m/it/10 ig[] N[] G[] []  G[] [
]  G[] []  G[] []  G[] []  G[] []  G[] []  G[] []
 []


Overfull \hbox (5.93182pt too wide) detected at line 6082
\OMS/cmsy/m/n/10 T[] \OT1/cmr/m/n/10 = 8\OML/cmm/m/it/10 ig[] N[] G[] []  G[] [
]  G[] []  G[] []  G[] []  G[] []  G[] []  G[] []
 []


Overfull \hbox (5.81607pt too wide) detected at line 6085
\OMS/cmsy/m/n/10 T[] \OT1/cmr/m/n/10 = 8\OML/cmm/m/it/10 ig[] N[] G[] []  G[] [
]  G[] []  G[] []  G[] []  G[] []  G[] []  G[] []
 []


Overfull \hbox (5.81607pt too wide) detected at line 6088
\OMS/cmsy/m/n/10 T[] \OT1/cmr/m/n/10 = 8\OML/cmm/m/it/10 ig[] N[] G[] []  G[] [
]  G[] []  G[] []  G[] []  G[] []  G[] []  G[] []
 []


Overfull \hbox (10.2288pt too wide) detected at line 6091
\OMS/cmsy/m/n/10 T[] \OT1/cmr/m/n/10 = 32\OML/cmm/m/it/10 ig[] N[] G[] []  G[] 
[]  G[] []  G[] []  G[] []  G[] []  G[] []  G[] []
 []


Overfull \hbox (5.81607pt too wide) detected at line 6094
\OMS/cmsy/m/n/10 T[] \OT1/cmr/m/n/10 = 4\OML/cmm/m/it/10 ig[] N[] G[] []  G[] [
]  G[] []  G[] []  G[] []  G[] []  G[] []  G[] []
 []


Overfull \hbox (5.81607pt too wide) detected at line 6097
\OMS/cmsy/m/n/10 T[] \OT1/cmr/m/n/10 = 4\OML/cmm/m/it/10 ig[] N[] G[] []  G[] [
]  G[] []  G[] []  G[] []  G[] []  G[] []  G[] []
 []


Overfull \hbox (5.81607pt too wide) detected at line 6100
\OMS/cmsy/m/n/10 T[] \OT1/cmr/m/n/10 = 4\OML/cmm/m/it/10 ig[] N[] G[] []  G[] [
]  G[] []  G[] []  G[] []  G[] []  G[] []  G[] []
 []


Overfull \hbox (10.2288pt too wide) detected at line 6103
\OMS/cmsy/m/n/10 T[] \OT1/cmr/m/n/10 = 16\OML/cmm/m/it/10 ig[] N[] G[] []  G[] 
[]  G[] []  G[] []  G[] []  G[] []  G[] []  G[] []
 []


Overfull \hbox (5.81607pt too wide) detected at line 6106
\OMS/cmsy/m/n/10 T[] \OT1/cmr/m/n/10 = 8\OML/cmm/m/it/10 ig[] N[] G[] []  G[] [
]  G[] []  G[] []  G[] []  G[] []  G[] []  G[] []
 []


Overfull \hbox (10.2288pt too wide) detected at line 6109
\OMS/cmsy/m/n/10 T[] \OT1/cmr/m/n/10 = 32\OML/cmm/m/it/10 ig[] N[] G[] []  G[] 
[]  G[] []  G[] []  G[] []  G[] []  G[] []  G[] []
 []


Overfull \hbox (5.81607pt too wide) detected at line 6112
\OMS/cmsy/m/n/10 T[] \OT1/cmr/m/n/10 = 4\OML/cmm/m/it/10 ig[] N[] G[] []  G[] [
]  G[] []  G[] []  G[] []  G[] []  G[] []  G[] []
 []


Overfull \hbox (10.2288pt too wide) detected at line 6115
\OMS/cmsy/m/n/10 T[] \OT1/cmr/m/n/10 = 16\OML/cmm/m/it/10 ig[] N[] G[] []  G[] 
[]  G[] []  G[] []  G[] []  G[] []  G[] []  G[] []
 []


Overfull \hbox (5.81607pt too wide) detected at line 6118
\OMS/cmsy/m/n/10 T[] \OT1/cmr/m/n/10 = 4\OML/cmm/m/it/10 ig[] N[] G[] []  G[] [
]  G[] []  G[] []  G[] []  G[] []  G[] []  G[] []
 []


Overfull \hbox (10.2288pt too wide) detected at line 6121
\OMS/cmsy/m/n/10 T[] \OT1/cmr/m/n/10 = 16\OML/cmm/m/it/10 ig[] N[] G[] []  G[] 
[]  G[] []  G[] []  G[] []  G[] []  G[] []  G[] []
 []


Overfull \hbox (5.81607pt too wide) detected at line 6124
\OMS/cmsy/m/n/10 T[] \OT1/cmr/m/n/10 = 4\OML/cmm/m/it/10 ig[] N[] G[] []  G[] [
]  G[] []  G[] []  G[] []  G[] []  G[] []  G[] []
 []


Overfull \hbox (10.2288pt too wide) detected at line 6127
\OMS/cmsy/m/n/10 T[] \OT1/cmr/m/n/10 = 16\OML/cmm/m/it/10 ig[] N[] G[] []  G[] 
[]  G[] []  G[] []  G[] []  G[] []  G[] []  G[] []
 []


Overfull \hbox (10.2288pt too wide) detected at line 6130
\OMS/cmsy/m/n/10 T[] \OT1/cmr/m/n/10 = 16\OML/cmm/m/it/10 ig[] N[] G[] []  G[] 
[]  G[] []  G[] []  G[] []  G[] []  G[] []  G[] []
 []


Overfull \hbox (9.64153pt too wide) detected at line 6133
\OMS/cmsy/m/n/10 T[] \OT1/cmr/m/n/10 = 64\OML/cmm/m/it/10 ig[] N[] G[] []  G[] 
[]  G[] []  G[] []  G[] []  G[] []  G[] []  G[] []
 []


Overfull \hbox (6.63486pt too wide) detected at line 6136
\OMS/cmsy/m/n/10 T[] \OT1/cmr/m/n/10 = 2\OML/cmm/m/it/10 ig[] N[] G[] []  G[] [
]  G[] []  G[] []  G[] []  G[] []  G[] []  G[] []
 []


Overfull \hbox (6.5191pt too wide) detected at line 6139
\OMS/cmsy/m/n/10 T[] \OT1/cmr/m/n/10 = 2\OML/cmm/m/it/10 ig[] N[] G[] []  G[] [
]  G[] []  G[] []  G[] []  G[] []  G[] []  G[] []
 []


Overfull \hbox (5.93182pt too wide) detected at line 6142
\OMS/cmsy/m/n/10 T[] \OT1/cmr/m/n/10 = 8\OML/cmm/m/it/10 ig[] N[] G[] []  G[] [
]  G[] []  G[] []  G[] []  G[] []  G[] []  G[] []
 []


Overfull \hbox (5.93182pt too wide) detected at line 6145
\OMS/cmsy/m/n/10 T[] \OT1/cmr/m/n/10 = 8\OML/cmm/m/it/10 ig[] N[] G[] []  G[] [
]  G[] []  G[] []  G[] []  G[] []  G[] []  G[] []
 []


Overfull \hbox (6.5191pt too wide) detected at line 6148
\OMS/cmsy/m/n/10 T[] \OT1/cmr/m/n/10 = 2\OML/cmm/m/it/10 ig[] N[] G[] []  G[] [
]  G[] []  G[] []  G[] []  G[] []  G[] []  G[] []
 []


Overfull \hbox (5.81607pt too wide) detected at line 6151
\OMS/cmsy/m/n/10 T[] \OT1/cmr/m/n/10 = 8\OML/cmm/m/it/10 ig[] N[] G[] []  G[] [
]  G[] []  G[] []  G[] []  G[] []  G[] []  G[] []
 []


Overfull \hbox (5.81607pt too wide) detected at line 6154
\OMS/cmsy/m/n/10 T[] \OT1/cmr/m/n/10 = 8\OML/cmm/m/it/10 ig[] N[] G[] []  G[] [
]  G[] []  G[] []  G[] []  G[] []  G[] []  G[] []
 []


Overfull \hbox (10.2288pt too wide) detected at line 6157
\OMS/cmsy/m/n/10 T[] \OT1/cmr/m/n/10 = 32\OML/cmm/m/it/10 ig[] N[] G[] []  G[] 
[]  G[] []  G[] []  G[] []  G[] []  G[] []  G[] []
 []


Overfull \hbox (1.51909pt too wide) detected at line 6160
\OMS/cmsy/m/n/10 T[] \OT1/cmr/m/n/10 = \OML/cmm/m/it/10 ig[] N[] G[] []  G[] []
  G[] []  G[] []  G[] []  G[] []  G[] []  G[] []
 []


Overfull \hbox (5.93182pt too wide) detected at line 6163
\OMS/cmsy/m/n/10 T[] \OT1/cmr/m/n/10 = 4\OML/cmm/m/it/10 ig[] N[] G[] []  G[] [
]  G[] []  G[] []  G[] []  G[] []  G[] []  G[] []
 []

[54]
Overfull \hbox (5.93182pt too wide) detected at line 6166
\OMS/cmsy/m/n/10 T[] \OT1/cmr/m/n/10 = 4\OML/cmm/m/it/10 ig[] N[] G[] []  G[] [
]  G[] []  G[] []  G[] []  G[] []  G[] []  G[] []
 []


Overfull \hbox (5.93182pt too wide) detected at line 6169
\OMS/cmsy/m/n/10 T[] \OT1/cmr/m/n/10 = 4\OML/cmm/m/it/10 ig[] N[] G[] []  G[] [
]  G[] []  G[] []  G[] []  G[] []  G[] []  G[] []
 []


Overfull \hbox (5.93182pt too wide) detected at line 6172
\OMS/cmsy/m/n/10 T[] \OT1/cmr/m/n/10 = 8\OML/cmm/m/it/10 ig[] N[] G[] []  G[] [
]  G[] []  G[] []  G[] []  G[] []  G[] []  G[] []
 []


Overfull \hbox (6.5191pt too wide) detected at line 6175
\OMS/cmsy/m/n/10 T[] \OT1/cmr/m/n/10 = 2\OML/cmm/m/it/10 ig[] N[] G[] []  G[] [
]  G[] []  G[] []  G[] []  G[] []  G[] []  G[] []
 []


Overfull \hbox (5.93182pt too wide) detected at line 6178
\OMS/cmsy/m/n/10 T[] \OT1/cmr/m/n/10 = 8\OML/cmm/m/it/10 ig[] N[] G[] []  G[] [
]  G[] []  G[] []  G[] []  G[] []  G[] []  G[] []
 []


Overfull \hbox (5.81607pt too wide) detected at line 6181
\OMS/cmsy/m/n/10 T[] \OT1/cmr/m/n/10 = 8\OML/cmm/m/it/10 ig[] N[] G[] []  G[] [
]  G[] []  G[] []  G[] []  G[] []  G[] []  G[] []
 []


Overfull \hbox (5.81607pt too wide) detected at line 6184
\OMS/cmsy/m/n/10 T[] \OT1/cmr/m/n/10 = 8\OML/cmm/m/it/10 ig[] N[] G[] []  G[] [
]  G[] []  G[] []  G[] []  G[] []  G[] []  G[] []
 []


Overfull \hbox (5.81607pt too wide) detected at line 6187
\OMS/cmsy/m/n/10 T[] \OT1/cmr/m/n/10 = 8\OML/cmm/m/it/10 ig[] N[] G[] []  G[] [
]  G[] []  G[] []  G[] []  G[] []  G[] []  G[] []
 []


Overfull \hbox (5.81607pt too wide) detected at line 6190
\OMS/cmsy/m/n/10 T[] \OT1/cmr/m/n/10 = 8\OML/cmm/m/it/10 ig[] N[] G[] []  G[] [
]  G[] []  G[] []  G[] []  G[] []  G[] []  G[] []
 []


Overfull \hbox (5.81607pt too wide) detected at line 6193
\OMS/cmsy/m/n/10 T[] \OT1/cmr/m/n/10 = 8\OML/cmm/m/it/10 ig[] N[] G[] []  G[] [
]  G[] []  G[] []  G[] []  G[] []  G[] []  G[] []
 []


Overfull \hbox (5.81607pt too wide) detected at line 6196
\OMS/cmsy/m/n/10 T[] \OT1/cmr/m/n/10 = 8\OML/cmm/m/it/10 ig[] N[] G[] []  G[] [
]  G[] []  G[] []  G[] []  G[] []  G[] []  G[] []
 []


Overfull \hbox (5.81607pt too wide) detected at line 6199
\OMS/cmsy/m/n/10 T[] \OT1/cmr/m/n/10 = 8\OML/cmm/m/it/10 ig[] N[] G[] []  G[] [
]  G[] []  G[] []  G[] []  G[] []  G[] []  G[] []
 []


Overfull \hbox (10.2288pt too wide) detected at line 6202
\OMS/cmsy/m/n/10 T[] \OT1/cmr/m/n/10 = 32\OML/cmm/m/it/10 ig[] N[] G[] []  G[] 
[]  G[] []  G[] []  G[] []  G[] []  G[] []  G[] []
 []


Overfull \hbox (5.70032pt too wide) detected at line 6205
\OMS/cmsy/m/n/10 T[] \OT1/cmr/m/n/10 = 8\OML/cmm/m/it/10 ig[] N[] G[] []  G[] [
]  G[] []  G[] []  G[] []  G[] []  G[] []  G[] []
 []


Overfull \hbox (10.11305pt too wide) detected at line 6208
\OMS/cmsy/m/n/10 T[] \OT1/cmr/m/n/10 = 32\OML/cmm/m/it/10 ig[] N[] G[] []  G[] 
[]  G[] []  G[] []  G[] []  G[] []  G[] []  G[] []
 []


Overfull \hbox (10.11305pt too wide) detected at line 6211
\OMS/cmsy/m/n/10 T[] \OT1/cmr/m/n/10 = 32\OML/cmm/m/it/10 ig[] N[] G[] []  G[] 
[]  G[] []  G[] []  G[] []  G[] []  G[] []  G[] []
 []


Overfull \hbox (5.70032pt too wide) detected at line 6214
\OMS/cmsy/m/n/10 T[] \OT1/cmr/m/n/10 = 4\OML/cmm/m/it/10 ig[] N[] G[] []  G[] [
]  G[] []  G[] []  G[] []  G[] []  G[] []  G[] []
 []


Overfull \hbox (10.11305pt too wide) detected at line 6217
\OMS/cmsy/m/n/10 T[] \OT1/cmr/m/n/10 = 16\OML/cmm/m/it/10 ig[] N[] G[] []  G[] 
[]  G[] []  G[] []  G[] []  G[] []  G[] []  G[] []
 []


Overfull \hbox (10.11305pt too wide) detected at line 6220
\OMS/cmsy/m/n/10 T[] \OT1/cmr/m/n/10 = 16\OML/cmm/m/it/10 ig[] N[] G[] []  G[] 
[]  G[] []  G[] []  G[] []  G[] []  G[] []  G[] []
 []


Overfull \hbox (10.11305pt too wide) detected at line 6223
\OMS/cmsy/m/n/10 T[] \OT1/cmr/m/n/10 = 16\OML/cmm/m/it/10 ig[] N[] G[] []  G[] 
[]  G[] []  G[] []  G[] []  G[] []  G[] []  G[] []
 []


Overfull \hbox (10.11305pt too wide) detected at line 6226
\OMS/cmsy/m/n/10 T[] \OT1/cmr/m/n/10 = 32\OML/cmm/m/it/10 ig[] N[] G[] []  G[] 
[]  G[] []  G[] []  G[] []  G[] []  G[] []  G[] []
 []


Overfull \hbox (10.11305pt too wide) detected at line 6229
\OMS/cmsy/m/n/10 T[] \OT1/cmr/m/n/10 = 32\OML/cmm/m/it/10 ig[] N[] G[] []  G[] 
[]  G[] []  G[] []  G[] []  G[] []  G[] []  G[] []
 []


Overfull \hbox (5.70032pt too wide) detected at line 6232
\OMS/cmsy/m/n/10 T[] \OT1/cmr/m/n/10 = 4\OML/cmm/m/it/10 ig[] N[] G[] []  G[] [
]  G[] []  G[] []  G[] []  G[] []  G[] []  G[] []
 []


Overfull \hbox (10.11305pt too wide) detected at line 6235
\OMS/cmsy/m/n/10 T[] \OT1/cmr/m/n/10 = 16\OML/cmm/m/it/10 ig[] N[] G[] []  G[] 
[]  G[] []  G[] []  G[] []  G[] []  G[] []  G[] []
 []


Overfull \hbox (10.11305pt too wide) detected at line 6238
\OMS/cmsy/m/n/10 T[] \OT1/cmr/m/n/10 = 16\OML/cmm/m/it/10 ig[] N[] G[] []  G[] 
[]  G[] []  G[] []  G[] []  G[] []  G[] []  G[] []
 []


Overfull \hbox (9.52577pt too wide) detected at line 6241
\OMS/cmsy/m/n/10 T[] \OT1/cmr/m/n/10 = 64\OML/cmm/m/it/10 ig[] N[] G[] []  G[] 
[]  G[] []  G[] []  G[] []  G[] []  G[] []  G[] []
 []


Overfull \hbox (10.11305pt too wide) detected at line 6244
\OMS/cmsy/m/n/10 T[] \OT1/cmr/m/n/10 = 16\OML/cmm/m/it/10 ig[] N[] G[] []  G[] 
[]  G[] []  G[] []  G[] []  G[] []  G[] []  G[] []
 []


Overfull \hbox (9.52577pt too wide) detected at line 6247
\OMS/cmsy/m/n/10 T[] \OT1/cmr/m/n/10 = 64\OML/cmm/m/it/10 ig[] N[] G[] []  G[] 
[]  G[] []  G[] []  G[] []  G[] []  G[] []  G[] []
 []


Overfull \hbox (10.11305pt too wide) detected at line 6250
\OMS/cmsy/m/n/10 T[] \OT1/cmr/m/n/10 = 16\OML/cmm/m/it/10 ig[] N[] G[] []  G[] 
[]  G[] []  G[] []  G[] []  G[] []  G[] []  G[] []
 []


Overfull \hbox (9.52577pt too wide) detected at line 6253
\OMS/cmsy/m/n/10 T[] \OT1/cmr/m/n/10 = 64\OML/cmm/m/it/10 ig[] N[] G[] []  G[] 
[]  G[] []  G[] []  G[] []  G[] []  G[] []  G[] []
 []


Overfull \hbox (6.75061pt too wide) detected at line 6256
\OMS/cmsy/m/n/10 T[] \OT1/cmr/m/n/10 = 2\OML/cmm/m/it/10 ig[] N[] G[] []  G[] [
]  G[] []  G[] []  G[] []  G[] []  G[] []  G[] []
 []


Overfull \hbox (6.04758pt too wide) detected at line 6259
\OMS/cmsy/m/n/10 T[] \OT1/cmr/m/n/10 = 8\OML/cmm/m/it/10 ig[] N[] G[] []  G[] [
]  G[] []  G[] []  G[] []  G[] []  G[] []  G[] []
 []


Overfull \hbox (6.63486pt too wide) detected at line 6262
\OMS/cmsy/m/n/10 T[] \OT1/cmr/m/n/10 = 2\OML/cmm/m/it/10 ig[] N[] G[] []  G[] [
]  G[] []  G[] []  G[] []  G[] []  G[] []  G[] []
 []


Overfull \hbox (5.93182pt too wide) detected at line 6265
\OMS/cmsy/m/n/10 T[] \OT1/cmr/m/n/10 = 8\OML/cmm/m/it/10 ig[] N[] G[] []  G[] [
]  G[] []  G[] []  G[] []  G[] []  G[] []  G[] []
 []


Overfull \hbox (1.7506pt too wide) detected at line 6268
\OMS/cmsy/m/n/10 T[] \OT1/cmr/m/n/10 = \OML/cmm/m/it/10 ig[] N[] G[] []  G[] []
  G[] []  G[] []  G[] []  G[] []  G[] []  G[] []
 []


Overfull \hbox (5.93182pt too wide) detected at line 6271
\OMS/cmsy/m/n/10 T[] \OT1/cmr/m/n/10 = 4\OML/cmm/m/it/10 ig[] N[] G[] []  G[] [
]  G[] []  G[] []  G[] []  G[] []  G[] []  G[] []
 []


Overfull \hbox (5.93182pt too wide) detected at line 6274
\OMS/cmsy/m/n/10 T[] \OT1/cmr/m/n/10 = 4\OML/cmm/m/it/10 ig[] N[] G[] []  G[] [
]  G[] []  G[] []  G[] []  G[] []  G[] []  G[] []
 []


Overfull \hbox (10.34456pt too wide) detected at line 6277
\OMS/cmsy/m/n/10 T[] \OT1/cmr/m/n/10 = 16\OML/cmm/m/it/10 ig[] N[] G[] []  G[] 
[]  G[] []  G[] []  G[] []  G[] []  G[] []  G[] []
 []

[55]
Overfull \hbox (1.7506pt too wide) detected at line 6280
\OMS/cmsy/m/n/10 T[] \OT1/cmr/m/n/10 = \OML/cmm/m/it/10 ig[] N[] G[] []  G[] []
  G[] []  G[] []  G[] []  G[] []  G[] []  G[] []
 []


Overfull \hbox (5.93182pt too wide) detected at line 6283
\OMS/cmsy/m/n/10 T[] \OT1/cmr/m/n/10 = 4\OML/cmm/m/it/10 ig[] N[] G[] []  G[] [
]  G[] []  G[] []  G[] []  G[] []  G[] []  G[] []
 []


Overfull \hbox (5.93182pt too wide) detected at line 6286
\OMS/cmsy/m/n/10 T[] \OT1/cmr/m/n/10 = 4\OML/cmm/m/it/10 ig[] N[] G[] []  G[] [
]  G[] []  G[] []  G[] []  G[] []  G[] []  G[] []
 []


Overfull \hbox (10.34456pt too wide) detected at line 6289
\OMS/cmsy/m/n/10 T[] \OT1/cmr/m/n/10 = 16\OML/cmm/m/it/10 ig[] N[] G[] []  G[] 
[]  G[] []  G[] []  G[] []  G[] []  G[] []  G[] []
 []


Overfull \hbox (6.63486pt too wide) detected at line 6292
\OMS/cmsy/m/n/10 T[] \OT1/cmr/m/n/10 = 2\OML/cmm/m/it/10 ig[] N[] G[] []  G[] [
]  G[] []  G[] []  G[] []  G[] []  G[] []  G[] []
 []


Overfull \hbox (5.93182pt too wide) detected at line 6295
\OMS/cmsy/m/n/10 T[] \OT1/cmr/m/n/10 = 8\OML/cmm/m/it/10 ig[] N[] G[] []  G[] [
]  G[] []  G[] []  G[] []  G[] []  G[] []  G[] []
 []


Overfull \hbox (6.04758pt too wide) detected at line 6298
\OMS/cmsy/m/n/10 T[] \OT1/cmr/m/n/10 = 8\OML/cmm/m/it/10 ig[] N[] G[] []  G[] [
]  G[] []  G[] []  G[] []  G[] []  G[] []  G[] []
 []


Overfull \hbox (5.93182pt too wide) detected at line 6301
\OMS/cmsy/m/n/10 T[] \OT1/cmr/m/n/10 = 8\OML/cmm/m/it/10 ig[] N[] G[] []  G[] [
]  G[] []  G[] []  G[] []  G[] []  G[] []  G[] []
 []


Overfull \hbox (6.04758pt too wide) detected at line 6304
\OMS/cmsy/m/n/10 T[] \OT1/cmr/m/n/10 = 8\OML/cmm/m/it/10 ig[] N[] G[] []  G[] [
]  G[] []  G[] []  G[] []  G[] []  G[] []  G[] []
 []


Overfull \hbox (5.93182pt too wide) detected at line 6307
\OMS/cmsy/m/n/10 T[] \OT1/cmr/m/n/10 = 8\OML/cmm/m/it/10 ig[] N[] G[] []  G[] [
]  G[] []  G[] []  G[] []  G[] []  G[] []  G[] []
 []


Overfull \hbox (5.93182pt too wide) detected at line 6310
\OMS/cmsy/m/n/10 T[] \OT1/cmr/m/n/10 = 8\OML/cmm/m/it/10 ig[] N[] G[] []  G[] [
]  G[] []  G[] []  G[] []  G[] []  G[] []  G[] []
 []


Overfull \hbox (10.2288pt too wide) detected at line 6313
\OMS/cmsy/m/n/10 T[] \OT1/cmr/m/n/10 = 32\OML/cmm/m/it/10 ig[] N[] G[] []  G[] 
[]  G[] []  G[] []  G[] []  G[] []  G[] []  G[] []
 []


Overfull \hbox (1.63484pt too wide) detected at line 6316
\OMS/cmsy/m/n/10 T[] \OT1/cmr/m/n/10 = \OML/cmm/m/it/10 ig[] N[] G[] []  G[] []
  G[] []  G[] []  G[] []  G[] []  G[] []  G[] []
 []


Overfull \hbox (5.81607pt too wide) detected at line 6319
\OMS/cmsy/m/n/10 T[] \OT1/cmr/m/n/10 = 4\OML/cmm/m/it/10 ig[] N[] G[] []  G[] [
]  G[] []  G[] []  G[] []  G[] []  G[] []  G[] []
 []


Overfull \hbox (5.81607pt too wide) detected at line 6322
\OMS/cmsy/m/n/10 T[] \OT1/cmr/m/n/10 = 4\OML/cmm/m/it/10 ig[] N[] G[] []  G[] [
]  G[] []  G[] []  G[] []  G[] []  G[] []  G[] []
 []


Overfull \hbox (10.2288pt too wide) detected at line 6325
\OMS/cmsy/m/n/10 T[] \OT1/cmr/m/n/10 = 16\OML/cmm/m/it/10 ig[] N[] G[] []  G[] 
[]  G[] []  G[] []  G[] []  G[] []  G[] []  G[] []
 []


Overfull \hbox (6.04758pt too wide) detected at line 6328
\OMS/cmsy/m/n/10 T[] \OT1/cmr/m/n/10 = 4\OML/cmm/m/it/10 ig[] N[] G[] []  G[] [
]  G[] []  G[] []  G[] []  G[] []  G[] []  G[] []
 []


Overfull \hbox (10.2288pt too wide) detected at line 6331
\OMS/cmsy/m/n/10 T[] \OT1/cmr/m/n/10 = 16\OML/cmm/m/it/10 ig[] N[] G[] []  G[] 
[]  G[] []  G[] []  G[] []  G[] []  G[] []  G[] []
 []


Overfull \hbox (10.2288pt too wide) detected at line 6334
\OMS/cmsy/m/n/10 T[] \OT1/cmr/m/n/10 = 16\OML/cmm/m/it/10 ig[] N[] G[] []  G[] 
[]  G[] []  G[] []  G[] []  G[] []  G[] []  G[] []
 []


Overfull \hbox (9.64153pt too wide) detected at line 6337
\OMS/cmsy/m/n/10 T[] \OT1/cmr/m/n/10 = 64\OML/cmm/m/it/10 ig[] N[] G[] []  G[] 
[]  G[] []  G[] []  G[] []  G[] []  G[] []  G[] []
 []


Overfull \hbox (5.93182pt too wide) detected at line 6340
\OMS/cmsy/m/n/10 T[] \OT1/cmr/m/n/10 = 8\OML/cmm/m/it/10 ig[] N[] G[] []  G[] [
]  G[] []  G[] []  G[] []  G[] []  G[] []  G[] []
 []


Overfull \hbox (5.81607pt too wide) detected at line 6343
\OMS/cmsy/m/n/10 T[] \OT1/cmr/m/n/10 = 8\OML/cmm/m/it/10 ig[] N[] G[] []  G[] [
]  G[] []  G[] []  G[] []  G[] []  G[] []  G[] []
 []


Overfull \hbox (10.34456pt too wide) detected at line 6346
\OMS/cmsy/m/n/10 T[] \OT1/cmr/m/n/10 = 32\OML/cmm/m/it/10 ig[] N[] G[] []  G[] 
[]  G[] []  G[] []  G[] []  G[] []  G[] []  G[] []
 []


Overfull \hbox (10.2288pt too wide) detected at line 6349
\OMS/cmsy/m/n/10 T[] \OT1/cmr/m/n/10 = 32\OML/cmm/m/it/10 ig[] N[] G[] []  G[] 
[]  G[] []  G[] []  G[] []  G[] []  G[] []  G[] []
 []


Overfull \hbox (5.93182pt too wide) detected at line 6352
\OMS/cmsy/m/n/10 T[] \OT1/cmr/m/n/10 = 8\OML/cmm/m/it/10 ig[] N[] G[] []  G[] [
]  G[] []  G[] []  G[] []  G[] []  G[] []  G[] []
 []


Overfull \hbox (10.2288pt too wide) detected at line 6355
\OMS/cmsy/m/n/10 T[] \OT1/cmr/m/n/10 = 32\OML/cmm/m/it/10 ig[] N[] G[] []  G[] 
[]  G[] []  G[] []  G[] []  G[] []  G[] []  G[] []
 []


Overfull \hbox (5.93182pt too wide) detected at line 6358
\OMS/cmsy/m/n/10 T[] \OT1/cmr/m/n/10 = 8\OML/cmm/m/it/10 ig[] N[] G[] []  G[] [
]  G[] []  G[] []  G[] []  G[] []  G[] []  G[] []
 []


Overfull \hbox (10.2288pt too wide) detected at line 6361
\OMS/cmsy/m/n/10 T[] \OT1/cmr/m/n/10 = 32\OML/cmm/m/it/10 ig[] N[] G[] []  G[] 
[]  G[] []  G[] []  G[] []  G[] []  G[] []  G[] []
 []


Overfull \hbox (5.93182pt too wide) detected at line 6364
\OMS/cmsy/m/n/10 T[] \OT1/cmr/m/n/10 = 8\OML/cmm/m/it/10 ig[] N[] G[] []  G[] [
]  G[] []  G[] []  G[] []  G[] []  G[] []  G[] []
 []


Overfull \hbox (10.2288pt too wide) detected at line 6367
\OMS/cmsy/m/n/10 T[] \OT1/cmr/m/n/10 = 32\OML/cmm/m/it/10 ig[] N[] G[] []  G[] 
[]  G[] []  G[] []  G[] []  G[] []  G[] []  G[] []
 []


Overfull \hbox (10.34456pt too wide) detected at line 6370
\OMS/cmsy/m/n/10 T[] \OT1/cmr/m/n/10 = 32\OML/cmm/m/it/10 ig[] N[] G[] []  G[] 
[]  G[] []  G[] []  G[] []  G[] []  G[] []  G[] []
 []


Overfull \hbox (14.64154pt too wide) detected at line 6373
\OMS/cmsy/m/n/10 T[] \OT1/cmr/m/n/10 = 128\OML/cmm/m/it/10 ig[] N[] G[] []  G[]
 []  G[] []  G[] []  G[] []  G[] []  G[] []  G[] []
 []


Overfull \hbox (6.63486pt too wide) detected at line 6376
\OMS/cmsy/m/n/10 T[] \OT1/cmr/m/n/10 = 2\OML/cmm/m/it/10 ig[] N[] G[] []  G[] [
]  G[] []  G[] []  G[] []  G[] []  G[] []  G[] []
 []


Overfull \hbox (5.93182pt too wide) detected at line 6379
\OMS/cmsy/m/n/10 T[] \OT1/cmr/m/n/10 = 8\OML/cmm/m/it/10 ig[] N[] G[] []  G[] [
]  G[] []  G[] []  G[] []  G[] []  G[] []  G[] []
 []


Overfull \hbox (5.93182pt too wide) detected at line 6382
\OMS/cmsy/m/n/10 T[] \OT1/cmr/m/n/10 = 8\OML/cmm/m/it/10 ig[] N[] G[] []  G[] [
]  G[] []  G[] []  G[] []  G[] []  G[] []  G[] []
 []


Overfull \hbox (10.2288pt too wide) detected at line 6385
\OMS/cmsy/m/n/10 T[] \OT1/cmr/m/n/10 = 32\OML/cmm/m/it/10 ig[] N[] G[] []  G[] 
[]  G[] []  G[] []  G[] []  G[] []  G[] []  G[] []
 []


Overfull \hbox (1.63484pt too wide) detected at line 6388
\OMS/cmsy/m/n/10 T[] \OT1/cmr/m/n/10 = \OML/cmm/m/it/10 ig[] N[] G[] []  G[] []
  G[] []  G[] []  G[] []  G[] []  G[] []  G[] []
 []


Overfull \hbox (5.81607pt too wide) detected at line 6391
\OMS/cmsy/m/n/10 T[] \OT1/cmr/m/n/10 = 4\OML/cmm/m/it/10 ig[] N[] G[] []  G[] [
]  G[] []  G[] []  G[] []  G[] []  G[] []  G[] []
 []

[56]
Overfull \hbox (5.81607pt too wide) detected at line 6394
\OMS/cmsy/m/n/10 T[] \OT1/cmr/m/n/10 = 4\OML/cmm/m/it/10 ig[] N[] G[] []  G[] [
]  G[] []  G[] []  G[] []  G[] []  G[] []  G[] []
 []


Overfull \hbox (10.2288pt too wide) detected at line 6397
\OMS/cmsy/m/n/10 T[] \OT1/cmr/m/n/10 = 16\OML/cmm/m/it/10 ig[] N[] G[] []  G[] 
[]  G[] []  G[] []  G[] []  G[] []  G[] []  G[] []
 []


Overfull \hbox (6.04758pt too wide) detected at line 6400
\OMS/cmsy/m/n/10 T[] \OT1/cmr/m/n/10 = 4\OML/cmm/m/it/10 ig[] N[] G[] []  G[] [
]  G[] []  G[] []  G[] []  G[] []  G[] []  G[] []
 []


Overfull \hbox (10.2288pt too wide) detected at line 6403
\OMS/cmsy/m/n/10 T[] \OT1/cmr/m/n/10 = 16\OML/cmm/m/it/10 ig[] N[] G[] []  G[] 
[]  G[] []  G[] []  G[] []  G[] []  G[] []  G[] []
 []


Overfull \hbox (10.2288pt too wide) detected at line 6406
\OMS/cmsy/m/n/10 T[] \OT1/cmr/m/n/10 = 16\OML/cmm/m/it/10 ig[] N[] G[] []  G[] 
[]  G[] []  G[] []  G[] []  G[] []  G[] []  G[] []
 []


Overfull \hbox (9.64153pt too wide) detected at line 6409
\OMS/cmsy/m/n/10 T[] \OT1/cmr/m/n/10 = 64\OML/cmm/m/it/10 ig[] N[] G[] []  G[] 
[]  G[] []  G[] []  G[] []  G[] []  G[] []  G[] []
 []


Overfull \hbox (5.93182pt too wide) detected at line 6412
\OMS/cmsy/m/n/10 T[] \OT1/cmr/m/n/10 = 8\OML/cmm/m/it/10 ig[] N[] G[] []  G[] [
]  G[] []  G[] []  G[] []  G[] []  G[] []  G[] []
 []


Overfull \hbox (10.2288pt too wide) detected at line 6415
\OMS/cmsy/m/n/10 T[] \OT1/cmr/m/n/10 = 32\OML/cmm/m/it/10 ig[] N[] G[] []  G[] 
[]  G[] []  G[] []  G[] []  G[] []  G[] []  G[] []
 []


Overfull \hbox (5.93182pt too wide) detected at line 6418
\OMS/cmsy/m/n/10 T[] \OT1/cmr/m/n/10 = 8\OML/cmm/m/it/10 ig[] N[] G[] []  G[] [
]  G[] []  G[] []  G[] []  G[] []  G[] []  G[] []
 []


Overfull \hbox (5.81607pt too wide) detected at line 6421
\OMS/cmsy/m/n/10 T[] \OT1/cmr/m/n/10 = 8\OML/cmm/m/it/10 ig[] N[] G[] []  G[] [
]  G[] []  G[] []  G[] []  G[] []  G[] []  G[] []
 []


Overfull \hbox (10.34456pt too wide) detected at line 6424
\OMS/cmsy/m/n/10 T[] \OT1/cmr/m/n/10 = 32\OML/cmm/m/it/10 ig[] N[] G[] []  G[] 
[]  G[] []  G[] []  G[] []  G[] []  G[] []  G[] []
 []


Overfull \hbox (10.2288pt too wide) detected at line 6427
\OMS/cmsy/m/n/10 T[] \OT1/cmr/m/n/10 = 32\OML/cmm/m/it/10 ig[] N[] G[] []  G[] 
[]  G[] []  G[] []  G[] []  G[] []  G[] []  G[] []
 []


Overfull \hbox (5.81607pt too wide) detected at line 6430
\OMS/cmsy/m/n/10 T[] \OT1/cmr/m/n/10 = 8\OML/cmm/m/it/10 ig[] N[] G[] []  G[] [
]  G[] []  G[] []  G[] []  G[] []  G[] []  G[] []
 []


Overfull \hbox (10.11305pt too wide) detected at line 6433
\OMS/cmsy/m/n/10 T[] \OT1/cmr/m/n/10 = 32\OML/cmm/m/it/10 ig[] N[] G[] []  G[] 
[]  G[] []  G[] []  G[] []  G[] []  G[] []  G[] []
 []


Overfull \hbox (5.93182pt too wide) detected at line 6436
\OMS/cmsy/m/n/10 T[] \OT1/cmr/m/n/10 = 4\OML/cmm/m/it/10 ig[] N[] G[] []  G[] [
]  G[] []  G[] []  G[] []  G[] []  G[] []  G[] []
 []


Overfull \hbox (10.11305pt too wide) detected at line 6439
\OMS/cmsy/m/n/10 T[] \OT1/cmr/m/n/10 = 16\OML/cmm/m/it/10 ig[] N[] G[] []  G[] 
[]  G[] []  G[] []  G[] []  G[] []  G[] []  G[] []
 []


Overfull \hbox (10.11305pt too wide) detected at line 6442
\OMS/cmsy/m/n/10 T[] \OT1/cmr/m/n/10 = 16\OML/cmm/m/it/10 ig[] N[] G[] []  G[] 
[]  G[] []  G[] []  G[] []  G[] []  G[] []  G[] []
 []


Overfull \hbox (9.52577pt too wide) detected at line 6445
\OMS/cmsy/m/n/10 T[] \OT1/cmr/m/n/10 = 64\OML/cmm/m/it/10 ig[] N[] G[] []  G[] 
[]  G[] []  G[] []  G[] []  G[] []  G[] []  G[] []
 []


Overfull \hbox (5.93182pt too wide) detected at line 6448
\OMS/cmsy/m/n/10 T[] \OT1/cmr/m/n/10 = 4\OML/cmm/m/it/10 ig[] N[] G[] []  G[] [
]  G[] []  G[] []  G[] []  G[] []  G[] []  G[] []
 []


Overfull \hbox (10.11305pt too wide) detected at line 6451
\OMS/cmsy/m/n/10 T[] \OT1/cmr/m/n/10 = 16\OML/cmm/m/it/10 ig[] N[] G[] []  G[] 
[]  G[] []  G[] []  G[] []  G[] []  G[] []  G[] []
 []


Overfull \hbox (10.11305pt too wide) detected at line 6454
\OMS/cmsy/m/n/10 T[] \OT1/cmr/m/n/10 = 16\OML/cmm/m/it/10 ig[] N[] G[] []  G[] 
[]  G[] []  G[] []  G[] []  G[] []  G[] []  G[] []
 []


Overfull \hbox (9.52577pt too wide) detected at line 6457
\OMS/cmsy/m/n/10 T[] \OT1/cmr/m/n/10 = 64\OML/cmm/m/it/10 ig[] N[] G[] []  G[] 
[]  G[] []  G[] []  G[] []  G[] []  G[] []  G[] []
 []


Overfull \hbox (10.2288pt too wide) detected at line 6460
\OMS/cmsy/m/n/10 T[] \OT1/cmr/m/n/10 = 32\OML/cmm/m/it/10 ig[] N[] G[] []  G[] 
[]  G[] []  G[] []  G[] []  G[] []  G[] []  G[] []
 []


Overfull \hbox (10.11305pt too wide) detected at line 6463
\OMS/cmsy/m/n/10 T[] \OT1/cmr/m/n/10 = 32\OML/cmm/m/it/10 ig[] N[] G[] []  G[] 
[]  G[] []  G[] []  G[] []  G[] []  G[] []  G[] []
 []


Overfull \hbox (10.2288pt too wide) detected at line 6466
\OMS/cmsy/m/n/10 T[] \OT1/cmr/m/n/10 = 32\OML/cmm/m/it/10 ig[] N[] G[] []  G[] 
[]  G[] []  G[] []  G[] []  G[] []  G[] []  G[] []
 []


Overfull \hbox (10.11305pt too wide) detected at line 6469
\OMS/cmsy/m/n/10 T[] \OT1/cmr/m/n/10 = 32\OML/cmm/m/it/10 ig[] N[] G[] []  G[] 
[]  G[] []  G[] []  G[] []  G[] []  G[] []  G[] []
 []


Overfull \hbox (5.81607pt too wide) detected at line 6472
\OMS/cmsy/m/n/10 T[] \OT1/cmr/m/n/10 = 8\OML/cmm/m/it/10 ig[] N[] G[] []  G[] [
]  G[] []  G[] []  G[] []  G[] []  G[] []  G[] []
 []


Overfull \hbox (10.11305pt too wide) detected at line 6475
\OMS/cmsy/m/n/10 T[] \OT1/cmr/m/n/10 = 32\OML/cmm/m/it/10 ig[] N[] G[] []  G[] 
[]  G[] []  G[] []  G[] []  G[] []  G[] []  G[] []
 []


Overfull \hbox (10.2288pt too wide) detected at line 6478
\OMS/cmsy/m/n/10 T[] \OT1/cmr/m/n/10 = 32\OML/cmm/m/it/10 ig[] N[] G[] []  G[] 
[]  G[] []  G[] []  G[] []  G[] []  G[] []  G[] []
 []


Overfull \hbox (14.52579pt too wide) detected at line 6481
\OMS/cmsy/m/n/10 T[] \OT1/cmr/m/n/10 = 128\OML/cmm/m/it/10 ig[] N[] G[] []  G[]
 []  G[] []  G[] []  G[] []  G[] []  G[] []  G[] []
 []


Overfull \hbox (10.2288pt too wide) detected at line 6484
\OMS/cmsy/m/n/10 T[] \OT1/cmr/m/n/10 = 32\OML/cmm/m/it/10 ig[] N[] G[] []  G[] 
[]  G[] []  G[] []  G[] []  G[] []  G[] []  G[] []
 []


Overfull \hbox (14.52579pt too wide) detected at line 6487
\OMS/cmsy/m/n/10 T[] \OT1/cmr/m/n/10 = 128\OML/cmm/m/it/10 ig[] N[] G[] []  G[]
 []  G[] []  G[] []  G[] []  G[] []  G[] []  G[] []
 []


Overfull \hbox (10.2288pt too wide) detected at line 6490
\OMS/cmsy/m/n/10 T[] \OT1/cmr/m/n/10 = 32\OML/cmm/m/it/10 ig[] N[] G[] []  G[] 
[]  G[] []  G[] []  G[] []  G[] []  G[] []  G[] []
 []


Overfull \hbox (14.52579pt too wide) detected at line 6493
\OMS/cmsy/m/n/10 T[] \OT1/cmr/m/n/10 = 128\OML/cmm/m/it/10 ig[] N[] G[] []  G[]
 []  G[] []  G[] []  G[] []  G[] []  G[] []  G[] []
 []


Overfull \hbox (1.7506pt too wide) detected at line 6496
\OMS/cmsy/m/n/10 T[] \OT1/cmr/m/n/10 = \OML/cmm/m/it/10 ig[] N[] G[] []  G[] []
  G[] []  G[] []  G[] []  G[] []  G[] []  G[] []
 []


Overfull \hbox (1.7506pt too wide) detected at line 6499
\OMS/cmsy/m/n/10 T[] \OT1/cmr/m/n/10 = \OML/cmm/m/it/10 ig[] N[] G[] []  G[] []
  G[] []  G[] []  G[] []  G[] []  G[] []  G[] []
 []


Overfull \hbox (6.75061pt too wide) detected at line 6502
\OMS/cmsy/m/n/10 T[] \OT1/cmr/m/n/10 = 2\OML/cmm/m/it/10 ig[] N[] G[] []  G[] [
]  G[] []  G[] []  G[] []  G[] []  G[] []  G[] []
 []


Overfull \hbox (6.63486pt too wide) detected at line 6505
\OMS/cmsy/m/n/10 T[] \OT1/cmr/m/n/10 = 2\OML/cmm/m/it/10 ig[] N[] G[] []  G[] [
]  G[] []  G[] []  G[] []  G[] []  G[] []  G[] []
 []

[57]
Overfull \hbox (6.04758pt too wide) detected at line 6508
\OMS/cmsy/m/n/10 T[] \OT1/cmr/m/n/10 = 8\OML/cmm/m/it/10 ig[] N[] G[] []  G[] [
]  G[] []  G[] []  G[] []  G[] []  G[] []  G[] []
 []


Overfull \hbox (5.93182pt too wide) detected at line 6511
\OMS/cmsy/m/n/10 T[] \OT1/cmr/m/n/10 = 4\OML/cmm/m/it/10 ig[] N[] G[] []  G[] [
]  G[] []  G[] []  G[] []  G[] []  G[] []  G[] []
 []


Overfull \hbox (5.93182pt too wide) detected at line 6514
\OMS/cmsy/m/n/10 T[] \OT1/cmr/m/n/10 = 4\OML/cmm/m/it/10 ig[] N[] G[] []  G[] [
]  G[] []  G[] []  G[] []  G[] []  G[] []  G[] []
 []


Overfull \hbox (5.93182pt too wide) detected at line 6517
\OMS/cmsy/m/n/10 T[] \OT1/cmr/m/n/10 = 8\OML/cmm/m/it/10 ig[] N[] G[] []  G[] [
]  G[] []  G[] []  G[] []  G[] []  G[] []  G[] []
 []


Overfull \hbox (5.93182pt too wide) detected at line 6520
\OMS/cmsy/m/n/10 T[] \OT1/cmr/m/n/10 = 4\OML/cmm/m/it/10 ig[] N[] G[] []  G[] [
]  G[] []  G[] []  G[] []  G[] []  G[] []  G[] []
 []


Overfull \hbox (10.34456pt too wide) detected at line 6523
\OMS/cmsy/m/n/10 T[] \OT1/cmr/m/n/10 = 16\OML/cmm/m/it/10 ig[] N[] G[] []  G[] 
[]  G[] []  G[] []  G[] []  G[] []  G[] []  G[] []
 []


Overfull \hbox (5.93182pt too wide) detected at line 6526
\OMS/cmsy/m/n/10 T[] \OT1/cmr/m/n/10 = 4\OML/cmm/m/it/10 ig[] N[] G[] []  G[] [
]  G[] []  G[] []  G[] []  G[] []  G[] []  G[] []
 []


Overfull \hbox (10.34456pt too wide) detected at line 6529
\OMS/cmsy/m/n/10 T[] \OT1/cmr/m/n/10 = 16\OML/cmm/m/it/10 ig[] N[] G[] []  G[] 
[]  G[] []  G[] []  G[] []  G[] []  G[] []  G[] []
 []


Overfull \hbox (1.63484pt too wide) detected at line 6532
\OMS/cmsy/m/n/10 T[] \OT1/cmr/m/n/10 = \OML/cmm/m/it/10 ig[] N[] G[] []  G[] []
  G[] []  G[] []  G[] []  G[] []  G[] []  G[] []
 []


Overfull \hbox (6.04758pt too wide) detected at line 6535
\OMS/cmsy/m/n/10 T[] \OT1/cmr/m/n/10 = 4\OML/cmm/m/it/10 ig[] N[] G[] []  G[] [
]  G[] []  G[] []  G[] []  G[] []  G[] []  G[] []
 []


Overfull \hbox (6.63486pt too wide) detected at line 6538
\OMS/cmsy/m/n/10 T[] \OT1/cmr/m/n/10 = 2\OML/cmm/m/it/10 ig[] N[] G[] []  G[] [
]  G[] []  G[] []  G[] []  G[] []  G[] []  G[] []
 []


Overfull \hbox (6.04758pt too wide) detected at line 6541
\OMS/cmsy/m/n/10 T[] \OT1/cmr/m/n/10 = 8\OML/cmm/m/it/10 ig[] N[] G[] []  G[] [
]  G[] []  G[] []  G[] []  G[] []  G[] []  G[] []
 []


Overfull \hbox (6.04758pt too wide) detected at line 6544
\OMS/cmsy/m/n/10 T[] \OT1/cmr/m/n/10 = 8\OML/cmm/m/it/10 ig[] N[] G[] []  G[] [
]  G[] []  G[] []  G[] []  G[] []  G[] []  G[] []
 []


Overfull \hbox (5.93182pt too wide) detected at line 6547
\OMS/cmsy/m/n/10 T[] \OT1/cmr/m/n/10 = 8\OML/cmm/m/it/10 ig[] N[] G[] []  G[] [
]  G[] []  G[] []  G[] []  G[] []  G[] []  G[] []
 []


Overfull \hbox (5.93182pt too wide) detected at line 6550
\OMS/cmsy/m/n/10 T[] \OT1/cmr/m/n/10 = 8\OML/cmm/m/it/10 ig[] N[] G[] []  G[] [
]  G[] []  G[] []  G[] []  G[] []  G[] []  G[] []
 []


Overfull \hbox (5.93182pt too wide) detected at line 6553
\OMS/cmsy/m/n/10 T[] \OT1/cmr/m/n/10 = 8\OML/cmm/m/it/10 ig[] N[] G[] []  G[] [
]  G[] []  G[] []  G[] []  G[] []  G[] []  G[] []
 []


Overfull \hbox (5.93182pt too wide) detected at line 6556
\OMS/cmsy/m/n/10 T[] \OT1/cmr/m/n/10 = 8\OML/cmm/m/it/10 ig[] N[] G[] []  G[] [
]  G[] []  G[] []  G[] []  G[] []  G[] []  G[] []
 []


Overfull \hbox (10.34456pt too wide) detected at line 6559
\OMS/cmsy/m/n/10 T[] \OT1/cmr/m/n/10 = 32\OML/cmm/m/it/10 ig[] N[] G[] []  G[] 
[]  G[] []  G[] []  G[] []  G[] []  G[] []  G[] []
 []


Overfull \hbox (5.93182pt too wide) detected at line 6562
\OMS/cmsy/m/n/10 T[] \OT1/cmr/m/n/10 = 8\OML/cmm/m/it/10 ig[] N[] G[] []  G[] [
]  G[] []  G[] []  G[] []  G[] []  G[] []  G[] []
 []


Overfull \hbox (10.34456pt too wide) detected at line 6565
\OMS/cmsy/m/n/10 T[] \OT1/cmr/m/n/10 = 32\OML/cmm/m/it/10 ig[] N[] G[] []  G[] 
[]  G[] []  G[] []  G[] []  G[] []  G[] []  G[] []
 []


Overfull \hbox (5.93182pt too wide) detected at line 6568
\OMS/cmsy/m/n/10 T[] \OT1/cmr/m/n/10 = 8\OML/cmm/m/it/10 ig[] N[] G[] []  G[] [
]  G[] []  G[] []  G[] []  G[] []  G[] []  G[] []
 []


Overfull \hbox (5.93182pt too wide) detected at line 6571
\OMS/cmsy/m/n/10 T[] \OT1/cmr/m/n/10 = 8\OML/cmm/m/it/10 ig[] N[] G[] []  G[] [
]  G[] []  G[] []  G[] []  G[] []  G[] []  G[] []
 []


Overfull \hbox (5.93182pt too wide) detected at line 6574
\OMS/cmsy/m/n/10 T[] \OT1/cmr/m/n/10 = 8\OML/cmm/m/it/10 ig[] N[] G[] []  G[] [
]  G[] []  G[] []  G[] []  G[] []  G[] []  G[] []
 []


Overfull \hbox (5.81607pt too wide) detected at line 6577
\OMS/cmsy/m/n/10 T[] \OT1/cmr/m/n/10 = 4\OML/cmm/m/it/10 ig[] N[] G[] []  G[] [
]  G[] []  G[] []  G[] []  G[] []  G[] []  G[] []
 []


Overfull \hbox (10.2288pt too wide) detected at line 6580
\OMS/cmsy/m/n/10 T[] \OT1/cmr/m/n/10 = 16\OML/cmm/m/it/10 ig[] N[] G[] []  G[] 
[]  G[] []  G[] []  G[] []  G[] []  G[] []  G[] []
 []


Overfull \hbox (10.2288pt too wide) detected at line 6583
\OMS/cmsy/m/n/10 T[] \OT1/cmr/m/n/10 = 32\OML/cmm/m/it/10 ig[] N[] G[] []  G[] 
[]  G[] []  G[] []  G[] []  G[] []  G[] []  G[] []
 []


Overfull \hbox (5.81607pt too wide) detected at line 6586
\OMS/cmsy/m/n/10 T[] \OT1/cmr/m/n/10 = 4\OML/cmm/m/it/10 ig[] N[] G[] []  G[] [
]  G[] []  G[] []  G[] []  G[] []  G[] []  G[] []
 []


Overfull \hbox (10.2288pt too wide) detected at line 6589
\OMS/cmsy/m/n/10 T[] \OT1/cmr/m/n/10 = 16\OML/cmm/m/it/10 ig[] N[] G[] []  G[] 
[]  G[] []  G[] []  G[] []  G[] []  G[] []  G[] []
 []


Overfull \hbox (10.2288pt too wide) detected at line 6592
\OMS/cmsy/m/n/10 T[] \OT1/cmr/m/n/10 = 16\OML/cmm/m/it/10 ig[] N[] G[] []  G[] 
[]  G[] []  G[] []  G[] []  G[] []  G[] []  G[] []
 []


Overfull \hbox (9.64153pt too wide) detected at line 6595
\OMS/cmsy/m/n/10 T[] \OT1/cmr/m/n/10 = 64\OML/cmm/m/it/10 ig[] N[] G[] []  G[] 
[]  G[] []  G[] []  G[] []  G[] []  G[] []  G[] []
 []


Overfull \hbox (5.81607pt too wide) detected at line 6598
\OMS/cmsy/m/n/10 T[] \OT1/cmr/m/n/10 = 8\OML/cmm/m/it/10 ig[] N[] G[] []  G[] [
]  G[] []  G[] []  G[] []  G[] []  G[] []  G[] []
 []


Overfull \hbox (10.2288pt too wide) detected at line 6601
\OMS/cmsy/m/n/10 T[] \OT1/cmr/m/n/10 = 32\OML/cmm/m/it/10 ig[] N[] G[] []  G[] 
[]  G[] []  G[] []  G[] []  G[] []  G[] []  G[] []
 []


Overfull \hbox (10.2288pt too wide) detected at line 6604
\OMS/cmsy/m/n/10 T[] \OT1/cmr/m/n/10 = 32\OML/cmm/m/it/10 ig[] N[] G[] []  G[] 
[]  G[] []  G[] []  G[] []  G[] []  G[] []  G[] []
 []


Overfull \hbox (10.2288pt too wide) detected at line 6607
\OMS/cmsy/m/n/10 T[] \OT1/cmr/m/n/10 = 32\OML/cmm/m/it/10 ig[] N[] G[] []  G[] 
[]  G[] []  G[] []  G[] []  G[] []  G[] []  G[] []
 []


Overfull \hbox (10.2288pt too wide) detected at line 6610
\OMS/cmsy/m/n/10 T[] \OT1/cmr/m/n/10 = 32\OML/cmm/m/it/10 ig[] N[] G[] []  G[] 
[]  G[] []  G[] []  G[] []  G[] []  G[] []  G[] []
 []


Overfull \hbox (14.64154pt too wide) detected at line 6613
\OMS/cmsy/m/n/10 T[] \OT1/cmr/m/n/10 = 128\OML/cmm/m/it/10 ig[] N[] G[] []  G[]
 []  G[] []  G[] []  G[] []  G[] []  G[] []  G[] []
 []


Overfull \hbox (1.63484pt too wide) detected at line 6616
\OMS/cmsy/m/n/10 T[] \OT1/cmr/m/n/10 = \OML/cmm/m/it/10 ig[] N[] G[] []  G[] []
  G[] []  G[] []  G[] []  G[] []  G[] []  G[] []
 []


Overfull \hbox (6.04758pt too wide) detected at line 6619
\OMS/cmsy/m/n/10 T[] \OT1/cmr/m/n/10 = 4\OML/cmm/m/it/10 ig[] N[] G[] []  G[] [
]  G[] []  G[] []  G[] []  G[] []  G[] []  G[] []
 []

[58]
Overfull \hbox (6.63486pt too wide) detected at line 6622
\OMS/cmsy/m/n/10 T[] \OT1/cmr/m/n/10 = 2\OML/cmm/m/it/10 ig[] N[] G[] []  G[] [
]  G[] []  G[] []  G[] []  G[] []  G[] []  G[] []
 []


Overfull \hbox (5.93182pt too wide) detected at line 6625
\OMS/cmsy/m/n/10 T[] \OT1/cmr/m/n/10 = 8\OML/cmm/m/it/10 ig[] N[] G[] []  G[] [
]  G[] []  G[] []  G[] []  G[] []  G[] []  G[] []
 []


Overfull \hbox (5.93182pt too wide) detected at line 6628
\OMS/cmsy/m/n/10 T[] \OT1/cmr/m/n/10 = 8\OML/cmm/m/it/10 ig[] N[] G[] []  G[] [
]  G[] []  G[] []  G[] []  G[] []  G[] []  G[] []
 []


Overfull \hbox (5.81607pt too wide) detected at line 6631
\OMS/cmsy/m/n/10 T[] \OT1/cmr/m/n/10 = 4\OML/cmm/m/it/10 ig[] N[] G[] []  G[] [
]  G[] []  G[] []  G[] []  G[] []  G[] []  G[] []
 []


Overfull \hbox (10.2288pt too wide) detected at line 6634
\OMS/cmsy/m/n/10 T[] \OT1/cmr/m/n/10 = 16\OML/cmm/m/it/10 ig[] N[] G[] []  G[] 
[]  G[] []  G[] []  G[] []  G[] []  G[] []  G[] []
 []


Overfull \hbox (10.2288pt too wide) detected at line 6637
\OMS/cmsy/m/n/10 T[] \OT1/cmr/m/n/10 = 32\OML/cmm/m/it/10 ig[] N[] G[] []  G[] 
[]  G[] []  G[] []  G[] []  G[] []  G[] []  G[] []
 []


Overfull \hbox (5.81607pt too wide) detected at line 6640
\OMS/cmsy/m/n/10 T[] \OT1/cmr/m/n/10 = 4\OML/cmm/m/it/10 ig[] N[] G[] []  G[] [
]  G[] []  G[] []  G[] []  G[] []  G[] []  G[] []
 []


Overfull \hbox (10.2288pt too wide) detected at line 6643
\OMS/cmsy/m/n/10 T[] \OT1/cmr/m/n/10 = 16\OML/cmm/m/it/10 ig[] N[] G[] []  G[] 
[]  G[] []  G[] []  G[] []  G[] []  G[] []  G[] []
 []


Overfull \hbox (10.2288pt too wide) detected at line 6646
\OMS/cmsy/m/n/10 T[] \OT1/cmr/m/n/10 = 16\OML/cmm/m/it/10 ig[] N[] G[] []  G[] 
[]  G[] []  G[] []  G[] []  G[] []  G[] []  G[] []
 []


Overfull \hbox (9.64153pt too wide) detected at line 6649
\OMS/cmsy/m/n/10 T[] \OT1/cmr/m/n/10 = 64\OML/cmm/m/it/10 ig[] N[] G[] []  G[] 
[]  G[] []  G[] []  G[] []  G[] []  G[] []  G[] []
 []


Overfull \hbox (5.93182pt too wide) detected at line 6652
\OMS/cmsy/m/n/10 T[] \OT1/cmr/m/n/10 = 4\OML/cmm/m/it/10 ig[] N[] G[] []  G[] [
]  G[] []  G[] []  G[] []  G[] []  G[] []  G[] []
 []


Overfull \hbox (5.93182pt too wide) detected at line 6655
\OMS/cmsy/m/n/10 T[] \OT1/cmr/m/n/10 = 4\OML/cmm/m/it/10 ig[] N[] G[] []  G[] [
]  G[] []  G[] []  G[] []  G[] []  G[] []  G[] []
 []


Overfull \hbox (5.93182pt too wide) detected at line 6658
\OMS/cmsy/m/n/10 T[] \OT1/cmr/m/n/10 = 8\OML/cmm/m/it/10 ig[] N[] G[] []  G[] [
]  G[] []  G[] []  G[] []  G[] []  G[] []  G[] []
 []


Overfull \hbox (5.93182pt too wide) detected at line 6661
\OMS/cmsy/m/n/10 T[] \OT1/cmr/m/n/10 = 8\OML/cmm/m/it/10 ig[] N[] G[] []  G[] [
]  G[] []  G[] []  G[] []  G[] []  G[] []  G[] []
 []


Overfull \hbox (10.34456pt too wide) detected at line 6664
\OMS/cmsy/m/n/10 T[] \OT1/cmr/m/n/10 = 32\OML/cmm/m/it/10 ig[] N[] G[] []  G[] 
[]  G[] []  G[] []  G[] []  G[] []  G[] []  G[] []
 []


Overfull \hbox (5.81607pt too wide) detected at line 6667
\OMS/cmsy/m/n/10 T[] \OT1/cmr/m/n/10 = 8\OML/cmm/m/it/10 ig[] N[] G[] []  G[] [
]  G[] []  G[] []  G[] []  G[] []  G[] []  G[] []
 []


Overfull \hbox (5.81607pt too wide) detected at line 6670
\OMS/cmsy/m/n/10 T[] \OT1/cmr/m/n/10 = 8\OML/cmm/m/it/10 ig[] N[] G[] []  G[] [
]  G[] []  G[] []  G[] []  G[] []  G[] []  G[] []
 []


Overfull \hbox (10.2288pt too wide) detected at line 6673
\OMS/cmsy/m/n/10 T[] \OT1/cmr/m/n/10 = 32\OML/cmm/m/it/10 ig[] N[] G[] []  G[] 
[]  G[] []  G[] []  G[] []  G[] []  G[] []  G[] []
 []


Overfull \hbox (10.2288pt too wide) detected at line 6676
\OMS/cmsy/m/n/10 T[] \OT1/cmr/m/n/10 = 32\OML/cmm/m/it/10 ig[] N[] G[] []  G[] 
[]  G[] []  G[] []  G[] []  G[] []  G[] []  G[] []
 []


Overfull \hbox (10.2288pt too wide) detected at line 6679
\OMS/cmsy/m/n/10 T[] \OT1/cmr/m/n/10 = 32\OML/cmm/m/it/10 ig[] N[] G[] []  G[] 
[]  G[] []  G[] []  G[] []  G[] []  G[] []  G[] []
 []


Overfull \hbox (10.2288pt too wide) detected at line 6682
\OMS/cmsy/m/n/10 T[] \OT1/cmr/m/n/10 = 32\OML/cmm/m/it/10 ig[] N[] G[] []  G[] 
[]  G[] []  G[] []  G[] []  G[] []  G[] []  G[] []
 []


Overfull \hbox (10.2288pt too wide) detected at line 6685
\OMS/cmsy/m/n/10 T[] \OT1/cmr/m/n/10 = 32\OML/cmm/m/it/10 ig[] N[] G[] []  G[] 
[]  G[] []  G[] []  G[] []  G[] []  G[] []  G[] []
 []


Overfull \hbox (10.2288pt too wide) detected at line 6688
\OMS/cmsy/m/n/10 T[] \OT1/cmr/m/n/10 = 32\OML/cmm/m/it/10 ig[] N[] G[] []  G[] 
[]  G[] []  G[] []  G[] []  G[] []  G[] []  G[] []
 []


Overfull \hbox (5.81607pt too wide) detected at line 6691
\OMS/cmsy/m/n/10 T[] \OT1/cmr/m/n/10 = 8\OML/cmm/m/it/10 ig[] N[] G[] []  G[] [
]  G[] []  G[] []  G[] []  G[] []  G[] []  G[] []
 []


Overfull \hbox (10.2288pt too wide) detected at line 6694
\OMS/cmsy/m/n/10 T[] \OT1/cmr/m/n/10 = 32\OML/cmm/m/it/10 ig[] N[] G[] []  G[] 
[]  G[] []  G[] []  G[] []  G[] []  G[] []  G[] []
 []


Overfull \hbox (10.11305pt too wide) detected at line 6697
\OMS/cmsy/m/n/10 T[] \OT1/cmr/m/n/10 = 16\OML/cmm/m/it/10 ig[] N[] G[] []  G[] 
[]  G[] []  G[] []  G[] []  G[] []  G[] []  G[] []
 []


Overfull \hbox (10.11305pt too wide) detected at line 6700
\OMS/cmsy/m/n/10 T[] \OT1/cmr/m/n/10 = 16\OML/cmm/m/it/10 ig[] N[] G[] []  G[] 
[]  G[] []  G[] []  G[] []  G[] []  G[] []  G[] []
 []


Overfull \hbox (10.11305pt too wide) detected at line 6703
\OMS/cmsy/m/n/10 T[] \OT1/cmr/m/n/10 = 32\OML/cmm/m/it/10 ig[] N[] G[] []  G[] 
[]  G[] []  G[] []  G[] []  G[] []  G[] []  G[] []
 []


Overfull \hbox (10.11305pt too wide) detected at line 6706
\OMS/cmsy/m/n/10 T[] \OT1/cmr/m/n/10 = 16\OML/cmm/m/it/10 ig[] N[] G[] []  G[] 
[]  G[] []  G[] []  G[] []  G[] []  G[] []  G[] []
 []


Overfull \hbox (9.52577pt too wide) detected at line 6709
\OMS/cmsy/m/n/10 T[] \OT1/cmr/m/n/10 = 64\OML/cmm/m/it/10 ig[] N[] G[] []  G[] 
[]  G[] []  G[] []  G[] []  G[] []  G[] []  G[] []
 []


Overfull \hbox (10.11305pt too wide) detected at line 6712
\OMS/cmsy/m/n/10 T[] \OT1/cmr/m/n/10 = 16\OML/cmm/m/it/10 ig[] N[] G[] []  G[] 
[]  G[] []  G[] []  G[] []  G[] []  G[] []  G[] []
 []


Overfull \hbox (9.52577pt too wide) detected at line 6715
\OMS/cmsy/m/n/10 T[] \OT1/cmr/m/n/10 = 64\OML/cmm/m/it/10 ig[] N[] G[] []  G[] 
[]  G[] []  G[] []  G[] []  G[] []  G[] []  G[] []
 []


Overfull \hbox (10.11305pt too wide) detected at line 6718
\OMS/cmsy/m/n/10 T[] \OT1/cmr/m/n/10 = 32\OML/cmm/m/it/10 ig[] N[] G[] []  G[] 
[]  G[] []  G[] []  G[] []  G[] []  G[] []  G[] []
 []


Overfull \hbox (10.11305pt too wide) detected at line 6721
\OMS/cmsy/m/n/10 T[] \OT1/cmr/m/n/10 = 32\OML/cmm/m/it/10 ig[] N[] G[] []  G[] 
[]  G[] []  G[] []  G[] []  G[] []  G[] []  G[] []
 []


Overfull \hbox (10.11305pt too wide) detected at line 6724
\OMS/cmsy/m/n/10 T[] \OT1/cmr/m/n/10 = 32\OML/cmm/m/it/10 ig[] N[] G[] []  G[] 
[]  G[] []  G[] []  G[] []  G[] []  G[] []  G[] []
 []


Overfull \hbox (14.52579pt too wide) detected at line 6727
\OMS/cmsy/m/n/10 T[] \OT1/cmr/m/n/10 = 128\OML/cmm/m/it/10 ig[] N[] G[] []  G[]
 []  G[] []  G[] []  G[] []  G[] []  G[] []  G[] []
 []


Overfull \hbox (14.52579pt too wide) detected at line 6730
\OMS/cmsy/m/n/10 T[] \OT1/cmr/m/n/10 = 128\OML/cmm/m/it/10 ig[] N[] G[] []  G[]
 []  G[] []  G[] []  G[] []  G[] []  G[] []  G[] []
 []


Overfull \hbox (14.52579pt too wide) detected at line 6733
\OMS/cmsy/m/n/10 T[] \OT1/cmr/m/n/10 = 128\OML/cmm/m/it/10 ig[] N[] G[] []  G[]
 []  G[] []  G[] []  G[] []  G[] []  G[] []  G[] []
 []

[59]
Overfull \hbox (6.63486pt too wide) detected at line 6736
\OMS/cmsy/m/n/10 T[] \OT1/cmr/m/n/10 = 2\OML/cmm/m/it/10 ig[] N[] G[] []  G[] [
]  G[] []  G[] []  G[] []  G[] []  G[] []  G[] []
 []


Overfull \hbox (5.93182pt too wide) detected at line 6739
\OMS/cmsy/m/n/10 T[] \OT1/cmr/m/n/10 = 8\OML/cmm/m/it/10 ig[] N[] G[] []  G[] [
]  G[] []  G[] []  G[] []  G[] []  G[] []  G[] []
 []


Overfull \hbox (6.5191pt too wide) detected at line 6742
\OMS/cmsy/m/n/10 T[] \OT1/cmr/m/n/10 = 2\OML/cmm/m/it/10 ig[] N[] G[] []  G[] [
]  G[] []  G[] []  G[] []  G[] []  G[] []  G[] []
 []


Overfull \hbox (5.81607pt too wide) detected at line 6745
\OMS/cmsy/m/n/10 T[] \OT1/cmr/m/n/10 = 8\OML/cmm/m/it/10 ig[] N[] G[] []  G[] [
]  G[] []  G[] []  G[] []  G[] []  G[] []  G[] []
 []


Overfull \hbox (5.93182pt too wide) detected at line 6748
\OMS/cmsy/m/n/10 T[] \OT1/cmr/m/n/10 = 8\OML/cmm/m/it/10 ig[] N[] G[] []  G[] [
]  G[] []  G[] []  G[] []  G[] []  G[] []  G[] []
 []


Overfull \hbox (5.81607pt too wide) detected at line 6751
\OMS/cmsy/m/n/10 T[] \OT1/cmr/m/n/10 = 8\OML/cmm/m/it/10 ig[] N[] G[] []  G[] [
]  G[] []  G[] []  G[] []  G[] []  G[] []  G[] []
 []


Overfull \hbox (5.93182pt too wide) detected at line 6754
\OMS/cmsy/m/n/10 T[] \OT1/cmr/m/n/10 = 8\OML/cmm/m/it/10 ig[] N[] G[] []  G[] [
]  G[] []  G[] []  G[] []  G[] []  G[] []  G[] []
 []


Overfull \hbox (5.81607pt too wide) detected at line 6757
\OMS/cmsy/m/n/10 T[] \OT1/cmr/m/n/10 = 8\OML/cmm/m/it/10 ig[] N[] G[] []  G[] [
]  G[] []  G[] []  G[] []  G[] []  G[] []  G[] []
 []


Overfull \hbox (6.5191pt too wide) detected at line 6760
\OMS/cmsy/m/n/10 T[] \OT1/cmr/m/n/10 = 2\OML/cmm/m/it/10 ig[] N[] G[] []  G[] [
]  G[] []  G[] []  G[] []  G[] []  G[] []  G[] []
 []


Overfull \hbox (5.81607pt too wide) detected at line 6763
\OMS/cmsy/m/n/10 T[] \OT1/cmr/m/n/10 = 8\OML/cmm/m/it/10 ig[] N[] G[] []  G[] [
]  G[] []  G[] []  G[] []  G[] []  G[] []  G[] []
 []


Overfull \hbox (1.63484pt too wide) detected at line 6766
\OMS/cmsy/m/n/10 T[] \OT1/cmr/m/n/10 = \OML/cmm/m/it/10 ig[] N[] G[] []  G[] []
  G[] []  G[] []  G[] []  G[] []  G[] []  G[] []
 []


Overfull \hbox (5.81607pt too wide) detected at line 6769
\OMS/cmsy/m/n/10 T[] \OT1/cmr/m/n/10 = 4\OML/cmm/m/it/10 ig[] N[] G[] []  G[] [
]  G[] []  G[] []  G[] []  G[] []  G[] []  G[] []
 []


Overfull \hbox (5.81607pt too wide) detected at line 6772
\OMS/cmsy/m/n/10 T[] \OT1/cmr/m/n/10 = 4\OML/cmm/m/it/10 ig[] N[] G[] []  G[] [
]  G[] []  G[] []  G[] []  G[] []  G[] []  G[] []
 []


Overfull \hbox (10.2288pt too wide) detected at line 6775
\OMS/cmsy/m/n/10 T[] \OT1/cmr/m/n/10 = 16\OML/cmm/m/it/10 ig[] N[] G[] []  G[] 
[]  G[] []  G[] []  G[] []  G[] []  G[] []  G[] []
 []


Overfull \hbox (1.63484pt too wide) detected at line 6778
\OMS/cmsy/m/n/10 T[] \OT1/cmr/m/n/10 = \OML/cmm/m/it/10 ig[] N[] G[] []  G[] []
  G[] []  G[] []  G[] []  G[] []  G[] []  G[] []
 []


Overfull \hbox (5.81607pt too wide) detected at line 6781
\OMS/cmsy/m/n/10 T[] \OT1/cmr/m/n/10 = 4\OML/cmm/m/it/10 ig[] N[] G[] []  G[] [
]  G[] []  G[] []  G[] []  G[] []  G[] []  G[] []
 []


Overfull \hbox (5.81607pt too wide) detected at line 6784
\OMS/cmsy/m/n/10 T[] \OT1/cmr/m/n/10 = 4\OML/cmm/m/it/10 ig[] N[] G[] []  G[] [
]  G[] []  G[] []  G[] []  G[] []  G[] []  G[] []
 []


Overfull \hbox (10.2288pt too wide) detected at line 6787
\OMS/cmsy/m/n/10 T[] \OT1/cmr/m/n/10 = 16\OML/cmm/m/it/10 ig[] N[] G[] []  G[] 
[]  G[] []  G[] []  G[] []  G[] []  G[] []  G[] []
 []


Overfull \hbox (5.81607pt too wide) detected at line 6790
\OMS/cmsy/m/n/10 T[] \OT1/cmr/m/n/10 = 8\OML/cmm/m/it/10 ig[] N[] G[] []  G[] [
]  G[] []  G[] []  G[] []  G[] []  G[] []  G[] []
 []


Overfull \hbox (10.11305pt too wide) detected at line 6793
\OMS/cmsy/m/n/10 T[] \OT1/cmr/m/n/10 = 32\OML/cmm/m/it/10 ig[] N[] G[] []  G[] 
[]  G[] []  G[] []  G[] []  G[] []  G[] []  G[] []
 []


Overfull \hbox (5.81607pt too wide) detected at line 6796
\OMS/cmsy/m/n/10 T[] \OT1/cmr/m/n/10 = 8\OML/cmm/m/it/10 ig[] N[] G[] []  G[] [
]  G[] []  G[] []  G[] []  G[] []  G[] []  G[] []
 []


Overfull \hbox (5.70032pt too wide) detected at line 6799
\OMS/cmsy/m/n/10 T[] \OT1/cmr/m/n/10 = 8\OML/cmm/m/it/10 ig[] N[] G[] []  G[] [
]  G[] []  G[] []  G[] []  G[] []  G[] []  G[] []
 []


Overfull \hbox (10.2288pt too wide) detected at line 6802
\OMS/cmsy/m/n/10 T[] \OT1/cmr/m/n/10 = 32\OML/cmm/m/it/10 ig[] N[] G[] []  G[] 
[]  G[] []  G[] []  G[] []  G[] []  G[] []  G[] []
 []


Overfull \hbox (10.11305pt too wide) detected at line 6805
\OMS/cmsy/m/n/10 T[] \OT1/cmr/m/n/10 = 32\OML/cmm/m/it/10 ig[] N[] G[] []  G[] 
[]  G[] []  G[] []  G[] []  G[] []  G[] []  G[] []
 []


Overfull \hbox (1.51909pt too wide) detected at line 6808
\OMS/cmsy/m/n/10 T[] \OT1/cmr/m/n/10 = \OML/cmm/m/it/10 ig[] N[] G[] []  G[] []
  G[] []  G[] []  G[] []  G[] []  G[] []  G[] []
 []


Overfull \hbox (5.70032pt too wide) detected at line 6811
\OMS/cmsy/m/n/10 T[] \OT1/cmr/m/n/10 = 4\OML/cmm/m/it/10 ig[] N[] G[] []  G[] [
]  G[] []  G[] []  G[] []  G[] []  G[] []  G[] []
 []


Overfull \hbox (5.70032pt too wide) detected at line 6814
\OMS/cmsy/m/n/10 T[] \OT1/cmr/m/n/10 = 4\OML/cmm/m/it/10 ig[] N[] G[] []  G[] [
]  G[] []  G[] []  G[] []  G[] []  G[] []  G[] []
 []


Overfull \hbox (10.11305pt too wide) detected at line 6817
\OMS/cmsy/m/n/10 T[] \OT1/cmr/m/n/10 = 16\OML/cmm/m/it/10 ig[] N[] G[] []  G[] 
[]  G[] []  G[] []  G[] []  G[] []  G[] []  G[] []
 []


Overfull \hbox (5.93182pt too wide) detected at line 6820
\OMS/cmsy/m/n/10 T[] \OT1/cmr/m/n/10 = 4\OML/cmm/m/it/10 ig[] N[] G[] []  G[] [
]  G[] []  G[] []  G[] []  G[] []  G[] []  G[] []
 []


Overfull \hbox (10.11305pt too wide) detected at line 6823
\OMS/cmsy/m/n/10 T[] \OT1/cmr/m/n/10 = 16\OML/cmm/m/it/10 ig[] N[] G[] []  G[] 
[]  G[] []  G[] []  G[] []  G[] []  G[] []  G[] []
 []


Overfull \hbox (10.11305pt too wide) detected at line 6826
\OMS/cmsy/m/n/10 T[] \OT1/cmr/m/n/10 = 16\OML/cmm/m/it/10 ig[] N[] G[] []  G[] 
[]  G[] []  G[] []  G[] []  G[] []  G[] []  G[] []
 []


Overfull \hbox (9.52577pt too wide) detected at line 6829
\OMS/cmsy/m/n/10 T[] \OT1/cmr/m/n/10 = 64\OML/cmm/m/it/10 ig[] N[] G[] []  G[] 
[]  G[] []  G[] []  G[] []  G[] []  G[] []  G[] []
 []


Overfull \hbox (5.81607pt too wide) detected at line 6832
\OMS/cmsy/m/n/10 T[] \OT1/cmr/m/n/10 = 8\OML/cmm/m/it/10 ig[] N[] G[] []  G[] [
]  G[] []  G[] []  G[] []  G[] []  G[] []  G[] []
 []


Overfull \hbox (10.11305pt too wide) detected at line 6835
\OMS/cmsy/m/n/10 T[] \OT1/cmr/m/n/10 = 32\OML/cmm/m/it/10 ig[] N[] G[] []  G[] 
[]  G[] []  G[] []  G[] []  G[] []  G[] []  G[] []
 []


Overfull \hbox (5.81607pt too wide) detected at line 6838
\OMS/cmsy/m/n/10 T[] \OT1/cmr/m/n/10 = 8\OML/cmm/m/it/10 ig[] N[] G[] []  G[] [
]  G[] []  G[] []  G[] []  G[] []  G[] []  G[] []
 []


Overfull \hbox (10.11305pt too wide) detected at line 6841
\OMS/cmsy/m/n/10 T[] \OT1/cmr/m/n/10 = 32\OML/cmm/m/it/10 ig[] N[] G[] []  G[] 
[]  G[] []  G[] []  G[] []  G[] []  G[] []  G[] []
 []


Overfull \hbox (5.81607pt too wide) detected at line 6844
\OMS/cmsy/m/n/10 T[] \OT1/cmr/m/n/10 = 8\OML/cmm/m/it/10 ig[] N[] G[] []  G[] [
]  G[] []  G[] []  G[] []  G[] []  G[] []  G[] []
 []


Overfull \hbox (10.11305pt too wide) detected at line 6847
\OMS/cmsy/m/n/10 T[] \OT1/cmr/m/n/10 = 32\OML/cmm/m/it/10 ig[] N[] G[] []  G[] 
[]  G[] []  G[] []  G[] []  G[] []  G[] []  G[] []
 []

[60]
Overfull \hbox (10.2288pt too wide) detected at line 6850
\OMS/cmsy/m/n/10 T[] \OT1/cmr/m/n/10 = 32\OML/cmm/m/it/10 ig[] N[] G[] []  G[] 
[]  G[] []  G[] []  G[] []  G[] []  G[] []  G[] []
 []


Overfull \hbox (14.52579pt too wide) detected at line 6853
\OMS/cmsy/m/n/10 T[] \OT1/cmr/m/n/10 = 128\OML/cmm/m/it/10 ig[] N[] G[] []  G[]
 []  G[] []  G[] []  G[] []  G[] []  G[] []  G[] []
 []


Overfull \hbox (6.5191pt too wide) detected at line 6856
\OMS/cmsy/m/n/10 T[] \OT1/cmr/m/n/10 = 2\OML/cmm/m/it/10 ig[] N[] G[] []  G[] [
]  G[] []  G[] []  G[] []  G[] []  G[] []  G[] []
 []


Overfull \hbox (5.81607pt too wide) detected at line 6859
\OMS/cmsy/m/n/10 T[] \OT1/cmr/m/n/10 = 8\OML/cmm/m/it/10 ig[] N[] G[] []  G[] [
]  G[] []  G[] []  G[] []  G[] []  G[] []  G[] []
 []


Overfull \hbox (5.81607pt too wide) detected at line 6862
\OMS/cmsy/m/n/10 T[] \OT1/cmr/m/n/10 = 8\OML/cmm/m/it/10 ig[] N[] G[] []  G[] [
]  G[] []  G[] []  G[] []  G[] []  G[] []  G[] []
 []


Overfull \hbox (10.11305pt too wide) detected at line 6865
\OMS/cmsy/m/n/10 T[] \OT1/cmr/m/n/10 = 32\OML/cmm/m/it/10 ig[] N[] G[] []  G[] 
[]  G[] []  G[] []  G[] []  G[] []  G[] []  G[] []
 []


Overfull \hbox (5.81607pt too wide) detected at line 6868
\OMS/cmsy/m/n/10 T[] \OT1/cmr/m/n/10 = 8\OML/cmm/m/it/10 ig[] N[] G[] []  G[] [
]  G[] []  G[] []  G[] []  G[] []  G[] []  G[] []
 []


Overfull \hbox (5.70032pt too wide) detected at line 6871
\OMS/cmsy/m/n/10 T[] \OT1/cmr/m/n/10 = 8\OML/cmm/m/it/10 ig[] N[] G[] []  G[] [
]  G[] []  G[] []  G[] []  G[] []  G[] []  G[] []
 []


Overfull \hbox (10.2288pt too wide) detected at line 6874
\OMS/cmsy/m/n/10 T[] \OT1/cmr/m/n/10 = 32\OML/cmm/m/it/10 ig[] N[] G[] []  G[] 
[]  G[] []  G[] []  G[] []  G[] []  G[] []  G[] []
 []


Overfull \hbox (10.11305pt too wide) detected at line 6877
\OMS/cmsy/m/n/10 T[] \OT1/cmr/m/n/10 = 32\OML/cmm/m/it/10 ig[] N[] G[] []  G[] 
[]  G[] []  G[] []  G[] []  G[] []  G[] []  G[] []
 []


Overfull \hbox (5.81607pt too wide) detected at line 6880
\OMS/cmsy/m/n/10 T[] \OT1/cmr/m/n/10 = 8\OML/cmm/m/it/10 ig[] N[] G[] []  G[] [
]  G[] []  G[] []  G[] []  G[] []  G[] []  G[] []
 []


Overfull \hbox (10.11305pt too wide) detected at line 6883
\OMS/cmsy/m/n/10 T[] \OT1/cmr/m/n/10 = 32\OML/cmm/m/it/10 ig[] N[] G[] []  G[] 
[]  G[] []  G[] []  G[] []  G[] []  G[] []  G[] []
 []


Overfull \hbox (1.51909pt too wide) detected at line 6886
\OMS/cmsy/m/n/10 T[] \OT1/cmr/m/n/10 = \OML/cmm/m/it/10 ig[] N[] G[] []  G[] []
  G[] []  G[] []  G[] []  G[] []  G[] []  G[] []
 []


Overfull \hbox (5.70032pt too wide) detected at line 6889
\OMS/cmsy/m/n/10 T[] \OT1/cmr/m/n/10 = 4\OML/cmm/m/it/10 ig[] N[] G[] []  G[] [
]  G[] []  G[] []  G[] []  G[] []  G[] []  G[] []
 []


Overfull \hbox (5.70032pt too wide) detected at line 6892
\OMS/cmsy/m/n/10 T[] \OT1/cmr/m/n/10 = 4\OML/cmm/m/it/10 ig[] N[] G[] []  G[] [
]  G[] []  G[] []  G[] []  G[] []  G[] []  G[] []
 []


Overfull \hbox (10.11305pt too wide) detected at line 6895
\OMS/cmsy/m/n/10 T[] \OT1/cmr/m/n/10 = 16\OML/cmm/m/it/10 ig[] N[] G[] []  G[] 
[]  G[] []  G[] []  G[] []  G[] []  G[] []  G[] []
 []


Overfull \hbox (5.93182pt too wide) detected at line 6898
\OMS/cmsy/m/n/10 T[] \OT1/cmr/m/n/10 = 4\OML/cmm/m/it/10 ig[] N[] G[] []  G[] [
]  G[] []  G[] []  G[] []  G[] []  G[] []  G[] []
 []


Overfull \hbox (10.11305pt too wide) detected at line 6901
\OMS/cmsy/m/n/10 T[] \OT1/cmr/m/n/10 = 16\OML/cmm/m/it/10 ig[] N[] G[] []  G[] 
[]  G[] []  G[] []  G[] []  G[] []  G[] []  G[] []
 []


Overfull \hbox (10.11305pt too wide) detected at line 6904
\OMS/cmsy/m/n/10 T[] \OT1/cmr/m/n/10 = 16\OML/cmm/m/it/10 ig[] N[] G[] []  G[] 
[]  G[] []  G[] []  G[] []  G[] []  G[] []  G[] []
 []


Overfull \hbox (9.52577pt too wide) detected at line 6907
\OMS/cmsy/m/n/10 T[] \OT1/cmr/m/n/10 = 64\OML/cmm/m/it/10 ig[] N[] G[] []  G[] 
[]  G[] []  G[] []  G[] []  G[] []  G[] []  G[] []
 []


Overfull \hbox (5.70032pt too wide) detected at line 6910
\OMS/cmsy/m/n/10 T[] \OT1/cmr/m/n/10 = 8\OML/cmm/m/it/10 ig[] N[] G[] []  G[] [
]  G[] []  G[] []  G[] []  G[] []  G[] []  G[] []
 []


Overfull \hbox (9.9973pt too wide) detected at line 6913
\OMS/cmsy/m/n/10 T[] \OT1/cmr/m/n/10 = 32\OML/cmm/m/it/10 ig[] N[] G[] []  G[] 
[]  G[] []  G[] []  G[] []  G[] []  G[] []  G[] []
 []


Overfull \hbox (10.11305pt too wide) detected at line 6916
\OMS/cmsy/m/n/10 T[] \OT1/cmr/m/n/10 = 32\OML/cmm/m/it/10 ig[] N[] G[] []  G[] 
[]  G[] []  G[] []  G[] []  G[] []  G[] []  G[] []
 []


Overfull \hbox (9.9973pt too wide) detected at line 6919
\OMS/cmsy/m/n/10 T[] \OT1/cmr/m/n/10 = 32\OML/cmm/m/it/10 ig[] N[] G[] []  G[] 
[]  G[] []  G[] []  G[] []  G[] []  G[] []  G[] []
 []


Overfull \hbox (10.11305pt too wide) detected at line 6922
\OMS/cmsy/m/n/10 T[] \OT1/cmr/m/n/10 = 32\OML/cmm/m/it/10 ig[] N[] G[] []  G[] 
[]  G[] []  G[] []  G[] []  G[] []  G[] []  G[] []
 []


Overfull \hbox (9.9973pt too wide) detected at line 6925
\OMS/cmsy/m/n/10 T[] \OT1/cmr/m/n/10 = 32\OML/cmm/m/it/10 ig[] N[] G[] []  G[] 
[]  G[] []  G[] []  G[] []  G[] []  G[] []  G[] []
 []


Overfull \hbox (5.81607pt too wide) detected at line 6928
\OMS/cmsy/m/n/10 T[] \OT1/cmr/m/n/10 = 4\OML/cmm/m/it/10 ig[] N[] G[] []  G[] [
]  G[] []  G[] []  G[] []  G[] []  G[] []  G[] []
 []


Overfull \hbox (9.9973pt too wide) detected at line 6931
\OMS/cmsy/m/n/10 T[] \OT1/cmr/m/n/10 = 16\OML/cmm/m/it/10 ig[] N[] G[] []  G[] 
[]  G[] []  G[] []  G[] []  G[] []  G[] []  G[] []
 []


Overfull \hbox (9.9973pt too wide) detected at line 6934
\OMS/cmsy/m/n/10 T[] \OT1/cmr/m/n/10 = 16\OML/cmm/m/it/10 ig[] N[] G[] []  G[] 
[]  G[] []  G[] []  G[] []  G[] []  G[] []  G[] []
 []


Overfull \hbox (9.41002pt too wide) detected at line 6937
\OMS/cmsy/m/n/10 T[] \OT1/cmr/m/n/10 = 64\OML/cmm/m/it/10 ig[] N[] G[] []  G[] 
[]  G[] []  G[] []  G[] []  G[] []  G[] []  G[] []
 []


Overfull \hbox (5.81607pt too wide) detected at line 6940
\OMS/cmsy/m/n/10 T[] \OT1/cmr/m/n/10 = 4\OML/cmm/m/it/10 ig[] N[] G[] []  G[] [
]  G[] []  G[] []  G[] []  G[] []  G[] []  G[] []
 []


Overfull \hbox (9.9973pt too wide) detected at line 6943
\OMS/cmsy/m/n/10 T[] \OT1/cmr/m/n/10 = 16\OML/cmm/m/it/10 ig[] N[] G[] []  G[] 
[]  G[] []  G[] []  G[] []  G[] []  G[] []  G[] []
 []


Overfull \hbox (9.9973pt too wide) detected at line 6946
\OMS/cmsy/m/n/10 T[] \OT1/cmr/m/n/10 = 16\OML/cmm/m/it/10 ig[] N[] G[] []  G[] 
[]  G[] []  G[] []  G[] []  G[] []  G[] []  G[] []
 []


Overfull \hbox (9.41002pt too wide) detected at line 6949
\OMS/cmsy/m/n/10 T[] \OT1/cmr/m/n/10 = 64\OML/cmm/m/it/10 ig[] N[] G[] []  G[] 
[]  G[] []  G[] []  G[] []  G[] []  G[] []  G[] []
 []


Overfull \hbox (5.70032pt too wide) detected at line 6952
\OMS/cmsy/m/n/10 T[] \OT1/cmr/m/n/10 = 8\OML/cmm/m/it/10 ig[] N[] G[] []  G[] [
]  G[] []  G[] []  G[] []  G[] []  G[] []  G[] []
 []


Overfull \hbox (9.9973pt too wide) detected at line 6955
\OMS/cmsy/m/n/10 T[] \OT1/cmr/m/n/10 = 32\OML/cmm/m/it/10 ig[] N[] G[] []  G[] 
[]  G[] []  G[] []  G[] []  G[] []  G[] []  G[] []
 []


Overfull \hbox (10.11305pt too wide) detected at line 6958
\OMS/cmsy/m/n/10 T[] \OT1/cmr/m/n/10 = 32\OML/cmm/m/it/10 ig[] N[] G[] []  G[] 
[]  G[] []  G[] []  G[] []  G[] []  G[] []  G[] []
 []


Overfull \hbox (14.41003pt too wide) detected at line 6961
\OMS/cmsy/m/n/10 T[] \OT1/cmr/m/n/10 = 128\OML/cmm/m/it/10 ig[] N[] G[] []  G[]
 []  G[] []  G[] []  G[] []  G[] []  G[] []  G[] []
 []

[61]
Overfull \hbox (10.11305pt too wide) detected at line 6964
\OMS/cmsy/m/n/10 T[] \OT1/cmr/m/n/10 = 32\OML/cmm/m/it/10 ig[] N[] G[] []  G[] 
[]  G[] []  G[] []  G[] []  G[] []  G[] []  G[] []
 []


Overfull \hbox (14.41003pt too wide) detected at line 6967
\OMS/cmsy/m/n/10 T[] \OT1/cmr/m/n/10 = 128\OML/cmm/m/it/10 ig[] N[] G[] []  G[]
 []  G[] []  G[] []  G[] []  G[] []  G[] []  G[] []
 []


Overfull \hbox (10.11305pt too wide) detected at line 6970
\OMS/cmsy/m/n/10 T[] \OT1/cmr/m/n/10 = 32\OML/cmm/m/it/10 ig[] N[] G[] []  G[] 
[]  G[] []  G[] []  G[] []  G[] []  G[] []  G[] []
 []


Overfull \hbox (14.41003pt too wide) detected at line 6973
\OMS/cmsy/m/n/10 T[] \OT1/cmr/m/n/10 = 128\OML/cmm/m/it/10 ig[] N[] G[] []  G[]
 []  G[] []  G[] []  G[] []  G[] []  G[] []  G[] []
 []


Overfull \hbox (6.63486pt too wide) detected at line 6976
\OMS/cmsy/m/n/10 T[] \OT1/cmr/m/n/10 = 2\OML/cmm/m/it/10 ig[] N[] G[] []  G[] [
]  G[] []  G[] []  G[] []  G[] []  G[] []  G[] []
 []


Overfull \hbox (6.5191pt too wide) detected at line 6979
\OMS/cmsy/m/n/10 T[] \OT1/cmr/m/n/10 = 2\OML/cmm/m/it/10 ig[] N[] G[] []  G[] [
]  G[] []  G[] []  G[] []  G[] []  G[] []  G[] []
 []


Overfull \hbox (5.93182pt too wide) detected at line 6982
\OMS/cmsy/m/n/10 T[] \OT1/cmr/m/n/10 = 8\OML/cmm/m/it/10 ig[] N[] G[] []  G[] [
]  G[] []  G[] []  G[] []  G[] []  G[] []  G[] []
 []


Overfull \hbox (5.93182pt too wide) detected at line 6985
\OMS/cmsy/m/n/10 T[] \OT1/cmr/m/n/10 = 8\OML/cmm/m/it/10 ig[] N[] G[] []  G[] [
]  G[] []  G[] []  G[] []  G[] []  G[] []  G[] []
 []


Overfull \hbox (5.93182pt too wide) detected at line 6988
\OMS/cmsy/m/n/10 T[] \OT1/cmr/m/n/10 = 8\OML/cmm/m/it/10 ig[] N[] G[] []  G[] [
]  G[] []  G[] []  G[] []  G[] []  G[] []  G[] []
 []


Overfull \hbox (5.81607pt too wide) detected at line 6991
\OMS/cmsy/m/n/10 T[] \OT1/cmr/m/n/10 = 8\OML/cmm/m/it/10 ig[] N[] G[] []  G[] [
]  G[] []  G[] []  G[] []  G[] []  G[] []  G[] []
 []


Overfull \hbox (5.81607pt too wide) detected at line 6994
\OMS/cmsy/m/n/10 T[] \OT1/cmr/m/n/10 = 8\OML/cmm/m/it/10 ig[] N[] G[] []  G[] [
]  G[] []  G[] []  G[] []  G[] []  G[] []  G[] []
 []


Overfull \hbox (5.81607pt too wide) detected at line 6997
\OMS/cmsy/m/n/10 T[] \OT1/cmr/m/n/10 = 8\OML/cmm/m/it/10 ig[] N[] G[] []  G[] [
]  G[] []  G[] []  G[] []  G[] []  G[] []  G[] []
 []


Overfull \hbox (1.63484pt too wide) detected at line 7000
\OMS/cmsy/m/n/10 T[] \OT1/cmr/m/n/10 = \OML/cmm/m/it/10 ig[] N[] G[] []  G[] []
  G[] []  G[] []  G[] []  G[] []  G[] []  G[] []
 []


Overfull \hbox (1.63484pt too wide) detected at line 7003
\OMS/cmsy/m/n/10 T[] \OT1/cmr/m/n/10 = \OML/cmm/m/it/10 ig[] N[] G[] []  G[] []
  G[] []  G[] []  G[] []  G[] []  G[] []  G[] []
 []


Overfull \hbox (1.51909pt too wide) detected at line 7006
\OMS/cmsy/m/n/10 T[] \OT1/cmr/m/n/10 = \OML/cmm/m/it/10 ig[] N[] G[] []  G[] []
  G[] []  G[] []  G[] []  G[] []  G[] []  G[] []
 []


Overfull \hbox (5.93182pt too wide) detected at line 7009
\OMS/cmsy/m/n/10 T[] \OT1/cmr/m/n/10 = 4\OML/cmm/m/it/10 ig[] N[] G[] []  G[] [
]  G[] []  G[] []  G[] []  G[] []  G[] []  G[] []
 []


Overfull \hbox (6.5191pt too wide) detected at line 7012
\OMS/cmsy/m/n/10 T[] \OT1/cmr/m/n/10 = 2\OML/cmm/m/it/10 ig[] N[] G[] []  G[] [
]  G[] []  G[] []  G[] []  G[] []  G[] []  G[] []
 []


Overfull \hbox (5.81607pt too wide) detected at line 7015
\OMS/cmsy/m/n/10 T[] \OT1/cmr/m/n/10 = 8\OML/cmm/m/it/10 ig[] N[] G[] []  G[] [
]  G[] []  G[] []  G[] []  G[] []  G[] []  G[] []
 []


Overfull \hbox (5.81607pt too wide) detected at line 7018
\OMS/cmsy/m/n/10 T[] \OT1/cmr/m/n/10 = 8\OML/cmm/m/it/10 ig[] N[] G[] []  G[] [
]  G[] []  G[] []  G[] []  G[] []  G[] []  G[] []
 []


Overfull \hbox (10.2288pt too wide) detected at line 7021
\OMS/cmsy/m/n/10 T[] \OT1/cmr/m/n/10 = 32\OML/cmm/m/it/10 ig[] N[] G[] []  G[] 
[]  G[] []  G[] []  G[] []  G[] []  G[] []  G[] []
 []


Overfull \hbox (5.81607pt too wide) detected at line 7024
\OMS/cmsy/m/n/10 T[] \OT1/cmr/m/n/10 = 8\OML/cmm/m/it/10 ig[] N[] G[] []  G[] [
]  G[] []  G[] []  G[] []  G[] []  G[] []  G[] []
 []


Overfull \hbox (5.81607pt too wide) detected at line 7027
\OMS/cmsy/m/n/10 T[] \OT1/cmr/m/n/10 = 8\OML/cmm/m/it/10 ig[] N[] G[] []  G[] [
]  G[] []  G[] []  G[] []  G[] []  G[] []  G[] []
 []


Overfull \hbox (5.81607pt too wide) detected at line 7030
\OMS/cmsy/m/n/10 T[] \OT1/cmr/m/n/10 = 8\OML/cmm/m/it/10 ig[] N[] G[] []  G[] [
]  G[] []  G[] []  G[] []  G[] []  G[] []  G[] []
 []


Overfull \hbox (10.2288pt too wide) detected at line 7033
\OMS/cmsy/m/n/10 T[] \OT1/cmr/m/n/10 = 32\OML/cmm/m/it/10 ig[] N[] G[] []  G[] 
[]  G[] []  G[] []  G[] []  G[] []  G[] []  G[] []
 []


Overfull \hbox (5.81607pt too wide) detected at line 7036
\OMS/cmsy/m/n/10 T[] \OT1/cmr/m/n/10 = 8\OML/cmm/m/it/10 ig[] N[] G[] []  G[] [
]  G[] []  G[] []  G[] []  G[] []  G[] []  G[] []
 []


Overfull \hbox (5.81607pt too wide) detected at line 7039
\OMS/cmsy/m/n/10 T[] \OT1/cmr/m/n/10 = 4\OML/cmm/m/it/10 ig[] N[] G[] []  G[] [
]  G[] []  G[] []  G[] []  G[] []  G[] []  G[] []
 []


Overfull \hbox (5.81607pt too wide) detected at line 7042
\OMS/cmsy/m/n/10 T[] \OT1/cmr/m/n/10 = 4\OML/cmm/m/it/10 ig[] N[] G[] []  G[] [
]  G[] []  G[] []  G[] []  G[] []  G[] []  G[] []
 []


Overfull \hbox (5.81607pt too wide) detected at line 7045
\OMS/cmsy/m/n/10 T[] \OT1/cmr/m/n/10 = 4\OML/cmm/m/it/10 ig[] N[] G[] []  G[] [
]  G[] []  G[] []  G[] []  G[] []  G[] []  G[] []
 []


Overfull \hbox (10.2288pt too wide) detected at line 7048
\OMS/cmsy/m/n/10 T[] \OT1/cmr/m/n/10 = 16\OML/cmm/m/it/10 ig[] N[] G[] []  G[] 
[]  G[] []  G[] []  G[] []  G[] []  G[] []  G[] []
 []


Overfull \hbox (5.81607pt too wide) detected at line 7051
\OMS/cmsy/m/n/10 T[] \OT1/cmr/m/n/10 = 4\OML/cmm/m/it/10 ig[] N[] G[] []  G[] [
]  G[] []  G[] []  G[] []  G[] []  G[] []  G[] []
 []


Overfull \hbox (10.2288pt too wide) detected at line 7054
\OMS/cmsy/m/n/10 T[] \OT1/cmr/m/n/10 = 16\OML/cmm/m/it/10 ig[] N[] G[] []  G[] 
[]  G[] []  G[] []  G[] []  G[] []  G[] []  G[] []
 []


Overfull \hbox (5.70032pt too wide) detected at line 7057
\OMS/cmsy/m/n/10 T[] \OT1/cmr/m/n/10 = 8\OML/cmm/m/it/10 ig[] N[] G[] []  G[] [
]  G[] []  G[] []  G[] []  G[] []  G[] []  G[] []
 []


Overfull \hbox (10.11305pt too wide) detected at line 7060
\OMS/cmsy/m/n/10 T[] \OT1/cmr/m/n/10 = 32\OML/cmm/m/it/10 ig[] N[] G[] []  G[] 
[]  G[] []  G[] []  G[] []  G[] []  G[] []  G[] []
 []


Overfull \hbox (10.11305pt too wide) detected at line 7063
\OMS/cmsy/m/n/10 T[] \OT1/cmr/m/n/10 = 32\OML/cmm/m/it/10 ig[] N[] G[] []  G[] 
[]  G[] []  G[] []  G[] []  G[] []  G[] []  G[] []
 []


Overfull \hbox (5.70032pt too wide) detected at line 7066
\OMS/cmsy/m/n/10 T[] \OT1/cmr/m/n/10 = 4\OML/cmm/m/it/10 ig[] N[] G[] []  G[] [
]  G[] []  G[] []  G[] []  G[] []  G[] []  G[] []
 []


Overfull \hbox (10.11305pt too wide) detected at line 7069
\OMS/cmsy/m/n/10 T[] \OT1/cmr/m/n/10 = 16\OML/cmm/m/it/10 ig[] N[] G[] []  G[] 
[]  G[] []  G[] []  G[] []  G[] []  G[] []  G[] []
 []


Overfull \hbox (10.11305pt too wide) detected at line 7072
\OMS/cmsy/m/n/10 T[] \OT1/cmr/m/n/10 = 32\OML/cmm/m/it/10 ig[] N[] G[] []  G[] 
[]  G[] []  G[] []  G[] []  G[] []  G[] []  G[] []
 []


Overfull \hbox (10.11305pt too wide) detected at line 7075
\OMS/cmsy/m/n/10 T[] \OT1/cmr/m/n/10 = 32\OML/cmm/m/it/10 ig[] N[] G[] []  G[] 
[]  G[] []  G[] []  G[] []  G[] []  G[] []  G[] []
 []

[62]
Overfull \hbox (10.11305pt too wide) detected at line 7078
\OMS/cmsy/m/n/10 T[] \OT1/cmr/m/n/10 = 32\OML/cmm/m/it/10 ig[] N[] G[] []  G[] 
[]  G[] []  G[] []  G[] []  G[] []  G[] []  G[] []
 []


Overfull \hbox (14.52579pt too wide) detected at line 7081
\OMS/cmsy/m/n/10 T[] \OT1/cmr/m/n/10 = 128\OML/cmm/m/it/10 ig[] N[] G[] []  G[]
 []  G[] []  G[] []  G[] []  G[] []  G[] []  G[] []
 []


Overfull \hbox (5.70032pt too wide) detected at line 7084
\OMS/cmsy/m/n/10 T[] \OT1/cmr/m/n/10 = 4\OML/cmm/m/it/10 ig[] N[] G[] []  G[] [
]  G[] []  G[] []  G[] []  G[] []  G[] []  G[] []
 []


Overfull \hbox (10.11305pt too wide) detected at line 7087
\OMS/cmsy/m/n/10 T[] \OT1/cmr/m/n/10 = 16\OML/cmm/m/it/10 ig[] N[] G[] []  G[] 
[]  G[] []  G[] []  G[] []  G[] []  G[] []  G[] []
 []


Overfull \hbox (10.11305pt too wide) detected at line 7090
\OMS/cmsy/m/n/10 T[] \OT1/cmr/m/n/10 = 16\OML/cmm/m/it/10 ig[] N[] G[] []  G[] 
[]  G[] []  G[] []  G[] []  G[] []  G[] []  G[] []
 []


Overfull \hbox (9.52577pt too wide) detected at line 7093
\OMS/cmsy/m/n/10 T[] \OT1/cmr/m/n/10 = 64\OML/cmm/m/it/10 ig[] N[] G[] []  G[] 
[]  G[] []  G[] []  G[] []  G[] []  G[] []  G[] []
 []


Overfull \hbox (6.5191pt too wide) detected at line 7096
\OMS/cmsy/m/n/10 T[] \OT1/cmr/m/n/10 = 2\OML/cmm/m/it/10 ig[] N[] G[] []  G[] [
]  G[] []  G[] []  G[] []  G[] []  G[] []  G[] []
 []


Overfull \hbox (5.81607pt too wide) detected at line 7099
\OMS/cmsy/m/n/10 T[] \OT1/cmr/m/n/10 = 8\OML/cmm/m/it/10 ig[] N[] G[] []  G[] [
]  G[] []  G[] []  G[] []  G[] []  G[] []  G[] []
 []


Overfull \hbox (5.81607pt too wide) detected at line 7102
\OMS/cmsy/m/n/10 T[] \OT1/cmr/m/n/10 = 8\OML/cmm/m/it/10 ig[] N[] G[] []  G[] [
]  G[] []  G[] []  G[] []  G[] []  G[] []  G[] []
 []


Overfull \hbox (10.2288pt too wide) detected at line 7105
\OMS/cmsy/m/n/10 T[] \OT1/cmr/m/n/10 = 32\OML/cmm/m/it/10 ig[] N[] G[] []  G[] 
[]  G[] []  G[] []  G[] []  G[] []  G[] []  G[] []
 []


Overfull \hbox (5.81607pt too wide) detected at line 7108
\OMS/cmsy/m/n/10 T[] \OT1/cmr/m/n/10 = 8\OML/cmm/m/it/10 ig[] N[] G[] []  G[] [
]  G[] []  G[] []  G[] []  G[] []  G[] []  G[] []
 []


Overfull \hbox (5.70032pt too wide) detected at line 7111
\OMS/cmsy/m/n/10 T[] \OT1/cmr/m/n/10 = 8\OML/cmm/m/it/10 ig[] N[] G[] []  G[] [
]  G[] []  G[] []  G[] []  G[] []  G[] []  G[] []
 []


Overfull \hbox (10.11305pt too wide) detected at line 7114
\OMS/cmsy/m/n/10 T[] \OT1/cmr/m/n/10 = 32\OML/cmm/m/it/10 ig[] N[] G[] []  G[] 
[]  G[] []  G[] []  G[] []  G[] []  G[] []  G[] []
 []


Overfull \hbox (10.11305pt too wide) detected at line 7117
\OMS/cmsy/m/n/10 T[] \OT1/cmr/m/n/10 = 32\OML/cmm/m/it/10 ig[] N[] G[] []  G[] 
[]  G[] []  G[] []  G[] []  G[] []  G[] []  G[] []
 []


Overfull \hbox (1.51909pt too wide) detected at line 7120
\OMS/cmsy/m/n/10 T[] \OT1/cmr/m/n/10 = \OML/cmm/m/it/10 ig[] N[] G[] []  G[] []
  G[] []  G[] []  G[] []  G[] []  G[] []  G[] []
 []


Overfull \hbox (5.93182pt too wide) detected at line 7123
\OMS/cmsy/m/n/10 T[] \OT1/cmr/m/n/10 = 4\OML/cmm/m/it/10 ig[] N[] G[] []  G[] [
]  G[] []  G[] []  G[] []  G[] []  G[] []  G[] []
 []


Overfull \hbox (5.81607pt too wide) detected at line 7126
\OMS/cmsy/m/n/10 T[] \OT1/cmr/m/n/10 = 4\OML/cmm/m/it/10 ig[] N[] G[] []  G[] [
]  G[] []  G[] []  G[] []  G[] []  G[] []  G[] []
 []


Overfull \hbox (5.81607pt too wide) detected at line 7129
\OMS/cmsy/m/n/10 T[] \OT1/cmr/m/n/10 = 4\OML/cmm/m/it/10 ig[] N[] G[] []  G[] [
]  G[] []  G[] []  G[] []  G[] []  G[] []  G[] []
 []


Overfull \hbox (5.81607pt too wide) detected at line 7132
\OMS/cmsy/m/n/10 T[] \OT1/cmr/m/n/10 = 8\OML/cmm/m/it/10 ig[] N[] G[] []  G[] [
]  G[] []  G[] []  G[] []  G[] []  G[] []  G[] []
 []


Overfull \hbox (5.70032pt too wide) detected at line 7135
\OMS/cmsy/m/n/10 T[] \OT1/cmr/m/n/10 = 8\OML/cmm/m/it/10 ig[] N[] G[] []  G[] [
]  G[] []  G[] []  G[] []  G[] []  G[] []  G[] []
 []


Overfull \hbox (10.11305pt too wide) detected at line 7138
\OMS/cmsy/m/n/10 T[] \OT1/cmr/m/n/10 = 32\OML/cmm/m/it/10 ig[] N[] G[] []  G[] 
[]  G[] []  G[] []  G[] []  G[] []  G[] []  G[] []
 []


Overfull \hbox (10.11305pt too wide) detected at line 7141
\OMS/cmsy/m/n/10 T[] \OT1/cmr/m/n/10 = 32\OML/cmm/m/it/10 ig[] N[] G[] []  G[] 
[]  G[] []  G[] []  G[] []  G[] []  G[] []  G[] []
 []


Overfull \hbox (5.70032pt too wide) detected at line 7144
\OMS/cmsy/m/n/10 T[] \OT1/cmr/m/n/10 = 8\OML/cmm/m/it/10 ig[] N[] G[] []  G[] [
]  G[] []  G[] []  G[] []  G[] []  G[] []  G[] []
 []


Overfull \hbox (10.11305pt too wide) detected at line 7147
\OMS/cmsy/m/n/10 T[] \OT1/cmr/m/n/10 = 32\OML/cmm/m/it/10 ig[] N[] G[] []  G[] 
[]  G[] []  G[] []  G[] []  G[] []  G[] []  G[] []
 []


Overfull \hbox (10.11305pt too wide) detected at line 7150
\OMS/cmsy/m/n/10 T[] \OT1/cmr/m/n/10 = 32\OML/cmm/m/it/10 ig[] N[] G[] []  G[] 
[]  G[] []  G[] []  G[] []  G[] []  G[] []  G[] []
 []


Overfull \hbox (10.11305pt too wide) detected at line 7153
\OMS/cmsy/m/n/10 T[] \OT1/cmr/m/n/10 = 32\OML/cmm/m/it/10 ig[] N[] G[] []  G[] 
[]  G[] []  G[] []  G[] []  G[] []  G[] []  G[] []
 []


Overfull \hbox (10.11305pt too wide) detected at line 7156
\OMS/cmsy/m/n/10 T[] \OT1/cmr/m/n/10 = 32\OML/cmm/m/it/10 ig[] N[] G[] []  G[] 
[]  G[] []  G[] []  G[] []  G[] []  G[] []  G[] []
 []


Overfull \hbox (5.70032pt too wide) detected at line 7159
\OMS/cmsy/m/n/10 T[] \OT1/cmr/m/n/10 = 4\OML/cmm/m/it/10 ig[] N[] G[] []  G[] [
]  G[] []  G[] []  G[] []  G[] []  G[] []  G[] []
 []


Overfull \hbox (10.11305pt too wide) detected at line 7162
\OMS/cmsy/m/n/10 T[] \OT1/cmr/m/n/10 = 16\OML/cmm/m/it/10 ig[] N[] G[] []  G[] 
[]  G[] []  G[] []  G[] []  G[] []  G[] []  G[] []
 []


Overfull \hbox (5.70032pt too wide) detected at line 7165
\OMS/cmsy/m/n/10 T[] \OT1/cmr/m/n/10 = 4\OML/cmm/m/it/10 ig[] N[] G[] []  G[] [
]  G[] []  G[] []  G[] []  G[] []  G[] []  G[] []
 []


Overfull \hbox (10.11305pt too wide) detected at line 7168
\OMS/cmsy/m/n/10 T[] \OT1/cmr/m/n/10 = 16\OML/cmm/m/it/10 ig[] N[] G[] []  G[] 
[]  G[] []  G[] []  G[] []  G[] []  G[] []  G[] []
 []


Overfull \hbox (10.11305pt too wide) detected at line 7171
\OMS/cmsy/m/n/10 T[] \OT1/cmr/m/n/10 = 16\OML/cmm/m/it/10 ig[] N[] G[] []  G[] 
[]  G[] []  G[] []  G[] []  G[] []  G[] []  G[] []
 []


Overfull \hbox (9.52577pt too wide) detected at line 7174
\OMS/cmsy/m/n/10 T[] \OT1/cmr/m/n/10 = 64\OML/cmm/m/it/10 ig[] N[] G[] []  G[] 
[]  G[] []  G[] []  G[] []  G[] []  G[] []  G[] []
 []


Overfull \hbox (9.9973pt too wide) detected at line 7177
\OMS/cmsy/m/n/10 T[] \OT1/cmr/m/n/10 = 32\OML/cmm/m/it/10 ig[] N[] G[] []  G[] 
[]  G[] []  G[] []  G[] []  G[] []  G[] []  G[] []
 []


Overfull \hbox (9.9973pt too wide) detected at line 7180
\OMS/cmsy/m/n/10 T[] \OT1/cmr/m/n/10 = 32\OML/cmm/m/it/10 ig[] N[] G[] []  G[] 
[]  G[] []  G[] []  G[] []  G[] []  G[] []  G[] []
 []


Overfull \hbox (9.9973pt too wide) detected at line 7183
\OMS/cmsy/m/n/10 T[] \OT1/cmr/m/n/10 = 32\OML/cmm/m/it/10 ig[] N[] G[] []  G[] 
[]  G[] []  G[] []  G[] []  G[] []  G[] []  G[] []
 []


Overfull \hbox (9.9973pt too wide) detected at line 7186
\OMS/cmsy/m/n/10 T[] \OT1/cmr/m/n/10 = 16\OML/cmm/m/it/10 ig[] N[] G[] []  G[] 
[]  G[] []  G[] []  G[] []  G[] []  G[] []  G[] []
 []


Overfull \hbox (9.9973pt too wide) detected at line 7189
\OMS/cmsy/m/n/10 T[] \OT1/cmr/m/n/10 = 16\OML/cmm/m/it/10 ig[] N[] G[] []  G[] 
[]  G[] []  G[] []  G[] []  G[] []  G[] []  G[] []
 []

[63]
Overfull \hbox (9.9973pt too wide) detected at line 7192
\OMS/cmsy/m/n/10 T[] \OT1/cmr/m/n/10 = 32\OML/cmm/m/it/10 ig[] N[] G[] []  G[] 
[]  G[] []  G[] []  G[] []  G[] []  G[] []  G[] []
 []


Overfull \hbox (14.41003pt too wide) detected at line 7195
\OMS/cmsy/m/n/10 T[] \OT1/cmr/m/n/10 = 128\OML/cmm/m/it/10 ig[] N[] G[] []  G[]
 []  G[] []  G[] []  G[] []  G[] []  G[] []  G[] []
 []


Overfull \hbox (14.41003pt too wide) detected at line 7198
\OMS/cmsy/m/n/10 T[] \OT1/cmr/m/n/10 = 128\OML/cmm/m/it/10 ig[] N[] G[] []  G[]
 []  G[] []  G[] []  G[] []  G[] []  G[] []  G[] []
 []


Overfull \hbox (14.41003pt too wide) detected at line 7201
\OMS/cmsy/m/n/10 T[] \OT1/cmr/m/n/10 = 128\OML/cmm/m/it/10 ig[] N[] G[] []  G[]
 []  G[] []  G[] []  G[] []  G[] []  G[] []  G[] []
 []


Overfull \hbox (9.9973pt too wide) detected at line 7204
\OMS/cmsy/m/n/10 T[] \OT1/cmr/m/n/10 = 16\OML/cmm/m/it/10 ig[] N[] G[] []  G[] 
[]  G[] []  G[] []  G[] []  G[] []  G[] []  G[] []
 []


Overfull \hbox (9.41002pt too wide) detected at line 7207
\OMS/cmsy/m/n/10 T[] \OT1/cmr/m/n/10 = 64\OML/cmm/m/it/10 ig[] N[] G[] []  G[] 
[]  G[] []  G[] []  G[] []  G[] []  G[] []  G[] []
 []


Overfull \hbox (9.9973pt too wide) detected at line 7210
\OMS/cmsy/m/n/10 T[] \OT1/cmr/m/n/10 = 16\OML/cmm/m/it/10 ig[] N[] G[] []  G[] 
[]  G[] []  G[] []  G[] []  G[] []  G[] []  G[] []
 []


Overfull \hbox (9.41002pt too wide) detected at line 7213
\OMS/cmsy/m/n/10 T[] \OT1/cmr/m/n/10 = 64\OML/cmm/m/it/10 ig[] N[] G[] []  G[] 
[]  G[] []  G[] []  G[] []  G[] []  G[] []  G[] []
 []


Overfull \hbox (1.7506pt too wide) detected at line 7216
\OMS/cmsy/m/n/10 T[] \OT1/cmr/m/n/10 = \OML/cmm/m/it/10 ig[] N[] G[] []  G[] []
  G[] []  G[] []  G[] []  G[] []  G[] []  G[] []
 []


Overfull \hbox (5.93182pt too wide) detected at line 7219
\OMS/cmsy/m/n/10 T[] \OT1/cmr/m/n/10 = 4\OML/cmm/m/it/10 ig[] N[] G[] []  G[] [
]  G[] []  G[] []  G[] []  G[] []  G[] []  G[] []
 []


Overfull \hbox (5.93182pt too wide) detected at line 7222
\OMS/cmsy/m/n/10 T[] \OT1/cmr/m/n/10 = 4\OML/cmm/m/it/10 ig[] N[] G[] []  G[] [
]  G[] []  G[] []  G[] []  G[] []  G[] []  G[] []
 []


Overfull \hbox (10.34456pt too wide) detected at line 7225
\OMS/cmsy/m/n/10 T[] \OT1/cmr/m/n/10 = 16\OML/cmm/m/it/10 ig[] N[] G[] []  G[] 
[]  G[] []  G[] []  G[] []  G[] []  G[] []  G[] []
 []


Overfull \hbox (1.63484pt too wide) detected at line 7228
\OMS/cmsy/m/n/10 T[] \OT1/cmr/m/n/10 = \OML/cmm/m/it/10 ig[] N[] G[] []  G[] []
  G[] []  G[] []  G[] []  G[] []  G[] []  G[] []
 []


Overfull \hbox (5.81607pt too wide) detected at line 7231
\OMS/cmsy/m/n/10 T[] \OT1/cmr/m/n/10 = 4\OML/cmm/m/it/10 ig[] N[] G[] []  G[] [
]  G[] []  G[] []  G[] []  G[] []  G[] []  G[] []
 []


Overfull \hbox (5.81607pt too wide) detected at line 7234
\OMS/cmsy/m/n/10 T[] \OT1/cmr/m/n/10 = 4\OML/cmm/m/it/10 ig[] N[] G[] []  G[] [
]  G[] []  G[] []  G[] []  G[] []  G[] []  G[] []
 []


Overfull \hbox (10.2288pt too wide) detected at line 7237
\OMS/cmsy/m/n/10 T[] \OT1/cmr/m/n/10 = 16\OML/cmm/m/it/10 ig[] N[] G[] []  G[] 
[]  G[] []  G[] []  G[] []  G[] []  G[] []  G[] []
 []


Overfull \hbox (5.93182pt too wide) detected at line 7240
\OMS/cmsy/m/n/10 T[] \OT1/cmr/m/n/10 = 8\OML/cmm/m/it/10 ig[] N[] G[] []  G[] [
]  G[] []  G[] []  G[] []  G[] []  G[] []  G[] []
 []


Overfull \hbox (10.2288pt too wide) detected at line 7243
\OMS/cmsy/m/n/10 T[] \OT1/cmr/m/n/10 = 32\OML/cmm/m/it/10 ig[] N[] G[] []  G[] 
[]  G[] []  G[] []  G[] []  G[] []  G[] []  G[] []
 []


Overfull \hbox (5.93182pt too wide) detected at line 7246
\OMS/cmsy/m/n/10 T[] \OT1/cmr/m/n/10 = 8\OML/cmm/m/it/10 ig[] N[] G[] []  G[] [
]  G[] []  G[] []  G[] []  G[] []  G[] []  G[] []
 []


Overfull \hbox (10.2288pt too wide) detected at line 7249
\OMS/cmsy/m/n/10 T[] \OT1/cmr/m/n/10 = 32\OML/cmm/m/it/10 ig[] N[] G[] []  G[] 
[]  G[] []  G[] []  G[] []  G[] []  G[] []  G[] []
 []


Overfull \hbox (1.63484pt too wide) detected at line 7252
\OMS/cmsy/m/n/10 T[] \OT1/cmr/m/n/10 = \OML/cmm/m/it/10 ig[] N[] G[] []  G[] []
  G[] []  G[] []  G[] []  G[] []  G[] []  G[] []
 []


Overfull \hbox (5.81607pt too wide) detected at line 7255
\OMS/cmsy/m/n/10 T[] \OT1/cmr/m/n/10 = 4\OML/cmm/m/it/10 ig[] N[] G[] []  G[] [
]  G[] []  G[] []  G[] []  G[] []  G[] []  G[] []
 []


Overfull \hbox (5.81607pt too wide) detected at line 7258
\OMS/cmsy/m/n/10 T[] \OT1/cmr/m/n/10 = 4\OML/cmm/m/it/10 ig[] N[] G[] []  G[] [
]  G[] []  G[] []  G[] []  G[] []  G[] []  G[] []
 []


Overfull \hbox (10.2288pt too wide) detected at line 7261
\OMS/cmsy/m/n/10 T[] \OT1/cmr/m/n/10 = 16\OML/cmm/m/it/10 ig[] N[] G[] []  G[] 
[]  G[] []  G[] []  G[] []  G[] []  G[] []  G[] []
 []


Overfull \hbox (5.93182pt too wide) detected at line 7264
\OMS/cmsy/m/n/10 T[] \OT1/cmr/m/n/10 = 8\OML/cmm/m/it/10 ig[] N[] G[] []  G[] [
]  G[] []  G[] []  G[] []  G[] []  G[] []  G[] []
 []


Overfull \hbox (10.2288pt too wide) detected at line 7267
\OMS/cmsy/m/n/10 T[] \OT1/cmr/m/n/10 = 32\OML/cmm/m/it/10 ig[] N[] G[] []  G[] 
[]  G[] []  G[] []  G[] []  G[] []  G[] []  G[] []
 []


Overfull \hbox (5.93182pt too wide) detected at line 7270
\OMS/cmsy/m/n/10 T[] \OT1/cmr/m/n/10 = 8\OML/cmm/m/it/10 ig[] N[] G[] []  G[] [
]  G[] []  G[] []  G[] []  G[] []  G[] []  G[] []
 []


Overfull \hbox (10.2288pt too wide) detected at line 7273
\OMS/cmsy/m/n/10 T[] \OT1/cmr/m/n/10 = 32\OML/cmm/m/it/10 ig[] N[] G[] []  G[] 
[]  G[] []  G[] []  G[] []  G[] []  G[] []  G[] []
 []


Overfull \hbox (5.93182pt too wide) detected at line 7276
\OMS/cmsy/m/n/10 T[] \OT1/cmr/m/n/10 = 4\OML/cmm/m/it/10 ig[] N[] G[] []  G[] [
]  G[] []  G[] []  G[] []  G[] []  G[] []  G[] []
 []


Overfull \hbox (10.11305pt too wide) detected at line 7279
\OMS/cmsy/m/n/10 T[] \OT1/cmr/m/n/10 = 16\OML/cmm/m/it/10 ig[] N[] G[] []  G[] 
[]  G[] []  G[] []  G[] []  G[] []  G[] []  G[] []
 []


Overfull \hbox (10.11305pt too wide) detected at line 7282
\OMS/cmsy/m/n/10 T[] \OT1/cmr/m/n/10 = 16\OML/cmm/m/it/10 ig[] N[] G[] []  G[] 
[]  G[] []  G[] []  G[] []  G[] []  G[] []  G[] []
 []


Overfull \hbox (9.52577pt too wide) detected at line 7285
\OMS/cmsy/m/n/10 T[] \OT1/cmr/m/n/10 = 64\OML/cmm/m/it/10 ig[] N[] G[] []  G[] 
[]  G[] []  G[] []  G[] []  G[] []  G[] []  G[] []
 []


Overfull \hbox (5.81607pt too wide) detected at line 7288
\OMS/cmsy/m/n/10 T[] \OT1/cmr/m/n/10 = 8\OML/cmm/m/it/10 ig[] N[] G[] []  G[] [
]  G[] []  G[] []  G[] []  G[] []  G[] []  G[] []
 []


Overfull \hbox (10.11305pt too wide) detected at line 7291
\OMS/cmsy/m/n/10 T[] \OT1/cmr/m/n/10 = 32\OML/cmm/m/it/10 ig[] N[] G[] []  G[] 
[]  G[] []  G[] []  G[] []  G[] []  G[] []  G[] []
 []


Overfull \hbox (10.2288pt too wide) detected at line 7294
\OMS/cmsy/m/n/10 T[] \OT1/cmr/m/n/10 = 32\OML/cmm/m/it/10 ig[] N[] G[] []  G[] 
[]  G[] []  G[] []  G[] []  G[] []  G[] []  G[] []
 []


Overfull \hbox (14.52579pt too wide) detected at line 7297
\OMS/cmsy/m/n/10 T[] \OT1/cmr/m/n/10 = 128\OML/cmm/m/it/10 ig[] N[] G[] []  G[]
 []  G[] []  G[] []  G[] []  G[] []  G[] []  G[] []
 []


Overfull \hbox (5.81607pt too wide) detected at line 7300
\OMS/cmsy/m/n/10 T[] \OT1/cmr/m/n/10 = 8\OML/cmm/m/it/10 ig[] N[] G[] []  G[] [
]  G[] []  G[] []  G[] []  G[] []  G[] []  G[] []
 []


Overfull \hbox (10.11305pt too wide) detected at line 7303
\OMS/cmsy/m/n/10 T[] \OT1/cmr/m/n/10 = 32\OML/cmm/m/it/10 ig[] N[] G[] []  G[] 
[]  G[] []  G[] []  G[] []  G[] []  G[] []  G[] []
 []

[64]
Overfull \hbox (10.2288pt too wide) detected at line 7306
\OMS/cmsy/m/n/10 T[] \OT1/cmr/m/n/10 = 32\OML/cmm/m/it/10 ig[] N[] G[] []  G[] 
[]  G[] []  G[] []  G[] []  G[] []  G[] []  G[] []
 []


Overfull \hbox (14.52579pt too wide) detected at line 7309
\OMS/cmsy/m/n/10 T[] \OT1/cmr/m/n/10 = 128\OML/cmm/m/it/10 ig[] N[] G[] []  G[]
 []  G[] []  G[] []  G[] []  G[] []  G[] []  G[] []
 []


Overfull \hbox (10.2288pt too wide) detected at line 7312
\OMS/cmsy/m/n/10 T[] \OT1/cmr/m/n/10 = 32\OML/cmm/m/it/10 ig[] N[] G[] []  G[] 
[]  G[] []  G[] []  G[] []  G[] []  G[] []  G[] []
 []


Overfull \hbox (10.11305pt too wide) detected at line 7315
\OMS/cmsy/m/n/10 T[] \OT1/cmr/m/n/10 = 32\OML/cmm/m/it/10 ig[] N[] G[] []  G[] 
[]  G[] []  G[] []  G[] []  G[] []  G[] []  G[] []
 []


Overfull \hbox (10.2288pt too wide) detected at line 7318
\OMS/cmsy/m/n/10 T[] \OT1/cmr/m/n/10 = 32\OML/cmm/m/it/10 ig[] N[] G[] []  G[] 
[]  G[] []  G[] []  G[] []  G[] []  G[] []  G[] []
 []


Overfull \hbox (10.11305pt too wide) detected at line 7321
\OMS/cmsy/m/n/10 T[] \OT1/cmr/m/n/10 = 32\OML/cmm/m/it/10 ig[] N[] G[] []  G[] 
[]  G[] []  G[] []  G[] []  G[] []  G[] []  G[] []
 []


Overfull \hbox (10.2288pt too wide) detected at line 7324
\OMS/cmsy/m/n/10 T[] \OT1/cmr/m/n/10 = 32\OML/cmm/m/it/10 ig[] N[] G[] []  G[] 
[]  G[] []  G[] []  G[] []  G[] []  G[] []  G[] []
 []


Overfull \hbox (10.11305pt too wide) detected at line 7327
\OMS/cmsy/m/n/10 T[] \OT1/cmr/m/n/10 = 32\OML/cmm/m/it/10 ig[] N[] G[] []  G[] 
[]  G[] []  G[] []  G[] []  G[] []  G[] []  G[] []
 []


Overfull \hbox (14.64154pt too wide) detected at line 7330
\OMS/cmsy/m/n/10 T[] \OT1/cmr/m/n/10 = 128\OML/cmm/m/it/10 ig[] N[] G[] []  G[]
 []  G[] []  G[] []  G[] []  G[] []  G[] []  G[] []
 []


Overfull \hbox (14.52579pt too wide) detected at line 7333
\OMS/cmsy/m/n/10 T[] \OT1/cmr/m/n/10 = 128\OML/cmm/m/it/10 ig[] N[] G[] []  G[]
 []  G[] []  G[] []  G[] []  G[] []  G[] []  G[] []
 []


Overfull \hbox (1.63484pt too wide) detected at line 7336
\OMS/cmsy/m/n/10 T[] \OT1/cmr/m/n/10 = \OML/cmm/m/it/10 ig[] N[] G[] []  G[] []
  G[] []  G[] []  G[] []  G[] []  G[] []  G[] []
 []


Overfull \hbox (5.81607pt too wide) detected at line 7339
\OMS/cmsy/m/n/10 T[] \OT1/cmr/m/n/10 = 4\OML/cmm/m/it/10 ig[] N[] G[] []  G[] [
]  G[] []  G[] []  G[] []  G[] []  G[] []  G[] []
 []


Overfull \hbox (5.81607pt too wide) detected at line 7342
\OMS/cmsy/m/n/10 T[] \OT1/cmr/m/n/10 = 4\OML/cmm/m/it/10 ig[] N[] G[] []  G[] [
]  G[] []  G[] []  G[] []  G[] []  G[] []  G[] []
 []


Overfull \hbox (10.2288pt too wide) detected at line 7345
\OMS/cmsy/m/n/10 T[] \OT1/cmr/m/n/10 = 16\OML/cmm/m/it/10 ig[] N[] G[] []  G[] 
[]  G[] []  G[] []  G[] []  G[] []  G[] []  G[] []
 []


Overfull \hbox (5.93182pt too wide) detected at line 7348
\OMS/cmsy/m/n/10 T[] \OT1/cmr/m/n/10 = 4\OML/cmm/m/it/10 ig[] N[] G[] []  G[] [
]  G[] []  G[] []  G[] []  G[] []  G[] []  G[] []
 []


Overfull \hbox (10.11305pt too wide) detected at line 7351
\OMS/cmsy/m/n/10 T[] \OT1/cmr/m/n/10 = 16\OML/cmm/m/it/10 ig[] N[] G[] []  G[] 
[]  G[] []  G[] []  G[] []  G[] []  G[] []  G[] []
 []


Overfull \hbox (10.11305pt too wide) detected at line 7354
\OMS/cmsy/m/n/10 T[] \OT1/cmr/m/n/10 = 16\OML/cmm/m/it/10 ig[] N[] G[] []  G[] 
[]  G[] []  G[] []  G[] []  G[] []  G[] []  G[] []
 []


Overfull \hbox (9.52577pt too wide) detected at line 7357
\OMS/cmsy/m/n/10 T[] \OT1/cmr/m/n/10 = 64\OML/cmm/m/it/10 ig[] N[] G[] []  G[] 
[]  G[] []  G[] []  G[] []  G[] []  G[] []  G[] []
 []


Overfull \hbox (5.81607pt too wide) detected at line 7360
\OMS/cmsy/m/n/10 T[] \OT1/cmr/m/n/10 = 8\OML/cmm/m/it/10 ig[] N[] G[] []  G[] [
]  G[] []  G[] []  G[] []  G[] []  G[] []  G[] []
 []


Overfull \hbox (10.11305pt too wide) detected at line 7363
\OMS/cmsy/m/n/10 T[] \OT1/cmr/m/n/10 = 32\OML/cmm/m/it/10 ig[] N[] G[] []  G[] 
[]  G[] []  G[] []  G[] []  G[] []  G[] []  G[] []
 []


Overfull \hbox (10.2288pt too wide) detected at line 7366
\OMS/cmsy/m/n/10 T[] \OT1/cmr/m/n/10 = 32\OML/cmm/m/it/10 ig[] N[] G[] []  G[] 
[]  G[] []  G[] []  G[] []  G[] []  G[] []  G[] []
 []


Overfull \hbox (14.52579pt too wide) detected at line 7369
\OMS/cmsy/m/n/10 T[] \OT1/cmr/m/n/10 = 128\OML/cmm/m/it/10 ig[] N[] G[] []  G[]
 []  G[] []  G[] []  G[] []  G[] []  G[] []  G[] []
 []


Overfull \hbox (5.93182pt too wide) detected at line 7372
\OMS/cmsy/m/n/10 T[] \OT1/cmr/m/n/10 = 4\OML/cmm/m/it/10 ig[] N[] G[] []  G[] [
]  G[] []  G[] []  G[] []  G[] []  G[] []  G[] []
 []


Overfull \hbox (10.11305pt too wide) detected at line 7375
\OMS/cmsy/m/n/10 T[] \OT1/cmr/m/n/10 = 16\OML/cmm/m/it/10 ig[] N[] G[] []  G[] 
[]  G[] []  G[] []  G[] []  G[] []  G[] []  G[] []
 []


Overfull \hbox (10.11305pt too wide) detected at line 7378
\OMS/cmsy/m/n/10 T[] \OT1/cmr/m/n/10 = 16\OML/cmm/m/it/10 ig[] N[] G[] []  G[] 
[]  G[] []  G[] []  G[] []  G[] []  G[] []  G[] []
 []


Overfull \hbox (9.52577pt too wide) detected at line 7381
\OMS/cmsy/m/n/10 T[] \OT1/cmr/m/n/10 = 64\OML/cmm/m/it/10 ig[] N[] G[] []  G[] 
[]  G[] []  G[] []  G[] []  G[] []  G[] []  G[] []
 []


Overfull \hbox (5.81607pt too wide) detected at line 7384
\OMS/cmsy/m/n/10 T[] \OT1/cmr/m/n/10 = 8\OML/cmm/m/it/10 ig[] N[] G[] []  G[] [
]  G[] []  G[] []  G[] []  G[] []  G[] []  G[] []
 []


Overfull \hbox (10.11305pt too wide) detected at line 7387
\OMS/cmsy/m/n/10 T[] \OT1/cmr/m/n/10 = 32\OML/cmm/m/it/10 ig[] N[] G[] []  G[] 
[]  G[] []  G[] []  G[] []  G[] []  G[] []  G[] []
 []


Overfull \hbox (10.2288pt too wide) detected at line 7390
\OMS/cmsy/m/n/10 T[] \OT1/cmr/m/n/10 = 32\OML/cmm/m/it/10 ig[] N[] G[] []  G[] 
[]  G[] []  G[] []  G[] []  G[] []  G[] []  G[] []
 []


Overfull \hbox (14.52579pt too wide) detected at line 7393
\OMS/cmsy/m/n/10 T[] \OT1/cmr/m/n/10 = 128\OML/cmm/m/it/10 ig[] N[] G[] []  G[]
 []  G[] []  G[] []  G[] []  G[] []  G[] []  G[] []
 []


Overfull \hbox (5.81607pt too wide) detected at line 7396
\OMS/cmsy/m/n/10 T[] \OT1/cmr/m/n/10 = 4\OML/cmm/m/it/10 ig[] N[] G[] []  G[] [
]  G[] []  G[] []  G[] []  G[] []  G[] []  G[] []
 []


Overfull \hbox (9.9973pt too wide) detected at line 7399
\OMS/cmsy/m/n/10 T[] \OT1/cmr/m/n/10 = 16\OML/cmm/m/it/10 ig[] N[] G[] []  G[] 
[]  G[] []  G[] []  G[] []  G[] []  G[] []  G[] []
 []


Overfull \hbox (9.9973pt too wide) detected at line 7402
\OMS/cmsy/m/n/10 T[] \OT1/cmr/m/n/10 = 16\OML/cmm/m/it/10 ig[] N[] G[] []  G[] 
[]  G[] []  G[] []  G[] []  G[] []  G[] []  G[] []
 []


Overfull \hbox (9.41002pt too wide) detected at line 7405
\OMS/cmsy/m/n/10 T[] \OT1/cmr/m/n/10 = 64\OML/cmm/m/it/10 ig[] N[] G[] []  G[] 
[]  G[] []  G[] []  G[] []  G[] []  G[] []  G[] []
 []


Overfull \hbox (10.11305pt too wide) detected at line 7408
\OMS/cmsy/m/n/10 T[] \OT1/cmr/m/n/10 = 32\OML/cmm/m/it/10 ig[] N[] G[] []  G[] 
[]  G[] []  G[] []  G[] []  G[] []  G[] []  G[] []
 []


Overfull \hbox (14.41003pt too wide) detected at line 7411
\OMS/cmsy/m/n/10 T[] \OT1/cmr/m/n/10 = 128\OML/cmm/m/it/10 ig[] N[] G[] []  G[]
 []  G[] []  G[] []  G[] []  G[] []  G[] []  G[] []
 []


Overfull \hbox (10.11305pt too wide) detected at line 7414
\OMS/cmsy/m/n/10 T[] \OT1/cmr/m/n/10 = 32\OML/cmm/m/it/10 ig[] N[] G[] []  G[] 
[]  G[] []  G[] []  G[] []  G[] []  G[] []  G[] []
 []


Overfull \hbox (14.41003pt too wide) detected at line 7417
\OMS/cmsy/m/n/10 T[] \OT1/cmr/m/n/10 = 128\OML/cmm/m/it/10 ig[] N[] G[] []  G[]
 []  G[] []  G[] []  G[] []  G[] []  G[] []  G[] []
 []

[65]
Overfull \hbox (10.11305pt too wide) detected at line 7420
\OMS/cmsy/m/n/10 T[] \OT1/cmr/m/n/10 = 32\OML/cmm/m/it/10 ig[] N[] G[] []  G[] 
[]  G[] []  G[] []  G[] []  G[] []  G[] []  G[] []
 []


Overfull \hbox (14.41003pt too wide) detected at line 7423
\OMS/cmsy/m/n/10 T[] \OT1/cmr/m/n/10 = 128\OML/cmm/m/it/10 ig[] N[] G[] []  G[]
 []  G[] []  G[] []  G[] []  G[] []  G[] []  G[] []
 []


Overfull \hbox (10.11305pt too wide) detected at line 7426
\OMS/cmsy/m/n/10 T[] \OT1/cmr/m/n/10 = 32\OML/cmm/m/it/10 ig[] N[] G[] []  G[] 
[]  G[] []  G[] []  G[] []  G[] []  G[] []  G[] []
 []


Overfull \hbox (14.41003pt too wide) detected at line 7429
\OMS/cmsy/m/n/10 T[] \OT1/cmr/m/n/10 = 128\OML/cmm/m/it/10 ig[] N[] G[] []  G[]
 []  G[] []  G[] []  G[] []  G[] []  G[] []  G[] []
 []


Overfull \hbox (10.11305pt too wide) detected at line 7432
\OMS/cmsy/m/n/10 T[] \OT1/cmr/m/n/10 = 32\OML/cmm/m/it/10 ig[] N[] G[] []  G[] 
[]  G[] []  G[] []  G[] []  G[] []  G[] []  G[] []
 []


Overfull \hbox (9.9973pt too wide) detected at line 7435
\OMS/cmsy/m/n/10 T[] \OT1/cmr/m/n/10 = 32\OML/cmm/m/it/10 ig[] N[] G[] []  G[] 
[]  G[] []  G[] []  G[] []  G[] []  G[] []  G[] []
 []


Overfull \hbox (14.52579pt too wide) detected at line 7438
\OMS/cmsy/m/n/10 T[] \OT1/cmr/m/n/10 = 128\OML/cmm/m/it/10 ig[] N[] G[] []  G[]
 []  G[] []  G[] []  G[] []  G[] []  G[] []  G[] []
 []


Overfull \hbox (14.41003pt too wide) detected at line 7441
\OMS/cmsy/m/n/10 T[] \OT1/cmr/m/n/10 = 128\OML/cmm/m/it/10 ig[] N[] G[] []  G[]
 []  G[] []  G[] []  G[] []  G[] []  G[] []  G[] []
 []


Overfull \hbox (14.52579pt too wide) detected at line 7444
\OMS/cmsy/m/n/10 T[] \OT1/cmr/m/n/10 = 128\OML/cmm/m/it/10 ig[] N[] G[] []  G[]
 []  G[] []  G[] []  G[] []  G[] []  G[] []  G[] []
 []


Overfull \hbox (14.41003pt too wide) detected at line 7447
\OMS/cmsy/m/n/10 T[] \OT1/cmr/m/n/10 = 128\OML/cmm/m/it/10 ig[] N[] G[] []  G[]
 []  G[] []  G[] []  G[] []  G[] []  G[] []  G[] []
 []


Overfull \hbox (14.52579pt too wide) detected at line 7450
\OMS/cmsy/m/n/10 T[] \OT1/cmr/m/n/10 = 128\OML/cmm/m/it/10 ig[] N[] G[] []  G[]
 []  G[] []  G[] []  G[] []  G[] []  G[] []  G[] []
 []


Overfull \hbox (14.41003pt too wide) detected at line 7453
\OMS/cmsy/m/n/10 T[] \OT1/cmr/m/n/10 = 128\OML/cmm/m/it/10 ig[] N[] G[] []  G[]
 []  G[] []  G[] []  G[] []  G[] []  G[] []  G[] []
 []


Overfull \hbox (1.7506pt too wide) detected at line 7456
\OMS/cmsy/m/n/10 T[] \OT1/cmr/m/n/10 = \OML/cmm/m/it/10 ig[] N[] G[] []  G[] []
  G[] []  G[] []  G[] []  G[] []  G[] []  G[] []
 []


Overfull \hbox (1.63484pt too wide) detected at line 7459
\OMS/cmsy/m/n/10 T[] \OT1/cmr/m/n/10 = \OML/cmm/m/it/10 ig[] N[] G[] []  G[] []
  G[] []  G[] []  G[] []  G[] []  G[] []  G[] []
 []


Overfull \hbox (5.93182pt too wide) detected at line 7462
\OMS/cmsy/m/n/10 T[] \OT1/cmr/m/n/10 = 8\OML/cmm/m/it/10 ig[] N[] G[] []  G[] [
]  G[] []  G[] []  G[] []  G[] []  G[] []  G[] []
 []


Overfull \hbox (5.93182pt too wide) detected at line 7465
\OMS/cmsy/m/n/10 T[] \OT1/cmr/m/n/10 = 8\OML/cmm/m/it/10 ig[] N[] G[] []  G[] [
]  G[] []  G[] []  G[] []  G[] []  G[] []  G[] []
 []


Overfull \hbox (5.93182pt too wide) detected at line 7468
\OMS/cmsy/m/n/10 T[] \OT1/cmr/m/n/10 = 4\OML/cmm/m/it/10 ig[] N[] G[] []  G[] [
]  G[] []  G[] []  G[] []  G[] []  G[] []  G[] []
 []


Overfull \hbox (5.93182pt too wide) detected at line 7471
\OMS/cmsy/m/n/10 T[] \OT1/cmr/m/n/10 = 4\OML/cmm/m/it/10 ig[] N[] G[] []  G[] [
]  G[] []  G[] []  G[] []  G[] []  G[] []  G[] []
 []


Overfull \hbox (10.34456pt too wide) detected at line 7474
\OMS/cmsy/m/n/10 T[] \OT1/cmr/m/n/10 = 16\OML/cmm/m/it/10 ig[] N[] G[] []  G[] 
[]  G[] []  G[] []  G[] []  G[] []  G[] []  G[] []
 []


Overfull \hbox (5.81607pt too wide) detected at line 7477
\OMS/cmsy/m/n/10 T[] \OT1/cmr/m/n/10 = 4\OML/cmm/m/it/10 ig[] N[] G[] []  G[] [
]  G[] []  G[] []  G[] []  G[] []  G[] []  G[] []
 []


Overfull \hbox (10.2288pt too wide) detected at line 7480
\OMS/cmsy/m/n/10 T[] \OT1/cmr/m/n/10 = 32\OML/cmm/m/it/10 ig[] N[] G[] []  G[] 
[]  G[] []  G[] []  G[] []  G[] []  G[] []  G[] []
 []


Overfull \hbox (10.2288pt too wide) detected at line 7483
\OMS/cmsy/m/n/10 T[] \OT1/cmr/m/n/10 = 32\OML/cmm/m/it/10 ig[] N[] G[] []  G[] 
[]  G[] []  G[] []  G[] []  G[] []  G[] []  G[] []
 []


Overfull \hbox (5.81607pt too wide) detected at line 7486
\OMS/cmsy/m/n/10 T[] \OT1/cmr/m/n/10 = 4\OML/cmm/m/it/10 ig[] N[] G[] []  G[] [
]  G[] []  G[] []  G[] []  G[] []  G[] []  G[] []
 []


Overfull \hbox (10.2288pt too wide) detected at line 7489
\OMS/cmsy/m/n/10 T[] \OT1/cmr/m/n/10 = 16\OML/cmm/m/it/10 ig[] N[] G[] []  G[] 
[]  G[] []  G[] []  G[] []  G[] []  G[] []  G[] []
 []


Overfull \hbox (1.63484pt too wide) detected at line 7492
\OMS/cmsy/m/n/10 T[] \OT1/cmr/m/n/10 = \OML/cmm/m/it/10 ig[] N[] G[] []  G[] []
  G[] []  G[] []  G[] []  G[] []  G[] []  G[] []
 []


Overfull \hbox (5.93182pt too wide) detected at line 7495
\OMS/cmsy/m/n/10 T[] \OT1/cmr/m/n/10 = 4\OML/cmm/m/it/10 ig[] N[] G[] []  G[] [
]  G[] []  G[] []  G[] []  G[] []  G[] []  G[] []
 []


Overfull \hbox (5.93182pt too wide) detected at line 7498
\OMS/cmsy/m/n/10 T[] \OT1/cmr/m/n/10 = 8\OML/cmm/m/it/10 ig[] N[] G[] []  G[] [
]  G[] []  G[] []  G[] []  G[] []  G[] []  G[] []
 []


Overfull \hbox (5.93182pt too wide) detected at line 7501
\OMS/cmsy/m/n/10 T[] \OT1/cmr/m/n/10 = 8\OML/cmm/m/it/10 ig[] N[] G[] []  G[] [
]  G[] []  G[] []  G[] []  G[] []  G[] []  G[] []
 []


Overfull \hbox (5.81607pt too wide) detected at line 7504
\OMS/cmsy/m/n/10 T[] \OT1/cmr/m/n/10 = 8\OML/cmm/m/it/10 ig[] N[] G[] []  G[] [
]  G[] []  G[] []  G[] []  G[] []  G[] []  G[] []
 []


Overfull \hbox (10.2288pt too wide) detected at line 7507
\OMS/cmsy/m/n/10 T[] \OT1/cmr/m/n/10 = 32\OML/cmm/m/it/10 ig[] N[] G[] []  G[] 
[]  G[] []  G[] []  G[] []  G[] []  G[] []  G[] []
 []


Overfull \hbox (5.81607pt too wide) detected at line 7510
\OMS/cmsy/m/n/10 T[] \OT1/cmr/m/n/10 = 8\OML/cmm/m/it/10 ig[] N[] G[] []  G[] [
]  G[] []  G[] []  G[] []  G[] []  G[] []  G[] []
 []


Overfull \hbox (10.2288pt too wide) detected at line 7513
\OMS/cmsy/m/n/10 T[] \OT1/cmr/m/n/10 = 32\OML/cmm/m/it/10 ig[] N[] G[] []  G[] 
[]  G[] []  G[] []  G[] []  G[] []  G[] []  G[] []
 []


Overfull \hbox (10.2288pt too wide) detected at line 7516
\OMS/cmsy/m/n/10 T[] \OT1/cmr/m/n/10 = 32\OML/cmm/m/it/10 ig[] N[] G[] []  G[] 
[]  G[] []  G[] []  G[] []  G[] []  G[] []  G[] []
 []


Overfull \hbox (10.2288pt too wide) detected at line 7519
\OMS/cmsy/m/n/10 T[] \OT1/cmr/m/n/10 = 32\OML/cmm/m/it/10 ig[] N[] G[] []  G[] 
[]  G[] []  G[] []  G[] []  G[] []  G[] []  G[] []
 []


Overfull \hbox (10.2288pt too wide) detected at line 7522
\OMS/cmsy/m/n/10 T[] \OT1/cmr/m/n/10 = 32\OML/cmm/m/it/10 ig[] N[] G[] []  G[] 
[]  G[] []  G[] []  G[] []  G[] []  G[] []  G[] []
 []


Overfull \hbox (14.64154pt too wide) detected at line 7525
\OMS/cmsy/m/n/10 T[] \OT1/cmr/m/n/10 = 128\OML/cmm/m/it/10 ig[] N[] G[] []  G[]
 []  G[] []  G[] []  G[] []  G[] []  G[] []  G[] []
 []


Overfull \hbox (5.81607pt too wide) detected at line 7528
\OMS/cmsy/m/n/10 T[] \OT1/cmr/m/n/10 = 4\OML/cmm/m/it/10 ig[] N[] G[] []  G[] [
]  G[] []  G[] []  G[] []  G[] []  G[] []  G[] []
 []


Overfull \hbox (5.81607pt too wide) detected at line 7531
\OMS/cmsy/m/n/10 T[] \OT1/cmr/m/n/10 = 4\OML/cmm/m/it/10 ig[] N[] G[] []  G[] [
]  G[] []  G[] []  G[] []  G[] []  G[] []  G[] []
 []

[66]
Overfull \hbox (10.2288pt too wide) detected at line 7534
\OMS/cmsy/m/n/10 T[] \OT1/cmr/m/n/10 = 16\OML/cmm/m/it/10 ig[] N[] G[] []  G[] 
[]  G[] []  G[] []  G[] []  G[] []  G[] []  G[] []
 []


Overfull \hbox (10.2288pt too wide) detected at line 7537
\OMS/cmsy/m/n/10 T[] \OT1/cmr/m/n/10 = 32\OML/cmm/m/it/10 ig[] N[] G[] []  G[] 
[]  G[] []  G[] []  G[] []  G[] []  G[] []  G[] []
 []


Overfull \hbox (10.2288pt too wide) detected at line 7540
\OMS/cmsy/m/n/10 T[] \OT1/cmr/m/n/10 = 32\OML/cmm/m/it/10 ig[] N[] G[] []  G[] 
[]  G[] []  G[] []  G[] []  G[] []  G[] []  G[] []
 []


Overfull \hbox (10.11305pt too wide) detected at line 7543
\OMS/cmsy/m/n/10 T[] \OT1/cmr/m/n/10 = 16\OML/cmm/m/it/10 ig[] N[] G[] []  G[] 
[]  G[] []  G[] []  G[] []  G[] []  G[] []  G[] []
 []


Overfull \hbox (10.11305pt too wide) detected at line 7546
\OMS/cmsy/m/n/10 T[] \OT1/cmr/m/n/10 = 32\OML/cmm/m/it/10 ig[] N[] G[] []  G[] 
[]  G[] []  G[] []  G[] []  G[] []  G[] []  G[] []
 []


Overfull \hbox (14.52579pt too wide) detected at line 7549
\OMS/cmsy/m/n/10 T[] \OT1/cmr/m/n/10 = 128\OML/cmm/m/it/10 ig[] N[] G[] []  G[]
 []  G[] []  G[] []  G[] []  G[] []  G[] []  G[] []
 []


Overfull \hbox (10.11305pt too wide) detected at line 7552
\OMS/cmsy/m/n/10 T[] \OT1/cmr/m/n/10 = 16\OML/cmm/m/it/10 ig[] N[] G[] []  G[] 
[]  G[] []  G[] []  G[] []  G[] []  G[] []  G[] []
 []


Overfull \hbox (9.52577pt too wide) detected at line 7555
\OMS/cmsy/m/n/10 T[] \OT1/cmr/m/n/10 = 64\OML/cmm/m/it/10 ig[] N[] G[] []  G[] 
[]  G[] []  G[] []  G[] []  G[] []  G[] []  G[] []
 []


Overfull \hbox (10.11305pt too wide) detected at line 7558
\OMS/cmsy/m/n/10 T[] \OT1/cmr/m/n/10 = 32\OML/cmm/m/it/10 ig[] N[] G[] []  G[] 
[]  G[] []  G[] []  G[] []  G[] []  G[] []  G[] []
 []


Overfull \hbox (10.11305pt too wide) detected at line 7561
\OMS/cmsy/m/n/10 T[] \OT1/cmr/m/n/10 = 32\OML/cmm/m/it/10 ig[] N[] G[] []  G[] 
[]  G[] []  G[] []  G[] []  G[] []  G[] []  G[] []
 []


Overfull \hbox (10.11305pt too wide) detected at line 7564
\OMS/cmsy/m/n/10 T[] \OT1/cmr/m/n/10 = 32\OML/cmm/m/it/10 ig[] N[] G[] []  G[] 
[]  G[] []  G[] []  G[] []  G[] []  G[] []  G[] []
 []


Overfull \hbox (14.52579pt too wide) detected at line 7567
\OMS/cmsy/m/n/10 T[] \OT1/cmr/m/n/10 = 128\OML/cmm/m/it/10 ig[] N[] G[] []  G[]
 []  G[] []  G[] []  G[] []  G[] []  G[] []  G[] []
 []


Overfull \hbox (10.11305pt too wide) detected at line 7570
\OMS/cmsy/m/n/10 T[] \OT1/cmr/m/n/10 = 32\OML/cmm/m/it/10 ig[] N[] G[] []  G[] 
[]  G[] []  G[] []  G[] []  G[] []  G[] []  G[] []
 []


Overfull \hbox (14.52579pt too wide) detected at line 7573
\OMS/cmsy/m/n/10 T[] \OT1/cmr/m/n/10 = 128\OML/cmm/m/it/10 ig[] N[] G[] []  G[]
 []  G[] []  G[] []  G[] []  G[] []  G[] []  G[] []
 []


Overfull \hbox (1.63484pt too wide) detected at line 7576
\OMS/cmsy/m/n/10 T[] \OT1/cmr/m/n/10 = \OML/cmm/m/it/10 ig[] N[] G[] []  G[] []
  G[] []  G[] []  G[] []  G[] []  G[] []  G[] []
 []


Overfull \hbox (5.93182pt too wide) detected at line 7579
\OMS/cmsy/m/n/10 T[] \OT1/cmr/m/n/10 = 4\OML/cmm/m/it/10 ig[] N[] G[] []  G[] [
]  G[] []  G[] []  G[] []  G[] []  G[] []  G[] []
 []


Overfull \hbox (5.81607pt too wide) detected at line 7582
\OMS/cmsy/m/n/10 T[] \OT1/cmr/m/n/10 = 8\OML/cmm/m/it/10 ig[] N[] G[] []  G[] [
]  G[] []  G[] []  G[] []  G[] []  G[] []  G[] []
 []


Overfull \hbox (10.2288pt too wide) detected at line 7585
\OMS/cmsy/m/n/10 T[] \OT1/cmr/m/n/10 = 32\OML/cmm/m/it/10 ig[] N[] G[] []  G[] 
[]  G[] []  G[] []  G[] []  G[] []  G[] []  G[] []
 []


Overfull \hbox (5.81607pt too wide) detected at line 7588
\OMS/cmsy/m/n/10 T[] \OT1/cmr/m/n/10 = 4\OML/cmm/m/it/10 ig[] N[] G[] []  G[] [
]  G[] []  G[] []  G[] []  G[] []  G[] []  G[] []
 []


Overfull \hbox (5.81607pt too wide) detected at line 7591
\OMS/cmsy/m/n/10 T[] \OT1/cmr/m/n/10 = 4\OML/cmm/m/it/10 ig[] N[] G[] []  G[] [
]  G[] []  G[] []  G[] []  G[] []  G[] []  G[] []
 []


Overfull \hbox (10.2288pt too wide) detected at line 7594
\OMS/cmsy/m/n/10 T[] \OT1/cmr/m/n/10 = 16\OML/cmm/m/it/10 ig[] N[] G[] []  G[] 
[]  G[] []  G[] []  G[] []  G[] []  G[] []  G[] []
 []


Overfull \hbox (10.11305pt too wide) detected at line 7597
\OMS/cmsy/m/n/10 T[] \OT1/cmr/m/n/10 = 16\OML/cmm/m/it/10 ig[] N[] G[] []  G[] 
[]  G[] []  G[] []  G[] []  G[] []  G[] []  G[] []
 []


Overfull \hbox (10.11305pt too wide) detected at line 7600
\OMS/cmsy/m/n/10 T[] \OT1/cmr/m/n/10 = 32\OML/cmm/m/it/10 ig[] N[] G[] []  G[] 
[]  G[] []  G[] []  G[] []  G[] []  G[] []  G[] []
 []


Overfull \hbox (14.52579pt too wide) detected at line 7603
\OMS/cmsy/m/n/10 T[] \OT1/cmr/m/n/10 = 128\OML/cmm/m/it/10 ig[] N[] G[] []  G[]
 []  G[] []  G[] []  G[] []  G[] []  G[] []  G[] []
 []


Overfull \hbox (10.11305pt too wide) detected at line 7606
\OMS/cmsy/m/n/10 T[] \OT1/cmr/m/n/10 = 16\OML/cmm/m/it/10 ig[] N[] G[] []  G[] 
[]  G[] []  G[] []  G[] []  G[] []  G[] []  G[] []
 []


Overfull \hbox (9.52577pt too wide) detected at line 7609
\OMS/cmsy/m/n/10 T[] \OT1/cmr/m/n/10 = 64\OML/cmm/m/it/10 ig[] N[] G[] []  G[] 
[]  G[] []  G[] []  G[] []  G[] []  G[] []  G[] []
 []


Overfull \hbox (5.93182pt too wide) detected at line 7612
\OMS/cmsy/m/n/10 T[] \OT1/cmr/m/n/10 = 4\OML/cmm/m/it/10 ig[] N[] G[] []  G[] [
]  G[] []  G[] []  G[] []  G[] []  G[] []  G[] []
 []


Overfull \hbox (5.81607pt too wide) detected at line 7615
\OMS/cmsy/m/n/10 T[] \OT1/cmr/m/n/10 = 4\OML/cmm/m/it/10 ig[] N[] G[] []  G[] [
]  G[] []  G[] []  G[] []  G[] []  G[] []  G[] []
 []


Overfull \hbox (5.81607pt too wide) detected at line 7618
\OMS/cmsy/m/n/10 T[] \OT1/cmr/m/n/10 = 8\OML/cmm/m/it/10 ig[] N[] G[] []  G[] [
]  G[] []  G[] []  G[] []  G[] []  G[] []  G[] []
 []


Overfull \hbox (10.2288pt too wide) detected at line 7621
\OMS/cmsy/m/n/10 T[] \OT1/cmr/m/n/10 = 32\OML/cmm/m/it/10 ig[] N[] G[] []  G[] 
[]  G[] []  G[] []  G[] []  G[] []  G[] []  G[] []
 []


Overfull \hbox (10.11305pt too wide) detected at line 7624
\OMS/cmsy/m/n/10 T[] \OT1/cmr/m/n/10 = 32\OML/cmm/m/it/10 ig[] N[] G[] []  G[] 
[]  G[] []  G[] []  G[] []  G[] []  G[] []  G[] []
 []


Overfull \hbox (10.11305pt too wide) detected at line 7627
\OMS/cmsy/m/n/10 T[] \OT1/cmr/m/n/10 = 32\OML/cmm/m/it/10 ig[] N[] G[] []  G[] 
[]  G[] []  G[] []  G[] []  G[] []  G[] []  G[] []
 []


Overfull \hbox (10.11305pt too wide) detected at line 7630
\OMS/cmsy/m/n/10 T[] \OT1/cmr/m/n/10 = 32\OML/cmm/m/it/10 ig[] N[] G[] []  G[] 
[]  G[] []  G[] []  G[] []  G[] []  G[] []  G[] []
 []


Overfull \hbox (10.11305pt too wide) detected at line 7633
\OMS/cmsy/m/n/10 T[] \OT1/cmr/m/n/10 = 32\OML/cmm/m/it/10 ig[] N[] G[] []  G[] 
[]  G[] []  G[] []  G[] []  G[] []  G[] []  G[] []
 []


Overfull \hbox (10.11305pt too wide) detected at line 7636
\OMS/cmsy/m/n/10 T[] \OT1/cmr/m/n/10 = 32\OML/cmm/m/it/10 ig[] N[] G[] []  G[] 
[]  G[] []  G[] []  G[] []  G[] []  G[] []  G[] []
 []


Overfull \hbox (14.52579pt too wide) detected at line 7639
\OMS/cmsy/m/n/10 T[] \OT1/cmr/m/n/10 = 128\OML/cmm/m/it/10 ig[] N[] G[] []  G[]
 []  G[] []  G[] []  G[] []  G[] []  G[] []  G[] []
 []


Overfull \hbox (14.52579pt too wide) detected at line 7642
\OMS/cmsy/m/n/10 T[] \OT1/cmr/m/n/10 = 128\OML/cmm/m/it/10 ig[] N[] G[] []  G[]
 []  G[] []  G[] []  G[] []  G[] []  G[] []  G[] []
 []


Overfull \hbox (14.52579pt too wide) detected at line 7645
\OMS/cmsy/m/n/10 T[] \OT1/cmr/m/n/10 = 128\OML/cmm/m/it/10 ig[] N[] G[] []  G[]
 []  G[] []  G[] []  G[] []  G[] []  G[] []  G[] []
 []

[67]
Overfull \hbox (10.11305pt too wide) detected at line 7648
\OMS/cmsy/m/n/10 T[] \OT1/cmr/m/n/10 = 16\OML/cmm/m/it/10 ig[] N[] G[] []  G[] 
[]  G[] []  G[] []  G[] []  G[] []  G[] []  G[] []
 []


Overfull \hbox (10.11305pt too wide) detected at line 7651
\OMS/cmsy/m/n/10 T[] \OT1/cmr/m/n/10 = 16\OML/cmm/m/it/10 ig[] N[] G[] []  G[] 
[]  G[] []  G[] []  G[] []  G[] []  G[] []  G[] []
 []


Overfull \hbox (9.52577pt too wide) detected at line 7654
\OMS/cmsy/m/n/10 T[] \OT1/cmr/m/n/10 = 64\OML/cmm/m/it/10 ig[] N[] G[] []  G[] 
[]  G[] []  G[] []  G[] []  G[] []  G[] []  G[] []
 []


Overfull \hbox (10.11305pt too wide) detected at line 7657
\OMS/cmsy/m/n/10 T[] \OT1/cmr/m/n/10 = 32\OML/cmm/m/it/10 ig[] N[] G[] []  G[] 
[]  G[] []  G[] []  G[] []  G[] []  G[] []  G[] []
 []


Overfull \hbox (14.52579pt too wide) detected at line 7660
\OMS/cmsy/m/n/10 T[] \OT1/cmr/m/n/10 = 128\OML/cmm/m/it/10 ig[] N[] G[] []  G[]
 []  G[] []  G[] []  G[] []  G[] []  G[] []  G[] []
 []


Overfull \hbox (9.9973pt too wide) detected at line 7663
\OMS/cmsy/m/n/10 T[] \OT1/cmr/m/n/10 = 16\OML/cmm/m/it/10 ig[] N[] G[] []  G[] 
[]  G[] []  G[] []  G[] []  G[] []  G[] []  G[] []
 []


Overfull \hbox (14.41003pt too wide) detected at line 7666
\OMS/cmsy/m/n/10 T[] \OT1/cmr/m/n/10 = 128\OML/cmm/m/it/10 ig[] N[] G[] []  G[]
 []  G[] []  G[] []  G[] []  G[] []  G[] []  G[] []
 []


Overfull \hbox (14.41003pt too wide) detected at line 7669
\OMS/cmsy/m/n/10 T[] \OT1/cmr/m/n/10 = 128\OML/cmm/m/it/10 ig[] N[] G[] []  G[]
 []  G[] []  G[] []  G[] []  G[] []  G[] []  G[] []
 []


Overfull \hbox (9.9973pt too wide) detected at line 7672
\OMS/cmsy/m/n/10 T[] \OT1/cmr/m/n/10 = 16\OML/cmm/m/it/10 ig[] N[] G[] []  G[] 
[]  G[] []  G[] []  G[] []  G[] []  G[] []  G[] []
 []


Overfull \hbox (9.41002pt too wide) detected at line 7675
\OMS/cmsy/m/n/10 T[] \OT1/cmr/m/n/10 = 64\OML/cmm/m/it/10 ig[] N[] G[] []  G[] 
[]  G[] []  G[] []  G[] []  G[] []  G[] []  G[] []
 []


Overfull \hbox (9.9973pt too wide) detected at line 7678
\OMS/cmsy/m/n/10 T[] \OT1/cmr/m/n/10 = 32\OML/cmm/m/it/10 ig[] N[] G[] []  G[] 
[]  G[] []  G[] []  G[] []  G[] []  G[] []  G[] []
 []


Overfull \hbox (14.41003pt too wide) detected at line 7681
\OMS/cmsy/m/n/10 T[] \OT1/cmr/m/n/10 = 128\OML/cmm/m/it/10 ig[] N[] G[] []  G[]
 []  G[] []  G[] []  G[] []  G[] []  G[] []  G[] []
 []


Overfull \hbox (14.41003pt too wide) detected at line 7684
\OMS/cmsy/m/n/10 T[] \OT1/cmr/m/n/10 = 128\OML/cmm/m/it/10 ig[] N[] G[] []  G[]
 []  G[] []  G[] []  G[] []  G[] []  G[] []  G[] []
 []


Overfull \hbox (14.41003pt too wide) detected at line 7687
\OMS/cmsy/m/n/10 T[] \OT1/cmr/m/n/10 = 128\OML/cmm/m/it/10 ig[] N[] G[] []  G[]
 []  G[] []  G[] []  G[] []  G[] []  G[] []  G[] []
 []


Overfull \hbox (14.41003pt too wide) detected at line 7690
\OMS/cmsy/m/n/10 T[] \OT1/cmr/m/n/10 = 128\OML/cmm/m/it/10 ig[] N[] G[] []  G[]
 []  G[] []  G[] []  G[] []  G[] []  G[] []  G[] []
 []


Overfull \hbox (14.41003pt too wide) detected at line 7693
\OMS/cmsy/m/n/10 T[] \OT1/cmr/m/n/10 = 128\OML/cmm/m/it/10 ig[] N[] G[] []  G[]
 []  G[] []  G[] []  G[] []  G[] []  G[] []  G[] []
 []

[68] (./commutator_contrib.aux)
 ***********
LaTeX2e <2023-11-01> patch level 1
L3 programming layer <2024-01-22>
 ***********
 ) 
Here is how much of TeX's memory you used:
 1740 strings out of 474222
 26596 string characters out of 5748732
 2004975 words of memory out of 5000000
 24038 multiletter control sequences out of 15000+600000
 560055 words of font info for 43 fonts, out of 8000000 for 9000
 1141 hyphenation exceptions out of 8191
 57i,6n,65p,379b,123s stack positions out of 10000i,1000n,20000p,200000b,200000s
</usr/share/texlive/texmf-dist/fonts/type1/public/amsfonts/cm/cmbx10.pfb></us
r/share/texlive/texmf-dist/fonts/type1/public/amsfonts/cm/cmbx12.pfb></usr/shar
e/texlive/texmf-dist/fonts/type1/public/amsfonts/cm/cmmi10.pfb></usr/share/texl
ive/texmf-dist/fonts/type1/public/amsfonts/cm/cmmi7.pfb></usr/share/texlive/tex
mf-dist/fonts/type1/public/amsfonts/cm/cmr10.pfb></usr/share/texlive/texmf-dist
/fonts/type1/public/amsfonts/cm/cmr5.pfb></usr/share/texlive/texmf-dist/fonts/t
ype1/public/amsfonts/cm/cmr7.pfb></usr/share/texlive/texmf-dist/fonts/type1/pub
lic/amsfonts/cm/cmsy10.pfb></usr/share/texlive/texmf-dist/fonts/type1/public/am
sfonts/cm/cmsy7.pfb>
Output written on commutator_contrib.pdf (68 pages, 289459 bytes).
PDF statistics:
 269 PDF objects out of 1000 (max. 8388607)
 179 compressed objects within 2 object streams
 0 named destinations out of 1000 (max. 500000)
 1 words of extra memory for PDF output out of 10000 (max. 10000000)

